order_id,customer_id,category,order_date,quantity,price,discount,country
ORD000001,238,Toys,2024-10-30,7,225.82,0.15,FR
ORD000002,62,Sports,2023-11-15,6,360.91,0.12,ES
ORD000003,394,Toys,2024-03-04,1,245.52,0.01,ES
ORD000004,324,Clothing,2024-05-13,2,79.66,0.24,BR
ORD000005,402,Home & Garden,2023-03-26,7,365.43,0.36,ES
ORD000006,352,Electronics,2024-07-15,10,267.96,0.2,BR
ORD000007,35,Clothing,2023-01-11,6,385.21,0.12,JP
ORD000008,53,Sports,2024-12-17,4,135.31,0.12,MX
ORD000009,142,Toys,2024-02-19,4,491.58,0.1,US
ORD000010,103,Home & Garden,2023-05-03,8,85.1,0.18,US
ORD000011,261,Automotive,2024-07-26,4,482.73,0.02,SG
ORD000012,497,Home & Garden,2024-09-08,6,49.57,0.09,MX
ORD000013,256,Beauty,2023-05-30,9,135.94,0.38,US
ORD000014,170,Home & Garden,2023-01-31,8,75.5,0.18,SE
ORD000015,379,Automotive,2024-01-18,10,413.21,0.02,JP
ORD000016,243,Automotive,2024-04-12,8,349.86,0.0,IN
ORD000017,460,Clothing,2023-05-03,4,257.72,0.39,FR
ORD000018,217,Automotive,2024-02-14,1,469.89,0.31,IT
ORD000019,359,Toys,2024-01-20,5,93.96,0.11,JP
ORD000020,41,Beauty,2024-09-22,4,185.2,0.13,SG
ORD000021,241,Books,2024-08-18,5,10.72,0.3,UK
ORD000022,216,Electronics,2023-04-07,10,214.29,0.26,ES
ORD000023,296,Books,2024-05-31,7,31.22,0.26,US
ORD000024,384,Clothing,2024-01-03,2,111.91,0.15,MX
ORD000025,2,Books,2023-12-07,3,102.68,0.34,NL
ORD000026,153,Home & Garden,2023-04-29,2,285.36,0.28,BR
ORD000027,226,Toys,2024-06-29,4,148.8,0.29,FR
ORD000028,325,Clothing,2024-09-25,10,46.51,0.08,JP
ORD000029,57,Beauty,2023-05-31,2,337.01,0.12,FR
ORD000030,352,Clothing,2023-01-22,8,88.42,0.14,JP
ORD000031,366,Sports,2024-03-20,1,118.63,0.12,US
ORD000032,269,Beauty,2024-12-17,2,280.3,0.08,SG
ORD000033,391,Toys,2024-05-10,2,488.85,0.27,NL
ORD000034,258,Home & Garden,2023-07-04,5,412.23,0.26,US
ORD000035,500,Books,2024-09-29,1,409.66,0.22,BR
ORD000036,26,Toys,2024-01-28,1,329.01,0.25,JP
ORD000037,232,Home & Garden,2024-01-08,3,152.82,0.39,NL
ORD000038,362,Beauty,2023-02-11,8,296.69,0.03,AU
ORD000039,44,Clothing,2023-02-14,4,400.16,0.27,IN
ORD000040,334,Beauty,2024-02-27,1,94.56,0.32,AU
ORD000041,70,Electronics,2024-08-11,1,478.08,0.17,MX
ORD000042,301,Automotive,2024-07-03,1,406.96,0.12,AU
ORD000043,454,Home & Garden,2024-11-17,10,289.58,0.22,JP
ORD000044,122,Electronics,2024-01-03,5,247.43,0.3,US
ORD000045,98,Automotive,2024-03-29,2,375.41,0.35,ES
ORD000046,307,Clothing,2024-04-02,2,479.37,0.26,DE
ORD000047,182,Automotive,2023-10-05,9,130.49,0.26,AU
ORD000048,397,Toys,2023-01-03,9,50.97,0.36,IT
ORD000049,67,Automotive,2024-09-04,8,320.84,0.21,UK
ORD000050,395,Toys,2023-02-18,6,178.74,0.14,MX
ORD000051,410,Books,2024-12-01,8,147.77,0.08,FR
ORD000052,375,Home & Garden,2024-09-08,5,221.15,0.05,SG
ORD000053,151,Toys,2023-03-17,3,311.74,0.15,BR
ORD000054,363,Home & Garden,2023-03-31,5,100.26,0.01,BR
ORD000055,187,Automotive,2024-06-22,10,237.14,0.26,CA
ORD000056,214,Sports,2024-02-01,4,236.69,0.35,NL
ORD000057,372,Electronics,2024-04-18,3,117.12,0.26,DE
ORD000058,464,Electronics,2023-07-31,7,6.66,0.39,MX
ORD000059,299,Home & Garden,2024-10-07,1,107.58,0.37,SE
ORD000060,489,Electronics,2024-02-01,6,18.82,0.24,JP
ORD000061,298,Books,2024-02-17,2,23.31,0.05,CA
ORD000062,419,Books,2024-12-24,1,289.55,0.08,ES
ORD000063,26,Beauty,2024-07-17,4,495.09,0.14,US
ORD000064,99,Automotive,2024-05-17,8,168.93,0.07,DE
ORD000065,110,Sports,2024-09-24,1,418.0,0.17,BR
ORD000066,160,Beauty,2024-12-24,1,201.63,0.4,CA
ORD000067,138,Automotive,2024-08-16,9,331.73,0.4,ES
ORD000068,350,Automotive,2024-08-11,10,241.61,0.3,UK
ORD000069,498,Electronics,2023-05-20,6,491.13,0.25,DE
ORD000070,87,Home & Garden,2024-09-29,5,319.65,0.34,ES
ORD000071,113,Books,2024-10-05,10,283.24,0.38,JP
ORD000072,464,Books,2024-03-11,3,178.42,0.34,ES
ORD000073,187,Sports,2024-04-19,6,408.39,0.26,UK
ORD000074,350,Electronics,2024-03-31,1,497.91,0.19,JP
ORD000075,97,Clothing,2024-02-02,1,141.47,0.15,DE
ORD000076,450,Clothing,2023-05-14,4,70.85,0.18,NL
ORD000077,237,Automotive,2024-04-25,6,485.91,0.06,FR
ORD000078,437,Automotive,2023-10-04,1,355.91,0.11,IT
ORD000079,1,Toys,2024-01-27,1,35.04,0.31,ES
ORD000080,273,Home & Garden,2024-10-19,2,106.48,0.26,IT
ORD000081,402,Sports,2023-03-21,10,380.79,0.13,DE
ORD000082,72,Toys,2024-11-28,3,457.6,0.21,DE
ORD000083,442,Clothing,2024-02-19,7,37.9,0.15,UK
ORD000084,392,Clothing,2024-11-24,10,63.39,0.1,NL
ORD000085,246,Beauty,2023-05-27,4,70.51,0.04,AU
ORD000086,457,Automotive,2023-02-09,2,465.7,0.21,DE
ORD000087,423,Automotive,2024-03-29,7,465.86,0.25,SG
ORD000088,91,Books,2024-01-20,4,314.26,0.0,FR
ORD000089,3,Beauty,2024-06-20,8,209.86,0.02,BR
ORD000090,121,Toys,2024-03-15,10,282.48,0.07,IT
ORD000091,219,Sports,2024-01-11,10,324.69,0.3,JP
ORD000092,342,Clothing,2024-10-20,4,425.05,0.29,JP
ORD000093,86,Toys,2023-08-25,7,337.21,0.17,ES
ORD000094,149,Electronics,2023-07-18,5,342.52,0.4,UK
ORD000095,196,Sports,2024-08-09,7,486.4,0.2,JP
ORD000096,263,Books,2023-09-14,3,87.88,0.26,SG
ORD000097,212,Electronics,2024-02-16,5,378.25,0.21,IT
ORD000098,215,Books,2024-03-24,2,472.55,0.37,JP
ORD000099,340,Beauty,2023-08-03,3,95.96,0.05,US
ORD000100,334,Beauty,2023-09-17,3,191.15,0.02,IN
ORD000101,402,Clothing,2023-01-30,4,189.54,0.22,CA
ORD000102,477,Toys,2023-07-24,2,429.93,0.26,FR
ORD000103,471,Books,2023-08-27,7,299.96,0.34,IN
ORD000104,429,Home & Garden,2023-01-13,10,316.45,0.2,FR
ORD000105,150,Automotive,2024-08-23,9,302.96,0.07,CA
ORD000106,339,Sports,2024-10-08,8,222.94,0.14,JP
ORD000107,345,Toys,2023-05-10,7,95.89,0.31,US
ORD000108,340,Automotive,2024-03-17,4,28.44,0.11,UK
ORD000109,419,Sports,2023-11-19,10,144.15,0.34,JP
ORD000110,390,Home & Garden,2023-04-04,6,490.16,0.05,FR
ORD000111,201,Books,2023-01-19,7,409.13,0.17,FR
ORD000112,111,Sports,2024-04-29,1,109.1,0.28,CA
ORD000113,281,Beauty,2023-02-28,7,145.86,0.14,IN
ORD000114,296,Automotive,2024-10-12,2,264.75,0.27,UK
ORD000115,344,Sports,2024-07-30,1,333.92,0.39,NL
ORD000116,28,Books,2024-06-12,10,40.72,0.02,FR
ORD000117,40,Sports,2024-09-07,7,38.26,0.01,UK
ORD000118,365,Automotive,2023-03-19,1,323.6,0.24,ES
ORD000119,311,Clothing,2024-04-02,1,305.0,0.38,JP
ORD000120,364,Sports,2023-05-31,8,277.19,0.2,IN
ORD000121,272,Home & Garden,2024-01-15,6,163.46,0.19,AU
ORD000122,412,Toys,2023-09-19,2,247.3,0.09,UK
ORD000123,155,Books,2023-03-31,6,333.76,0.15,CA
ORD000124,264,Home & Garden,2024-06-20,10,120.31,0.0,ES
ORD000125,498,Books,2023-08-09,7,21.57,0.21,AU
ORD000126,488,Automotive,2023-03-31,9,249.3,0.33,IT
ORD000127,41,Home & Garden,2024-10-03,9,353.28,0.31,UK
ORD000128,64,Automotive,2023-04-09,10,103.23,0.18,CA
ORD000129,476,Beauty,2023-05-30,5,185.14,0.17,BR
ORD000130,289,Sports,2023-01-18,10,164.22,0.27,US
ORD000131,319,Books,2024-01-14,5,414.47,0.37,IN
ORD000132,7,Sports,2024-08-25,4,488.4,0.3,AU
ORD000133,30,Clothing,2024-09-13,6,255.19,0.2,SE
ORD000134,348,Home & Garden,2024-06-26,9,202.3,0.36,IN
ORD000135,91,Automotive,2023-12-11,4,314.88,0.4,US
ORD000136,390,Toys,2024-10-11,5,489.1,0.29,SE
ORD000137,391,Beauty,2024-07-14,3,375.06,0.36,IT
ORD000138,478,Sports,2024-10-11,4,40.86,0.38,JP
ORD000139,99,Sports,2023-06-24,2,213.64,0.23,US
ORD000140,190,Sports,2024-03-14,9,103.09,0.12,FR
ORD000141,24,Toys,2023-01-16,9,83.01,0.29,IN
ORD000142,269,Books,2024-01-16,10,342.54,0.07,UK
ORD000143,274,Electronics,2024-10-02,1,371.81,0.13,AU
ORD000144,51,Clothing,2024-06-23,1,246.04,0.16,CA
ORD000145,500,Toys,2024-07-20,10,228.51,0.34,FR
ORD000146,290,Automotive,2023-08-20,9,185.28,0.17,FR
ORD000147,190,Automotive,2023-10-18,3,474.53,0.25,SG
ORD000148,398,Automotive,2024-12-20,5,144.48,0.35,NL
ORD000149,221,Home & Garden,2023-07-15,8,111.93,0.05,JP
ORD000150,363,Books,2023-03-04,4,472.7,0.27,SE
ORD000151,387,Beauty,2023-10-11,8,282.64,0.27,SE
ORD000152,412,Home & Garden,2024-07-14,8,70.53,0.22,DE
ORD000153,300,Sports,2024-01-18,4,400.41,0.36,BR
ORD000154,149,Automotive,2023-02-01,1,311.15,0.21,MX
ORD000155,136,Electronics,2024-04-30,5,402.76,0.06,SG
ORD000156,494,Beauty,2024-06-20,10,303.23,0.27,NL
ORD000157,274,Electronics,2024-03-16,6,432.63,0.17,SG
ORD000158,278,Sports,2023-05-06,2,369.52,0.4,BR
ORD000159,231,Clothing,2023-05-20,1,343.02,0.33,UK
ORD000160,284,Beauty,2023-10-25,10,429.11,0.05,DE
ORD000161,9,Automotive,2023-09-19,1,143.85,0.15,CA
ORD000162,306,Sports,2023-03-16,1,44.8,0.06,SG
ORD000163,54,Automotive,2024-09-19,8,27.47,0.36,SE
ORD000164,277,Toys,2024-11-05,2,99.64,0.01,FR
ORD000165,303,Electronics,2023-04-15,6,234.11,0.16,CA
ORD000166,473,Books,2024-02-15,2,9.71,0.08,FR
ORD000167,75,Books,2023-11-10,10,335.88,0.18,JP
ORD000168,439,Automotive,2023-10-26,2,476.54,0.32,SG
ORD000169,385,Automotive,2024-02-28,3,213.66,0.01,FR
ORD000170,383,Beauty,2023-11-29,3,275.78,0.11,SG
ORD000171,246,Sports,2023-11-26,4,479.04,0.33,NL
ORD000172,422,Electronics,2023-04-15,4,65.59,0.12,SE
ORD000173,43,Beauty,2024-06-02,7,202.22,0.12,AU
ORD000174,243,Home & Garden,2024-02-28,5,493.6,0.11,AU
ORD000175,476,Clothing,2023-02-10,7,75.32,0.27,BR
ORD000176,296,Beauty,2023-10-02,6,441.24,0.35,JP
ORD000177,420,Electronics,2023-06-08,4,207.13,0.15,JP
ORD000178,285,Toys,2023-10-12,9,261.39,0.39,IT
ORD000179,320,Books,2023-03-28,2,413.21,0.06,MX
ORD000180,357,Beauty,2024-03-21,9,492.58,0.35,BR
ORD000181,373,Toys,2024-02-29,1,19.17,0.14,MX
ORD000182,218,Clothing,2024-03-08,6,177.86,0.07,AU
ORD000183,333,Automotive,2023-09-25,1,150.22,0.27,DE
ORD000184,171,Electronics,2024-06-11,6,233.41,0.1,IT
ORD000185,7,Beauty,2024-09-07,4,82.86,0.06,FR
ORD000186,52,Sports,2023-10-31,2,163.32,0.2,SE
ORD000187,311,Home & Garden,2023-11-13,3,311.27,0.07,CA
ORD000188,296,Home & Garden,2024-10-17,5,402.53,0.21,UK
ORD000189,123,Books,2024-03-17,1,480.76,0.37,ES
ORD000190,222,Beauty,2024-01-08,5,134.29,0.0,ES
ORD000191,474,Beauty,2024-06-22,7,487.41,0.15,IN
ORD000192,407,Beauty,2023-08-15,3,155.58,0.25,NL
ORD000193,205,Sports,2023-01-24,4,463.9,0.2,MX
ORD000194,273,Automotive,2024-05-27,5,375.41,0.24,BR
ORD000195,353,Home & Garden,2024-04-16,6,209.54,0.01,AU
ORD000196,358,Home & Garden,2023-11-09,7,486.98,0.21,SE
ORD000197,75,Books,2023-02-03,9,20.44,0.26,US
ORD000198,141,Beauty,2024-11-17,8,393.58,0.24,AU
ORD000199,237,Toys,2024-06-17,4,338.73,0.02,BR
ORD000200,452,Sports,2023-10-09,9,50.67,0.04,IT
ORD000201,53,Clothing,2023-05-27,3,146.64,0.28,AU
ORD000202,362,Books,2024-02-10,8,227.5,0.06,CA
ORD000203,204,Home & Garden,2023-01-16,3,125.65,0.12,NL
ORD000204,202,Sports,2023-11-30,4,467.17,0.18,SE
ORD000205,281,Beauty,2024-12-22,1,82.31,0.18,NL
ORD000206,99,Clothing,2024-06-23,9,282.22,0.02,IN
ORD000207,317,Toys,2024-12-19,3,276.42,0.18,MX
ORD000208,247,Sports,2023-10-17,1,269.89,0.17,SG
ORD000209,198,Clothing,2023-03-05,10,74.29,0.11,UK
ORD000210,74,Clothing,2024-12-05,10,248.55,0.21,AU
ORD000211,80,Books,2024-09-23,2,460.81,0.29,MX
ORD000212,102,Sports,2024-02-15,9,109.28,0.4,US
ORD000213,330,Home & Garden,2023-06-17,4,42.7,0.39,IN
ORD000214,196,Toys,2024-06-23,8,474.8,0.28,SE
ORD000215,6,Clothing,2023-01-15,2,461.66,0.09,SG
ORD000216,437,Home & Garden,2024-10-29,1,281.27,0.33,FR
ORD000217,405,Clothing,2024-05-23,1,444.07,0.13,JP
ORD000218,351,Clothing,2023-05-09,8,487.26,0.08,IN
ORD000219,338,Sports,2023-05-01,4,91.68,0.13,FR
ORD000220,327,Clothing,2023-02-12,2,113.8,0.02,NL
ORD000221,388,Books,2024-07-16,9,269.9,0.16,MX
ORD000222,464,Toys,2023-04-04,4,353.84,0.32,US
ORD000223,487,Sports,2024-01-15,1,406.87,0.0,BR
ORD000224,145,Toys,2023-09-19,9,249.23,0.0,US
ORD000225,164,Toys,2024-02-05,7,17.52,0.07,AU
ORD000226,84,Automotive,2024-05-22,7,41.54,0.08,US
ORD000227,267,Automotive,2023-06-03,1,419.48,0.26,IT
ORD000228,208,Home & Garden,2023-05-27,2,284.09,0.06,SG
ORD000229,317,Sports,2023-09-04,8,32.47,0.16,JP
ORD000230,310,Electronics,2024-11-13,8,349.35,0.26,US
ORD000231,293,Beauty,2023-11-21,10,317.4,0.1,IN
ORD000232,8,Sports,2023-07-07,9,216.26,0.07,IN
ORD000233,317,Automotive,2024-01-15,3,430.29,0.35,SG
ORD000234,73,Electronics,2023-05-12,6,150.69,0.09,MX
ORD000235,471,Home & Garden,2024-07-12,5,379.83,0.36,JP
ORD000236,19,Sports,2023-08-22,5,169.09,0.38,AU
ORD000237,242,Clothing,2024-12-18,6,281.25,0.37,JP
ORD000238,198,Books,2024-04-04,9,497.98,0.19,SE
ORD000239,431,Books,2024-03-22,3,308.75,0.29,NL
ORD000240,5,Toys,2023-08-01,6,283.97,0.1,NL
ORD000241,316,Toys,2023-05-11,1,288.08,0.03,ES
ORD000242,412,Toys,2023-02-26,6,349.66,0.21,MX
ORD000243,392,Books,2024-09-16,1,402.25,0.04,DE
ORD000244,147,Clothing,2024-12-16,9,398.63,0.31,SE
ORD000245,164,Clothing,2023-06-07,4,383.37,0.2,JP
ORD000246,107,Beauty,2024-12-26,3,173.1,0.03,US
ORD000247,165,Clothing,2024-03-25,3,125.39,0.29,CA
ORD000248,213,Beauty,2024-07-28,3,204.78,0.19,NL
ORD000249,468,Books,2024-12-22,6,262.72,0.19,MX
ORD000250,446,Sports,2024-12-12,4,407.23,0.23,BR
ORD000251,417,Clothing,2024-02-19,1,264.81,0.32,AU
ORD000252,202,Beauty,2024-01-20,2,187.5,0.06,NL
ORD000253,254,Automotive,2024-05-08,7,271.38,0.05,MX
ORD000254,253,Automotive,2023-06-10,4,42.32,0.07,DE
ORD000255,231,Electronics,2023-10-11,2,271.83,0.12,JP
ORD000256,99,Automotive,2024-08-27,7,261.68,0.3,ES
ORD000257,126,Clothing,2023-03-22,1,297.64,0.24,JP
ORD000258,291,Sports,2023-12-02,7,433.03,0.02,NL
ORD000259,104,Automotive,2023-08-19,3,286.87,0.33,SG
ORD000260,38,Toys,2024-03-01,6,283.89,0.02,FR
ORD000261,113,Beauty,2023-05-19,7,341.91,0.08,SE
ORD000262,456,Clothing,2024-11-08,5,485.46,0.36,NL
ORD000263,471,Automotive,2024-07-31,2,364.54,0.14,SG
ORD000264,28,Toys,2023-03-01,8,102.51,0.14,IT
ORD000265,134,Automotive,2023-08-26,8,220.2,0.08,MX
ORD000266,402,Electronics,2023-02-01,3,72.59,0.07,JP
ORD000267,224,Home & Garden,2023-03-31,7,22.31,0.01,IT
ORD000268,107,Beauty,2023-11-06,1,410.69,0.34,NL
ORD000269,341,Electronics,2023-08-29,4,181.69,0.29,DE
ORD000270,327,Clothing,2024-01-16,9,137.63,0.15,AU
ORD000271,323,Beauty,2023-08-01,1,245.53,0.3,UK
ORD000272,193,Automotive,2023-08-31,4,107.25,0.11,JP
ORD000273,386,Books,2024-11-30,10,29.33,0.14,FR
ORD000274,121,Clothing,2024-09-30,5,336.45,0.35,CA
ORD000275,190,Electronics,2023-01-10,3,114.38,0.09,AU
ORD000276,451,Beauty,2024-03-15,8,19.07,0.34,US
ORD000277,167,Beauty,2023-04-14,7,370.56,0.1,UK
ORD000278,61,Toys,2024-07-30,5,474.01,0.36,ES
ORD000279,252,Electronics,2024-09-02,7,63.47,0.09,IN
ORD000280,338,Books,2024-04-27,8,235.84,0.12,CA
ORD000281,318,Clothing,2024-05-06,6,109.05,0.22,IN
ORD000282,129,Sports,2024-09-13,2,27.1,0.08,UK
ORD000283,498,Toys,2023-03-16,6,199.93,0.01,MX
ORD000284,370,Beauty,2024-05-31,9,402.17,0.12,SE
ORD000285,294,Clothing,2023-03-29,3,158.89,0.17,SE
ORD000286,371,Sports,2023-01-31,1,53.23,0.0,FR
ORD000287,384,Electronics,2024-04-11,6,303.75,0.31,SE
ORD000288,288,Clothing,2023-07-18,4,421.25,0.11,FR
ORD000289,463,Toys,2023-02-03,9,176.55,0.07,MX
ORD000290,144,Sports,2023-02-16,7,227.55,0.25,FR
ORD000291,2,Books,2024-12-16,8,89.5,0.35,SE
ORD000292,294,Home & Garden,2023-06-12,5,495.67,0.18,MX
ORD000293,128,Automotive,2023-10-25,3,483.19,0.17,FR
ORD000294,412,Books,2023-07-14,7,401.84,0.2,AU
ORD000295,2,Electronics,2024-11-13,8,41.8,0.06,BR
ORD000296,393,Electronics,2023-02-23,3,154.52,0.12,US
ORD000297,452,Books,2024-02-01,7,103.18,0.18,SE
ORD000298,464,Sports,2023-12-15,10,63.8,0.4,BR
ORD000299,194,Automotive,2024-05-20,5,213.93,0.16,SG
ORD000300,409,Sports,2024-10-17,3,212.21,0.02,IT
ORD000301,291,Electronics,2023-01-01,5,479.78,0.1,SG
ORD000302,12,Clothing,2023-01-13,5,365.12,0.37,JP
ORD000303,242,Automotive,2023-10-03,6,44.93,0.34,NL
ORD000304,359,Clothing,2023-10-21,7,31.41,0.25,IT
ORD000305,377,Beauty,2024-10-12,8,475.21,0.21,UK
ORD000306,190,Beauty,2023-07-23,8,402.94,0.26,BR
ORD000307,185,Clothing,2024-09-11,7,25.45,0.38,ES
ORD000308,324,Sports,2023-03-07,7,429.81,0.18,SG
ORD000309,7,Sports,2023-02-26,9,248.53,0.32,UK
ORD000310,426,Electronics,2024-06-27,3,373.7,0.35,MX
ORD000311,180,Electronics,2024-07-10,9,294.18,0.08,NL
ORD000312,293,Clothing,2023-03-10,2,343.22,0.15,AU
ORD000313,236,Automotive,2024-12-25,10,167.14,0.29,DE
ORD000314,200,Electronics,2023-02-28,6,262.69,0.09,SG
ORD000315,203,Automotive,2024-10-07,9,103.48,0.13,ES
ORD000316,389,Sports,2023-05-22,10,201.95,0.14,AU
ORD000317,137,Books,2023-01-17,1,52.23,0.39,NL
ORD000318,476,Books,2024-09-15,6,332.77,0.28,UK
ORD000319,49,Automotive,2023-05-15,4,35.45,0.21,DE
ORD000320,210,Home & Garden,2024-01-22,2,152.36,0.18,FR
ORD000321,15,Books,2024-08-26,4,56.08,0.27,US
ORD000322,198,Automotive,2023-04-23,7,334.83,0.36,ES
ORD000323,456,Sports,2024-06-24,7,237.39,0.09,ES
ORD000324,281,Toys,2024-01-24,1,186.1,0.3,IN
ORD000325,33,Clothing,2023-07-06,6,240.31,0.1,BR
ORD000326,341,Automotive,2023-01-31,7,85.65,0.31,SE
ORD000327,199,Electronics,2023-07-11,10,446.22,0.3,AU
ORD000328,62,Automotive,2023-11-07,3,177.19,0.28,IN
ORD000329,40,Books,2023-09-26,7,337.41,0.11,AU
ORD000330,220,Electronics,2024-06-07,8,473.15,0.4,US
ORD000331,56,Home & Garden,2023-10-27,6,67.53,0.13,UK
ORD000332,326,Home & Garden,2023-10-05,3,340.42,0.35,AU
ORD000333,324,Clothing,2024-08-15,9,9.85,0.07,ES
ORD000334,441,Beauty,2023-12-05,2,474.56,0.15,NL
ORD000335,462,Sports,2024-12-20,8,173.28,0.01,SE
ORD000336,467,Electronics,2024-02-24,10,149.52,0.04,CA
ORD000337,175,Automotive,2024-11-15,2,157.64,0.18,DE
ORD000338,128,Home & Garden,2024-10-06,7,495.04,0.33,MX
ORD000339,373,Beauty,2023-10-30,5,152.36,0.27,BR
ORD000340,213,Electronics,2024-03-23,8,456.27,0.23,UK
ORD000341,391,Home & Garden,2023-04-13,10,449.98,0.01,ES
ORD000342,414,Toys,2024-01-20,3,428.39,0.33,IT
ORD000343,321,Home & Garden,2023-11-06,8,84.32,0.13,CA
ORD000344,236,Electronics,2023-12-20,10,331.91,0.22,DE
ORD000345,435,Beauty,2023-05-15,1,193.66,0.33,SG
ORD000346,255,Sports,2024-09-24,9,239.56,0.02,BR
ORD000347,94,Sports,2023-02-28,1,82.13,0.13,CA
ORD000348,56,Clothing,2024-07-24,2,488.74,0.38,IT
ORD000349,38,Home & Garden,2024-11-20,8,137.19,0.04,SG
ORD000350,53,Beauty,2023-03-19,9,430.1,0.15,IT
ORD000351,229,Books,2023-11-13,8,35.75,0.36,UK
ORD000352,295,Clothing,2024-03-03,2,397.4,0.05,IN
ORD000353,268,Automotive,2024-12-24,9,399.62,0.27,US
ORD000354,183,Books,2024-09-23,3,134.9,0.28,IN
ORD000355,187,Home & Garden,2023-10-30,3,286.31,0.1,JP
ORD000356,262,Electronics,2024-12-07,8,153.04,0.06,SG
ORD000357,461,Books,2023-08-30,9,110.04,0.3,US
ORD000358,363,Automotive,2023-09-06,8,311.4,0.09,SG
ORD000359,62,Automotive,2024-01-05,10,364.31,0.31,ES
ORD000360,138,Automotive,2024-07-23,3,358.02,0.36,CA
ORD000361,467,Toys,2023-05-21,6,420.2,0.02,IT
ORD000362,432,Toys,2024-06-26,6,359.32,0.11,ES
ORD000363,212,Automotive,2023-01-02,6,194.92,0.29,US
ORD000364,129,Electronics,2023-07-11,10,489.72,0.23,SE
ORD000365,417,Books,2024-12-12,3,478.17,0.21,UK
ORD000366,416,Electronics,2024-04-24,2,229.24,0.19,BR
ORD000367,189,Automotive,2023-12-04,3,485.74,0.38,IN
ORD000368,46,Sports,2024-06-18,1,491.66,0.31,IN
ORD000369,255,Beauty,2023-11-14,1,373.3,0.22,SG
ORD000370,310,Sports,2023-03-19,4,404.92,0.13,US
ORD000371,345,Toys,2023-12-30,3,62.37,0.01,NL
ORD000372,454,Toys,2024-11-28,10,139.51,0.27,NL
ORD000373,237,Automotive,2023-07-18,2,66.47,0.06,AU
ORD000374,456,Beauty,2023-02-08,4,81.68,0.06,DE
ORD000375,438,Home & Garden,2024-06-25,7,389.94,0.04,CA
ORD000376,23,Toys,2023-11-28,7,107.11,0.35,ES
ORD000377,269,Sports,2023-09-02,1,192.72,0.23,IT
ORD000378,74,Clothing,2023-12-22,6,221.61,0.32,MX
ORD000379,10,Sports,2024-11-09,10,39.77,0.01,CA
ORD000380,20,Books,2023-07-02,3,431.47,0.19,SE
ORD000381,400,Beauty,2023-05-27,10,423.77,0.25,IT
ORD000382,433,Automotive,2024-01-25,9,15.45,0.37,US
ORD000383,248,Toys,2023-12-05,4,298.53,0.24,US
ORD000384,492,Clothing,2023-04-20,4,301.66,0.05,IT
ORD000385,337,Automotive,2024-02-28,10,314.79,0.28,NL
ORD000386,24,Books,2024-02-24,6,133.78,0.14,IT
ORD000387,162,Home & Garden,2024-03-17,5,89.54,0.1,DE
ORD000388,331,Toys,2023-10-29,5,48.77,0.34,NL
ORD000389,350,Sports,2023-07-31,9,362.29,0.22,AU
ORD000390,357,Beauty,2023-08-28,2,249.21,0.2,IT
ORD000391,362,Home & Garden,2024-09-01,7,308.7,0.34,IT
ORD000392,311,Toys,2024-04-01,1,281.47,0.38,CA
ORD000393,500,Beauty,2023-10-18,1,330.99,0.26,FR
ORD000394,299,Sports,2024-03-23,2,354.49,0.34,ES
ORD000395,183,Toys,2023-09-13,8,110.54,0.17,SG
ORD000396,95,Beauty,2024-09-21,9,345.85,0.36,MX
ORD000397,110,Automotive,2024-06-15,7,142.35,0.29,AU
ORD000398,217,Sports,2023-03-15,5,19.67,0.36,AU
ORD000399,241,Automotive,2023-02-11,9,410.53,0.35,BR
ORD000400,50,Home & Garden,2023-01-25,3,377.29,0.14,ES
ORD000401,346,Sports,2023-01-21,8,377.74,0.35,NL
ORD000402,198,Clothing,2023-12-29,7,191.6,0.22,NL
ORD000403,241,Electronics,2023-05-13,8,388.13,0.32,SG
ORD000404,344,Home & Garden,2024-05-07,3,149.2,0.28,JP
ORD000405,431,Sports,2023-12-19,7,153.21,0.37,SE
ORD000406,283,Home & Garden,2023-03-10,2,186.76,0.28,IT
ORD000407,482,Toys,2023-01-05,9,363.41,0.29,SE
ORD000408,355,Books,2023-01-27,1,128.65,0.4,US
ORD000409,490,Electronics,2024-01-25,8,42.71,0.35,IT
ORD000410,208,Toys,2024-03-04,6,134.05,0.24,SG
ORD000411,63,Clothing,2023-09-15,8,232.84,0.3,UK
ORD000412,122,Books,2023-02-27,1,163.53,0.1,SG
ORD000413,122,Beauty,2024-11-13,2,361.53,0.22,FR
ORD000414,168,Electronics,2023-10-24,4,44.22,0.39,JP
ORD000415,148,Home & Garden,2023-11-10,10,330.03,0.07,IT
ORD000416,251,Toys,2023-10-06,5,161.01,0.36,UK
ORD000417,465,Automotive,2023-02-13,9,96.81,0.3,MX
ORD000418,56,Books,2024-06-02,4,121.21,0.12,IT
ORD000419,391,Books,2024-04-30,6,104.08,0.38,MX
ORD000420,284,Clothing,2023-05-01,5,431.3,0.17,CA
ORD000421,61,Automotive,2023-07-16,10,151.94,0.19,UK
ORD000422,400,Clothing,2024-02-04,5,407.52,0.19,MX
ORD000423,220,Toys,2023-10-03,6,149.32,0.08,FR
ORD000424,333,Beauty,2024-12-29,3,7.84,0.26,DE
ORD000425,465,Toys,2023-12-29,6,9.37,0.21,MX
ORD000426,75,Sports,2024-10-06,6,187.65,0.39,CA
ORD000427,104,Sports,2023-05-30,9,427.96,0.31,JP
ORD000428,92,Books,2024-02-11,6,298.3,0.18,SE
ORD000429,277,Sports,2023-08-23,4,341.67,0.36,MX
ORD000430,490,Beauty,2024-11-13,7,210.84,0.37,FR
ORD000431,345,Toys,2024-02-07,8,142.0,0.23,FR
ORD000432,293,Clothing,2024-04-22,3,323.6,0.38,SG
ORD000433,33,Clothing,2023-02-25,9,292.24,0.21,BR
ORD000434,168,Toys,2023-12-23,4,23.2,0.09,IN
ORD000435,216,Home & Garden,2024-02-28,9,279.22,0.21,US
ORD000436,245,Home & Garden,2023-07-31,4,317.57,0.19,AU
ORD000437,460,Automotive,2024-06-21,7,187.99,0.21,US
ORD000438,176,Clothing,2023-12-07,4,174.91,0.07,CA
ORD000439,6,Automotive,2024-02-14,3,394.98,0.08,CA
ORD000440,212,Sports,2023-09-21,2,189.2,0.16,DE
ORD000441,317,Automotive,2024-05-08,8,147.5,0.3,US
ORD000442,192,Home & Garden,2023-03-17,5,393.63,0.09,SE
ORD000443,438,Beauty,2024-01-05,1,492.5,0.03,IN
ORD000444,400,Clothing,2024-10-15,3,97.27,0.11,JP
ORD000445,215,Beauty,2023-06-21,7,192.93,0.16,CA
ORD000446,455,Clothing,2024-09-25,8,7.29,0.02,IN
ORD000447,130,Automotive,2024-10-08,8,245.94,0.16,JP
ORD000448,464,Sports,2023-06-18,10,145.71,0.23,DE
ORD000449,364,Beauty,2023-02-28,9,413.85,0.33,UK
ORD000450,81,Automotive,2024-07-12,4,458.38,0.19,CA
ORD000451,184,Electronics,2024-11-30,4,63.38,0.29,IN
ORD000452,332,Books,2023-07-06,3,432.71,0.27,SG
ORD000453,168,Sports,2024-10-28,8,112.19,0.22,DE
ORD000454,403,Electronics,2023-06-01,8,158.12,0.22,DE
ORD000455,131,Electronics,2023-09-20,6,443.55,0.12,IN
ORD000456,458,Toys,2024-10-08,8,186.42,0.06,SE
ORD000457,481,Clothing,2023-08-10,7,14.32,0.21,DE
ORD000458,51,Home & Garden,2024-07-05,9,31.58,0.11,JP
ORD000459,373,Toys,2023-04-18,7,172.8,0.15,MX
ORD000460,334,Beauty,2023-10-04,6,442.89,0.3,SG
ORD000461,70,Automotive,2024-11-17,2,49.8,0.27,DE
ORD000462,329,Electronics,2023-06-15,6,102.6,0.06,IN
ORD000463,149,Electronics,2024-05-27,8,483.86,0.05,US
ORD000464,406,Electronics,2024-11-02,10,209.26,0.34,AU
ORD000465,449,Beauty,2024-07-27,1,437.08,0.16,SG
ORD000466,1,Electronics,2024-11-23,3,195.38,0.07,MX
ORD000467,415,Home & Garden,2024-11-19,10,262.03,0.25,IT
ORD000468,491,Electronics,2023-03-24,10,473.78,0.39,MX
ORD000469,177,Beauty,2024-03-15,2,478.44,0.24,ES
ORD000470,491,Beauty,2023-11-08,3,87.76,0.24,DE
ORD000471,355,Toys,2024-05-13,10,340.31,0.36,US
ORD000472,284,Automotive,2024-06-26,1,215.55,0.08,MX
ORD000473,51,Sports,2023-06-29,3,79.97,0.22,MX
ORD000474,249,Toys,2024-08-06,10,18.72,0.1,IN
ORD000475,75,Home & Garden,2023-10-26,5,256.84,0.27,JP
ORD000476,145,Automotive,2024-04-24,9,52.3,0.23,UK
ORD000477,451,Books,2023-11-09,6,469.54,0.34,SE
ORD000478,56,Clothing,2023-09-10,3,129.46,0.23,DE
ORD000479,272,Sports,2024-05-21,5,223.26,0.24,IT
ORD000480,490,Clothing,2024-01-31,7,364.82,0.19,AU
ORD000481,69,Toys,2024-09-14,8,256.78,0.02,FR
ORD000482,95,Sports,2024-07-27,5,192.4,0.19,US
ORD000483,246,Home & Garden,2024-09-25,7,317.01,0.02,DE
ORD000484,249,Electronics,2024-07-13,2,103.65,0.25,IT
ORD000485,232,Home & Garden,2024-10-31,4,248.42,0.09,FR
ORD000486,112,Sports,2023-04-25,8,481.79,0.01,MX
ORD000487,499,Sports,2024-04-12,8,393.66,0.3,MX
ORD000488,54,Electronics,2023-03-02,9,171.33,0.13,DE
ORD000489,8,Electronics,2023-12-31,5,456.83,0.26,IN
ORD000490,123,Beauty,2024-09-20,6,438.18,0.27,JP
ORD000491,370,Clothing,2024-06-13,7,140.09,0.2,SG
ORD000492,65,Automotive,2024-03-01,1,467.48,0.0,NL
ORD000493,379,Clothing,2024-05-21,8,245.75,0.32,ES
ORD000494,198,Books,2023-05-07,3,466.8,0.15,AU
ORD000495,388,Beauty,2024-11-10,7,277.53,0.1,UK
ORD000496,108,Electronics,2023-06-05,9,53.78,0.3,CA
ORD000497,389,Automotive,2023-05-02,1,74.74,0.32,SG
ORD000498,1,Electronics,2023-04-13,4,251.93,0.33,AU
ORD000499,355,Clothing,2024-11-14,8,18.26,0.31,ES
ORD000500,12,Books,2023-12-03,2,385.58,0.07,UK
ORD000501,212,Toys,2024-01-25,5,157.98,0.31,US
ORD000502,353,Sports,2023-10-04,8,21.46,0.1,IN
ORD000503,25,Home & Garden,2023-01-20,2,326.42,0.12,SE
ORD000504,462,Sports,2023-02-18,10,305.19,0.1,NL
ORD000505,484,Sports,2023-01-12,2,68.52,0.09,MX
ORD000506,346,Beauty,2024-01-29,8,95.53,0.23,DE
ORD000507,122,Home & Garden,2023-05-22,3,373.24,0.25,AU
ORD000508,356,Automotive,2023-10-21,5,80.63,0.3,FR
ORD000509,153,Home & Garden,2023-12-03,9,9.18,0.08,US
ORD000510,332,Beauty,2024-01-24,10,499.85,0.19,UK
ORD000511,77,Toys,2024-10-13,7,149.34,0.24,NL
ORD000512,308,Home & Garden,2023-02-01,3,446.17,0.15,US
ORD000513,166,Books,2023-12-27,1,210.54,0.09,FR
ORD000514,294,Sports,2023-04-07,7,481.6,0.03,AU
ORD000515,164,Electronics,2024-11-07,9,218.35,0.11,JP
ORD000516,137,Books,2024-10-31,4,376.15,0.21,SE
ORD000517,180,Sports,2023-04-13,7,483.02,0.07,SG
ORD000518,438,Books,2023-03-27,3,145.45,0.35,SG
ORD000519,202,Electronics,2023-03-22,6,20.66,0.28,ES
ORD000520,346,Sports,2023-03-13,2,227.62,0.04,UK
ORD000521,334,Automotive,2023-04-26,9,382.07,0.08,BR
ORD000522,301,Home & Garden,2023-04-24,9,284.61,0.02,ES
ORD000523,486,Books,2023-04-30,8,418.61,0.34,AU
ORD000524,23,Toys,2023-04-19,1,137.74,0.09,NL
ORD000525,262,Electronics,2023-10-03,6,39.55,0.39,MX
ORD000526,488,Automotive,2023-07-05,5,115.12,0.39,MX
ORD000527,498,Home & Garden,2023-11-01,8,118.99,0.1,MX
ORD000528,222,Beauty,2024-10-14,8,171.61,0.37,CA
ORD000529,28,Books,2023-09-14,1,160.01,0.14,FR
ORD000530,179,Clothing,2023-07-29,10,121.69,0.13,UK
ORD000531,188,Toys,2024-10-29,6,66.17,0.36,NL
ORD000532,182,Books,2023-08-23,1,263.78,0.24,NL
ORD000533,16,Toys,2023-03-31,4,357.42,0.27,UK
ORD000534,462,Toys,2024-03-27,8,454.7,0.17,DE
ORD000535,299,Toys,2023-07-25,3,142.22,0.21,FR
ORD000536,191,Beauty,2024-01-15,6,332.3,0.31,MX
ORD000537,490,Home & Garden,2024-07-14,5,266.6,0.07,DE
ORD000538,425,Automotive,2024-02-17,4,442.63,0.4,US
ORD000539,107,Beauty,2024-08-13,4,349.35,0.32,MX
ORD000540,92,Home & Garden,2023-09-09,6,96.37,0.11,US
ORD000541,359,Electronics,2023-05-04,2,137.56,0.28,US
ORD000542,439,Electronics,2023-10-16,7,314.48,0.01,US
ORD000543,382,Home & Garden,2023-10-28,10,377.07,0.3,SG
ORD000544,413,Electronics,2024-06-06,8,44.87,0.32,SG
ORD000545,52,Automotive,2024-05-16,1,325.3,0.06,MX
ORD000546,85,Home & Garden,2023-08-14,5,90.18,0.12,IN
ORD000547,217,Home & Garden,2024-11-09,9,471.8,0.26,SE
ORD000548,296,Sports,2023-07-21,7,482.09,0.28,UK
ORD000549,70,Automotive,2024-12-28,8,430.44,0.03,UK
ORD000550,31,Sports,2023-01-24,7,431.09,0.17,JP
ORD000551,177,Toys,2024-05-06,1,480.79,0.19,FR
ORD000552,355,Sports,2024-03-28,8,147.31,0.27,JP
ORD000553,404,Home & Garden,2024-03-02,4,264.16,0.14,ES
ORD000554,409,Electronics,2024-07-22,1,72.14,0.14,US
ORD000555,146,Toys,2024-03-07,7,231.34,0.09,NL
ORD000556,146,Home & Garden,2024-03-21,7,57.69,0.36,SE
ORD000557,467,Automotive,2024-10-02,2,347.67,0.04,CA
ORD000558,79,Clothing,2023-05-17,8,43.37,0.2,SE
ORD000559,389,Beauty,2024-01-23,8,430.62,0.06,IT
ORD000560,3,Toys,2024-06-03,4,426.67,0.01,CA
ORD000561,132,Clothing,2023-08-13,4,483.01,0.28,NL
ORD000562,96,Sports,2023-06-10,9,19.44,0.07,SG
ORD000563,214,Beauty,2023-04-05,2,410.39,0.23,CA
ORD000564,55,Toys,2023-07-11,7,150.66,0.25,ES
ORD000565,309,Clothing,2024-05-01,7,102.75,0.39,AU
ORD000566,221,Toys,2024-03-24,3,376.76,0.17,BR
ORD000567,304,Electronics,2023-05-06,3,65.3,0.03,IN
ORD000568,364,Clothing,2023-12-25,6,438.63,0.18,US
ORD000569,282,Home & Garden,2023-06-06,4,438.4,0.05,ES
ORD000570,262,Electronics,2024-11-14,1,280.63,0.21,US
ORD000571,189,Sports,2024-06-12,5,214.82,0.19,AU
ORD000572,330,Clothing,2023-05-07,8,445.39,0.18,MX
ORD000573,473,Books,2023-07-31,5,357.9,0.32,UK
ORD000574,73,Sports,2024-09-14,8,21.89,0.15,CA
ORD000575,44,Beauty,2024-02-11,8,209.53,0.3,BR
ORD000576,400,Clothing,2023-09-17,6,218.3,0.31,CA
ORD000577,317,Books,2024-03-12,7,428.92,0.15,US
ORD000578,290,Home & Garden,2023-10-12,1,442.07,0.13,BR
ORD000579,18,Electronics,2024-10-27,9,274.51,0.01,BR
ORD000580,219,Clothing,2024-09-29,2,61.45,0.31,US
ORD000581,278,Home & Garden,2023-04-28,8,306.87,0.29,CA
ORD000582,377,Home & Garden,2024-05-09,8,233.44,0.06,BR
ORD000583,93,Toys,2024-09-03,10,214.91,0.06,IT
ORD000584,300,Beauty,2023-06-04,4,492.25,0.31,FR
ORD000585,43,Books,2024-09-28,4,497.93,0.05,DE
ORD000586,405,Clothing,2023-11-03,3,208.33,0.32,CA
ORD000587,27,Automotive,2023-08-13,6,467.67,0.09,ES
ORD000588,285,Books,2024-12-19,3,126.82,0.19,CA
ORD000589,478,Electronics,2024-05-17,9,101.58,0.08,SE
ORD000590,176,Automotive,2023-08-01,7,330.41,0.1,US
ORD000591,65,Sports,2024-01-22,9,253.22,0.23,ES
ORD000592,325,Automotive,2024-04-14,5,374.4,0.34,SG
ORD000593,180,Beauty,2024-06-03,9,60.27,0.24,CA
ORD000594,333,Toys,2023-06-02,2,244.3,0.08,CA
ORD000595,236,Beauty,2024-03-26,5,342.79,0.22,BR
ORD000596,175,Clothing,2024-09-10,7,253.52,0.07,MX
ORD000597,13,Toys,2024-08-09,5,147.44,0.21,NL
ORD000598,185,Clothing,2023-08-03,8,253.39,0.09,SE
ORD000599,463,Electronics,2024-12-09,1,295.1,0.31,ES
ORD000600,495,Beauty,2023-01-10,9,277.87,0.34,AU
ORD000601,8,Electronics,2024-07-22,2,285.54,0.25,US
ORD000602,99,Electronics,2023-08-20,2,224.73,0.16,JP
ORD000603,456,Home & Garden,2024-11-18,5,169.51,0.34,US
ORD000604,416,Books,2024-09-20,8,40.78,0.15,ES
ORD000605,16,Automotive,2024-10-05,4,28.95,0.14,UK
ORD000606,213,Toys,2023-07-03,9,269.69,0.05,UK
ORD000607,206,Electronics,2024-08-04,3,430.23,0.35,IN
ORD000608,493,Clothing,2023-08-31,8,394.11,0.06,BR
ORD000609,392,Beauty,2023-11-23,2,270.9,0.38,DE
ORD000610,386,Beauty,2024-10-22,7,321.9,0.29,BR
ORD000611,13,Beauty,2024-06-09,8,488.36,0.34,IT
ORD000612,347,Books,2024-04-12,2,483.8,0.19,DE
ORD000613,405,Automotive,2023-04-05,9,497.42,0.1,SE
ORD000614,207,Home & Garden,2024-01-28,7,14.14,0.2,DE
ORD000615,236,Clothing,2023-04-01,5,320.28,0.32,US
ORD000616,127,Automotive,2023-02-24,10,374.06,0.19,SE
ORD000617,236,Electronics,2024-11-22,9,56.91,0.11,ES
ORD000618,170,Electronics,2024-03-08,4,185.43,0.22,ES
ORD000619,94,Home & Garden,2023-01-05,10,87.56,0.01,US
ORD000620,497,Beauty,2023-12-09,9,196.0,0.3,JP
ORD000621,117,Sports,2023-07-29,2,223.95,0.27,UK
ORD000622,94,Clothing,2023-04-23,7,94.1,0.09,ES
ORD000623,400,Beauty,2024-08-20,9,251.06,0.09,IN
ORD000624,79,Sports,2023-04-23,2,98.66,0.31,SE
ORD000625,6,Automotive,2023-05-02,1,461.6,0.12,SG
ORD000626,294,Sports,2023-06-19,8,89.71,0.23,CA
ORD000627,160,Books,2024-06-04,2,259.19,0.22,CA
ORD000628,348,Clothing,2023-05-20,4,176.07,0.24,SG
ORD000629,161,Beauty,2023-08-23,5,214.83,0.02,JP
ORD000630,47,Electronics,2024-10-20,9,198.34,0.18,IT
ORD000631,136,Beauty,2024-02-17,7,489.45,0.31,SG
ORD000632,200,Beauty,2023-05-07,3,333.82,0.3,IN
ORD000633,156,Home & Garden,2024-09-19,5,30.06,0.17,MX
ORD000634,299,Sports,2024-01-09,5,418.52,0.05,ES
ORD000635,62,Home & Garden,2024-08-31,3,275.43,0.21,AU
ORD000636,326,Electronics,2023-02-27,5,63.55,0.24,MX
ORD000637,84,Automotive,2023-04-29,7,238.96,0.33,CA
ORD000638,301,Beauty,2023-03-09,2,71.94,0.31,ES
ORD000639,279,Automotive,2023-12-18,9,281.4,0.15,CA
ORD000640,82,Sports,2023-10-10,7,189.12,0.25,JP
ORD000641,281,Automotive,2023-10-31,8,38.99,0.21,UK
ORD000642,485,Electronics,2023-09-25,6,328.85,0.09,NL
ORD000643,465,Sports,2023-11-06,3,121.29,0.11,UK
ORD000644,378,Automotive,2023-10-06,8,384.58,0.28,US
ORD000645,267,Home & Garden,2023-04-27,10,452.47,0.29,IT
ORD000646,386,Home & Garden,2024-02-20,2,125.91,0.29,DE
ORD000647,219,Beauty,2024-09-26,4,157.08,0.14,BR
ORD000648,155,Books,2024-12-26,10,29.0,0.2,SG
ORD000649,48,Electronics,2023-03-27,9,243.86,0.08,UK
ORD000650,243,Books,2023-10-28,9,421.09,0.28,FR
ORD000651,369,Beauty,2023-06-25,2,60.41,0.14,IN
ORD000652,430,Books,2024-02-18,2,88.86,0.13,NL
ORD000653,224,Clothing,2023-09-21,10,373.82,0.14,FR
ORD000654,346,Home & Garden,2024-10-02,9,321.22,0.02,SG
ORD000655,380,Home & Garden,2024-11-13,4,104.46,0.18,IN
ORD000656,121,Automotive,2023-08-26,4,90.59,0.21,IT
ORD000657,97,Toys,2023-09-18,5,40.8,0.03,MX
ORD000658,282,Beauty,2024-01-26,1,14.71,0.15,JP
ORD000659,308,Electronics,2024-04-08,9,214.75,0.39,UK
ORD000660,24,Beauty,2024-07-03,9,59.27,0.18,IN
ORD000661,363,Home & Garden,2023-03-15,7,150.29,0.16,IT
ORD000662,241,Electronics,2023-02-07,2,437.71,0.23,DE
ORD000663,181,Books,2024-05-10,6,30.37,0.15,US
ORD000664,234,Toys,2023-12-16,5,399.6,0.05,JP
ORD000665,240,Electronics,2024-05-06,7,194.51,0.32,US
ORD000666,361,Beauty,2023-08-09,1,209.46,0.32,CA
ORD000667,33,Clothing,2023-05-06,6,486.49,0.29,NL
ORD000668,424,Beauty,2023-03-23,9,286.82,0.11,FR
ORD000669,136,Clothing,2024-07-28,1,24.09,0.23,IT
ORD000670,431,Automotive,2023-10-22,10,398.14,0.19,UK
ORD000671,83,Beauty,2023-03-02,5,279.93,0.27,UK
ORD000672,180,Clothing,2023-06-30,1,389.86,0.29,AU
ORD000673,188,Home & Garden,2024-09-20,7,80.69,0.16,US
ORD000674,89,Electronics,2023-12-18,7,135.67,0.31,IT
ORD000675,45,Electronics,2024-09-14,2,455.79,0.25,NL
ORD000676,1,Books,2024-11-21,5,218.34,0.3,DE
ORD000677,415,Clothing,2023-02-18,3,258.27,0.28,UK
ORD000678,59,Beauty,2024-11-19,10,323.7,0.31,BR
ORD000679,367,Toys,2023-09-28,3,266.97,0.23,ES
ORD000680,9,Books,2024-05-24,2,376.8,0.25,DE
ORD000681,433,Clothing,2023-10-22,6,116.24,0.04,MX
ORD000682,125,Automotive,2024-03-24,10,460.88,0.21,CA
ORD000683,474,Home & Garden,2024-05-03,3,32.51,0.36,NL
ORD000684,237,Toys,2023-04-08,9,252.74,0.11,MX
ORD000685,283,Toys,2023-11-11,3,498.83,0.16,IN
ORD000686,239,Toys,2023-05-31,10,331.43,0.24,JP
ORD000687,373,Automotive,2023-03-29,5,244.18,0.12,BR
ORD000688,109,Toys,2024-03-08,5,476.54,0.08,AU
ORD000689,246,Electronics,2024-05-11,8,44.52,0.36,DE
ORD000690,124,Home & Garden,2023-07-08,5,214.65,0.03,IT
ORD000691,393,Clothing,2023-01-06,3,452.35,0.1,SE
ORD000692,429,Clothing,2024-12-09,4,342.03,0.25,BR
ORD000693,269,Clothing,2023-12-13,3,188.0,0.34,AU
ORD000694,312,Beauty,2024-04-20,5,488.9,0.05,SE
ORD000695,369,Automotive,2023-02-24,6,381.0,0.12,FR
ORD000696,204,Clothing,2024-03-28,7,488.79,0.33,IN
ORD000697,138,Sports,2024-07-10,4,294.33,0.07,US
ORD000698,474,Home & Garden,2023-02-04,3,10.03,0.02,MX
ORD000699,344,Beauty,2024-01-18,10,486.13,0.02,IN
ORD000700,13,Beauty,2023-04-14,9,413.08,0.36,NL
ORD000701,290,Home & Garden,2023-04-18,9,277.84,0.33,US
ORD000702,225,Home & Garden,2024-03-24,4,85.47,0.19,MX
ORD000703,125,Home & Garden,2024-03-28,4,441.17,0.36,MX
ORD000704,395,Home & Garden,2024-02-09,7,320.84,0.04,JP
ORD000705,343,Automotive,2024-01-08,2,7.49,0.01,ES
ORD000706,232,Clothing,2023-12-10,10,249.92,0.2,US
ORD000707,186,Clothing,2023-12-18,3,491.25,0.31,UK
ORD000708,112,Home & Garden,2023-09-02,3,295.47,0.03,SE
ORD000709,315,Home & Garden,2023-07-07,8,357.09,0.14,IN
ORD000710,428,Home & Garden,2023-07-13,3,331.07,0.06,UK
ORD000711,330,Automotive,2024-10-24,5,262.25,0.29,IN
ORD000712,6,Sports,2023-07-14,10,347.88,0.11,JP
ORD000713,336,Books,2023-10-01,2,102.7,0.22,DE
ORD000714,219,Books,2024-01-03,2,172.93,0.0,FR
ORD000715,342,Electronics,2024-06-26,7,445.37,0.17,JP
ORD000716,190,Electronics,2024-07-21,1,139.3,0.03,ES
ORD000717,209,Books,2024-06-10,7,211.86,0.36,MX
ORD000718,226,Toys,2023-08-10,3,57.06,0.26,IT
ORD000719,313,Beauty,2023-04-30,4,465.65,0.22,IT
ORD000720,421,Toys,2024-08-19,4,139.04,0.13,FR
ORD000721,454,Automotive,2024-09-30,2,292.99,0.01,UK
ORD000722,89,Clothing,2024-10-28,10,202.98,0.15,IT
ORD000723,35,Sports,2024-09-18,6,177.27,0.08,IT
ORD000724,417,Beauty,2023-09-21,4,89.08,0.2,AU
ORD000725,392,Automotive,2023-04-23,6,498.03,0.04,MX
ORD000726,140,Books,2024-05-04,4,148.85,0.22,CA
ORD000727,65,Clothing,2024-04-19,5,201.83,0.33,DE
ORD000728,63,Automotive,2023-06-30,2,101.2,0.17,UK
ORD000729,233,Toys,2024-03-28,10,316.01,0.02,DE
ORD000730,142,Beauty,2024-12-29,8,48.56,0.23,CA
ORD000731,83,Sports,2023-05-04,4,333.48,0.37,CA
ORD000732,406,Clothing,2023-10-04,6,254.52,0.38,SG
ORD000733,392,Clothing,2023-10-13,6,325.85,0.15,ES
ORD000734,265,Books,2023-06-05,1,8.31,0.17,DE
ORD000735,19,Sports,2024-07-29,7,338.69,0.12,CA
ORD000736,70,Automotive,2024-05-31,6,28.55,0.36,SE
ORD000737,351,Sports,2023-06-08,7,459.23,0.08,ES
ORD000738,188,Sports,2024-09-18,3,397.94,0.22,SG
ORD000739,201,Beauty,2023-11-07,9,67.2,0.2,IT
ORD000740,408,Toys,2024-02-07,8,280.78,0.04,BR
ORD000741,133,Beauty,2024-05-14,3,478.68,0.2,IT
ORD000742,490,Books,2024-09-30,6,125.84,0.23,MX
ORD000743,481,Clothing,2023-06-15,9,41.9,0.11,UK
ORD000744,299,Toys,2024-03-08,1,214.72,0.07,IN
ORD000745,147,Electronics,2024-05-05,2,74.26,0.18,IN
ORD000746,495,Beauty,2024-10-09,9,390.1,0.39,BR
ORD000747,106,Automotive,2024-07-17,1,456.59,0.38,DE
ORD000748,433,Toys,2024-10-29,4,228.1,0.16,ES
ORD000749,216,Toys,2023-02-24,9,498.96,0.32,UK
ORD000750,430,Sports,2023-11-07,8,99.89,0.31,SG
ORD000751,152,Books,2023-08-12,4,459.37,0.38,CA
ORD000752,358,Clothing,2023-12-29,6,165.79,0.26,JP
ORD000753,364,Sports,2024-08-14,8,451.52,0.12,MX
ORD000754,187,Automotive,2023-12-26,4,452.8,0.39,AU
ORD000755,16,Beauty,2023-01-26,8,178.33,0.14,IT
ORD000756,150,Books,2024-05-04,9,16.01,0.05,US
ORD000757,347,Clothing,2023-01-08,7,155.49,0.19,SE
ORD000758,396,Automotive,2023-03-13,7,221.54,0.38,AU
ORD000759,212,Electronics,2024-06-15,3,491.99,0.26,IT
ORD000760,447,Clothing,2024-08-29,9,346.71,0.25,US
ORD000761,392,Sports,2023-08-21,5,319.61,0.13,UK
ORD000762,51,Beauty,2024-02-20,6,324.71,0.29,AU
ORD000763,167,Electronics,2024-02-04,9,201.74,0.07,IT
ORD000764,262,Clothing,2023-02-10,4,346.67,0.04,SE
ORD000765,10,Automotive,2024-02-02,1,144.15,0.35,UK
ORD000766,138,Electronics,2023-01-09,1,377.63,0.21,SG
ORD000767,382,Clothing,2024-08-21,6,328.0,0.35,NL
ORD000768,428,Electronics,2024-06-30,6,374.67,0.01,SE
ORD000769,67,Toys,2023-07-27,2,80.76,0.28,US
ORD000770,299,Books,2023-07-11,7,278.82,0.05,FR
ORD000771,239,Toys,2023-05-19,2,100.7,0.06,BR
ORD000772,427,Electronics,2024-11-26,7,160.05,0.08,IN
ORD000773,417,Clothing,2024-09-09,5,397.19,0.02,NL
ORD000774,477,Electronics,2024-09-03,10,212.18,0.4,SG
ORD000775,463,Electronics,2023-12-07,4,30.61,0.26,AU
ORD000776,370,Electronics,2024-08-15,8,446.65,0.36,MX
ORD000777,124,Clothing,2024-03-07,9,59.01,0.06,IN
ORD000778,125,Beauty,2023-08-07,10,251.65,0.32,SG
ORD000779,420,Sports,2023-11-11,5,240.81,0.04,MX
ORD000780,350,Beauty,2023-10-26,6,203.15,0.05,JP
ORD000781,389,Clothing,2023-09-14,8,8.55,0.35,CA
ORD000782,141,Automotive,2023-06-26,6,131.54,0.07,US
ORD000783,462,Automotive,2023-10-18,7,82.84,0.32,SG
ORD000784,86,Sports,2024-03-13,5,86.8,0.37,MX
ORD000785,408,Beauty,2023-05-24,10,68.44,0.02,DE
ORD000786,168,Home & Garden,2023-04-14,10,413.07,0.37,CA
ORD000787,45,Clothing,2024-05-18,3,55.86,0.22,US
ORD000788,411,Automotive,2024-01-20,2,170.5,0.25,BR
ORD000789,473,Electronics,2023-09-15,8,292.43,0.34,SG
ORD000790,486,Home & Garden,2024-10-24,2,26.19,0.27,MX
ORD000791,13,Electronics,2023-12-03,2,265.35,0.39,IN
ORD000792,227,Books,2023-08-31,9,235.11,0.37,AU
ORD000793,172,Beauty,2023-06-07,9,429.89,0.1,NL
ORD000794,168,Toys,2023-08-24,1,63.33,0.3,NL
ORD000795,195,Automotive,2023-07-19,9,34.87,0.15,IT
ORD000796,10,Beauty,2024-09-24,10,78.68,0.05,CA
ORD000797,243,Sports,2024-10-13,9,241.27,0.12,ES
ORD000798,38,Automotive,2023-10-29,3,57.85,0.02,FR
ORD000799,118,Sports,2023-07-10,4,310.16,0.21,AU
ORD000800,360,Toys,2023-04-06,7,397.94,0.0,CA
ORD000801,62,Home & Garden,2024-06-06,2,280.41,0.07,SG
ORD000802,338,Books,2024-10-03,9,183.06,0.4,SE
ORD000803,419,Beauty,2023-10-28,9,226.65,0.38,FR
ORD000804,489,Automotive,2024-09-30,9,125.76,0.24,SG
ORD000805,321,Beauty,2023-06-30,6,426.92,0.39,MX
ORD000806,441,Toys,2024-03-20,10,165.81,0.19,NL
ORD000807,238,Books,2023-03-01,5,430.15,0.19,JP
ORD000808,452,Beauty,2024-02-16,4,483.15,0.18,AU
ORD000809,388,Automotive,2024-04-11,5,132.29,0.01,US
ORD000810,459,Home & Garden,2024-04-15,3,429.8,0.14,ES
ORD000811,458,Clothing,2024-07-22,2,419.2,0.21,NL
ORD000812,345,Toys,2023-03-11,5,307.99,0.21,IN
ORD000813,112,Clothing,2023-07-23,7,417.9,0.2,UK
ORD000814,24,Automotive,2024-05-20,8,216.2,0.14,BR
ORD000815,162,Beauty,2024-03-08,6,303.81,0.29,ES
ORD000816,149,Toys,2024-11-24,10,206.41,0.38,JP
ORD000817,468,Sports,2024-07-26,10,499.44,0.32,IN
ORD000818,19,Clothing,2023-12-10,2,268.73,0.13,SE
ORD000819,273,Electronics,2024-01-25,7,123.19,0.11,IT
ORD000820,494,Electronics,2024-04-26,7,337.04,0.35,SE
ORD000821,141,Electronics,2023-01-08,10,380.46,0.09,AU
ORD000822,290,Home & Garden,2023-09-23,9,431.49,0.05,JP
ORD000823,80,Books,2023-03-30,2,12.26,0.11,MX
ORD000824,211,Books,2023-06-24,3,375.15,0.22,DE
ORD000825,495,Clothing,2024-08-28,7,268.09,0.0,MX
ORD000826,336,Toys,2024-02-05,3,364.87,0.08,UK
ORD000827,268,Automotive,2024-09-20,9,266.51,0.1,AU
ORD000828,485,Electronics,2024-10-10,6,168.85,0.22,AU
ORD000829,432,Toys,2024-08-11,7,23.34,0.29,NL
ORD000830,139,Automotive,2024-07-10,9,164.24,0.39,IT
ORD000831,318,Home & Garden,2023-05-02,7,330.05,0.08,SG
ORD000832,325,Sports,2023-07-16,6,10.79,0.28,US
ORD000833,222,Beauty,2024-05-28,2,461.2,0.09,SG
ORD000834,92,Toys,2023-08-08,9,203.25,0.24,US
ORD000835,430,Books,2023-10-01,4,37.06,0.1,NL
ORD000836,81,Books,2024-11-14,3,441.69,0.19,UK
ORD000837,179,Electronics,2024-05-30,7,95.26,0.19,DE
ORD000838,125,Beauty,2023-03-19,2,34.79,0.38,US
ORD000839,385,Books,2024-06-10,5,44.75,0.1,SG
ORD000840,50,Beauty,2024-08-02,7,266.83,0.33,DE
ORD000841,227,Books,2024-10-28,9,147.23,0.29,BR
ORD000842,422,Sports,2024-05-15,3,421.85,0.22,AU
ORD000843,449,Clothing,2023-03-11,8,275.5,0.28,FR
ORD000844,104,Electronics,2024-07-12,9,143.37,0.14,US
ORD000845,252,Toys,2024-04-24,6,294.61,0.25,BR
ORD000846,245,Toys,2023-11-29,9,472.34,0.06,CA
ORD000847,163,Home & Garden,2024-07-09,7,432.01,0.32,MX
ORD000848,402,Toys,2024-01-19,3,73.42,0.13,IT
ORD000849,363,Books,2024-11-11,7,436.73,0.39,IN
ORD000850,42,Toys,2024-11-11,7,186.91,0.17,IN
ORD000851,431,Sports,2023-06-14,7,195.91,0.37,UK
ORD000852,184,Beauty,2023-11-18,2,255.0,0.1,AU
ORD000853,426,Toys,2023-05-25,7,385.49,0.12,MX
ORD000854,383,Automotive,2023-08-30,9,214.72,0.32,ES
ORD000855,240,Automotive,2023-06-12,5,332.55,0.35,DE
ORD000856,338,Books,2024-01-09,6,90.03,0.2,CA
ORD000857,221,Automotive,2023-01-01,2,151.77,0.03,FR
ORD000858,390,Home & Garden,2024-07-31,4,474.22,0.14,BR
ORD000859,75,Electronics,2023-04-27,10,213.5,0.32,ES
ORD000860,303,Automotive,2023-07-20,10,364.82,0.19,SE
ORD000861,20,Clothing,2023-05-08,1,45.28,0.29,MX
ORD000862,361,Electronics,2023-09-16,7,20.96,0.15,US
ORD000863,466,Sports,2023-02-26,1,32.01,0.01,DE
ORD000864,381,Toys,2024-09-19,7,352.5,0.27,US
ORD000865,363,Home & Garden,2023-10-30,10,34.01,0.12,BR
ORD000866,410,Sports,2024-11-05,6,303.39,0.2,UK
ORD000867,289,Beauty,2023-02-04,5,129.83,0.36,FR
ORD000868,308,Sports,2023-05-06,3,75.33,0.09,FR
ORD000869,292,Beauty,2024-09-02,9,348.2,0.14,IT
ORD000870,237,Sports,2023-12-05,10,274.69,0.06,BR
ORD000871,12,Sports,2023-02-13,4,446.26,0.01,AU
ORD000872,41,Sports,2023-02-04,7,365.24,0.16,AU
ORD000873,227,Automotive,2024-10-15,5,165.42,0.04,DE
ORD000874,137,Books,2023-07-11,3,68.51,0.12,UK
ORD000875,461,Books,2023-10-27,8,320.79,0.34,AU
ORD000876,493,Beauty,2024-10-16,6,177.62,0.02,AU
ORD000877,232,Toys,2024-05-02,6,87.76,0.25,SE
ORD000878,349,Clothing,2024-07-16,9,289.07,0.16,AU
ORD000879,291,Toys,2023-12-11,10,332.88,0.16,US
ORD000880,125,Electronics,2024-05-22,3,147.05,0.2,JP
ORD000881,189,Sports,2024-03-02,7,362.5,0.14,IT
ORD000882,193,Books,2023-05-05,5,39.62,0.03,AU
ORD000883,53,Clothing,2024-02-23,6,366.46,0.35,SG
ORD000884,10,Sports,2024-11-06,4,58.2,0.08,DE
ORD000885,162,Clothing,2023-09-10,9,347.2,0.27,FR
ORD000886,452,Books,2023-12-27,1,220.98,0.3,SG
ORD000887,43,Clothing,2023-10-31,6,81.0,0.08,DE
ORD000888,261,Clothing,2024-05-17,5,16.41,0.06,DE
ORD000889,290,Home & Garden,2024-04-02,3,423.59,0.37,SG
ORD000890,333,Sports,2023-12-15,4,440.58,0.01,IT
ORD000891,491,Toys,2023-02-04,2,188.77,0.17,IN
ORD000892,196,Automotive,2023-07-13,2,331.7,0.03,FR
ORD000893,182,Books,2023-08-18,4,435.62,0.17,FR
ORD000894,255,Books,2024-06-18,2,50.24,0.08,DE
ORD000895,430,Beauty,2023-10-17,7,255.95,0.37,CA
ORD000896,294,Clothing,2023-10-04,6,215.88,0.13,DE
ORD000897,22,Sports,2023-11-22,10,112.47,0.32,JP
ORD000898,225,Toys,2023-11-12,10,129.88,0.15,SG
ORD000899,253,Home & Garden,2024-06-07,8,459.46,0.21,IN
ORD000900,441,Beauty,2024-05-04,6,349.28,0.27,NL
ORD000901,328,Books,2024-07-10,7,314.49,0.27,JP
ORD000902,340,Electronics,2023-06-01,1,325.73,0.34,SE
ORD000903,160,Electronics,2024-06-25,3,210.12,0.13,AU
ORD000904,364,Sports,2023-08-05,8,395.06,0.19,MX
ORD000905,50,Sports,2023-01-01,8,374.43,0.33,JP
ORD000906,98,Sports,2024-04-11,1,221.51,0.13,ES
ORD000907,109,Home & Garden,2023-01-09,6,78.48,0.08,SE
ORD000908,235,Home & Garden,2023-03-13,4,54.13,0.11,DE
ORD000909,36,Automotive,2023-01-31,8,398.68,0.13,NL
ORD000910,260,Home & Garden,2024-03-18,7,353.17,0.06,FR
ORD000911,445,Toys,2023-06-01,4,228.2,0.07,BR
ORD000912,199,Beauty,2024-08-13,10,73.22,0.02,BR
ORD000913,3,Clothing,2023-09-18,5,388.04,0.09,IN
ORD000914,138,Clothing,2023-09-02,4,183.41,0.36,NL
ORD000915,35,Sports,2024-01-11,6,389.69,0.24,NL
ORD000916,319,Toys,2024-07-19,10,351.41,0.13,DE
ORD000917,398,Beauty,2024-05-23,4,465.44,0.32,AU
ORD000918,145,Toys,2023-05-31,3,39.51,0.24,SG
ORD000919,150,Automotive,2024-07-11,6,323.82,0.07,SE
ORD000920,161,Automotive,2024-01-05,3,397.51,0.25,DE
ORD000921,183,Automotive,2024-12-21,3,149.98,0.37,DE
ORD000922,349,Sports,2024-01-13,6,370.03,0.03,NL
ORD000923,154,Beauty,2023-07-28,1,153.09,0.4,CA
ORD000924,192,Automotive,2024-07-09,10,319.66,0.17,SE
ORD000925,446,Books,2023-01-22,2,342.17,0.2,MX
ORD000926,382,Sports,2024-06-12,7,448.16,0.01,AU
ORD000927,465,Toys,2024-02-01,5,475.74,0.11,IT
ORD000928,179,Books,2023-05-09,3,498.42,0.15,IT
ORD000929,465,Toys,2023-01-18,1,348.75,0.39,SE
ORD000930,150,Toys,2023-02-04,3,291.98,0.3,CA
ORD000931,154,Beauty,2023-03-01,4,343.31,0.38,IN
ORD000932,477,Clothing,2023-12-23,2,375.15,0.29,IT
ORD000933,101,Automotive,2024-05-31,7,408.97,0.34,IN
ORD000934,410,Automotive,2023-04-08,8,149.71,0.01,IT
ORD000935,414,Sports,2023-04-27,6,356.17,0.35,UK
ORD000936,464,Home & Garden,2024-08-17,2,100.86,0.33,SG
ORD000937,425,Books,2023-06-16,6,56.9,0.24,IT
ORD000938,412,Toys,2024-08-27,8,397.83,0.28,IT
ORD000939,178,Sports,2023-03-11,8,292.61,0.31,ES
ORD000940,279,Toys,2024-09-02,4,241.12,0.02,CA
ORD000941,290,Automotive,2024-06-18,2,202.72,0.1,US
ORD000942,147,Toys,2023-04-18,5,132.28,0.38,MX
ORD000943,196,Sports,2023-09-04,3,295.57,0.12,MX
ORD000944,426,Clothing,2023-09-01,8,48.07,0.04,US
ORD000945,8,Clothing,2023-04-08,5,350.16,0.27,CA
ORD000946,39,Toys,2023-10-03,7,246.86,0.15,IT
ORD000947,206,Home & Garden,2024-05-09,3,317.49,0.33,ES
ORD000948,386,Electronics,2024-06-17,3,21.6,0.23,SE
ORD000949,448,Beauty,2023-05-29,5,190.91,0.4,UK
ORD000950,342,Toys,2024-06-10,8,203.41,0.29,IT
ORD000951,429,Automotive,2023-07-14,9,291.42,0.26,JP
ORD000952,75,Books,2023-02-01,9,451.52,0.2,FR
ORD000953,52,Home & Garden,2023-05-23,2,360.05,0.03,SE
ORD000954,252,Sports,2023-09-07,7,404.21,0.01,BR
ORD000955,154,Beauty,2023-01-27,3,380.8,0.3,SG
ORD000956,440,Clothing,2023-03-11,3,102.62,0.3,JP
ORD000957,37,Books,2023-09-18,9,259.65,0.08,IT
ORD000958,183,Toys,2024-11-05,1,369.08,0.22,US
ORD000959,150,Books,2024-04-09,6,270.69,0.13,UK
ORD000960,297,Automotive,2024-11-13,8,475.01,0.29,IN
ORD000961,149,Books,2023-01-28,10,261.93,0.33,BR
ORD000962,471,Electronics,2024-09-25,5,276.63,0.18,DE
ORD000963,27,Toys,2023-04-10,2,65.19,0.28,JP
ORD000964,37,Beauty,2023-06-22,5,45.07,0.14,NL
ORD000965,448,Automotive,2023-03-15,8,35.07,0.21,JP
ORD000966,264,Books,2023-10-28,6,79.91,0.3,UK
ORD000967,420,Beauty,2023-05-28,9,337.91,0.05,JP
ORD000968,230,Automotive,2024-06-23,7,93.97,0.01,JP
ORD000969,465,Sports,2024-07-05,10,59.37,0.26,US
ORD000970,238,Books,2023-08-01,7,308.71,0.32,MX
ORD000971,373,Sports,2024-08-06,2,430.01,0.25,IT
ORD000972,498,Toys,2023-04-30,1,22.3,0.07,IT
ORD000973,381,Beauty,2023-01-30,6,256.03,0.2,MX
ORD000974,131,Home & Garden,2023-05-01,10,100.69,0.16,ES
ORD000975,394,Automotive,2023-06-29,5,457.7,0.38,BR
ORD000976,193,Books,2023-02-06,1,212.73,0.28,FR
ORD000977,338,Beauty,2023-03-22,7,325.73,0.21,IT
ORD000978,328,Toys,2023-08-09,7,220.75,0.16,CA
ORD000979,88,Toys,2024-09-14,1,409.99,0.14,BR
ORD000980,144,Toys,2024-09-16,7,249.38,0.05,IT
ORD000981,89,Beauty,2024-12-26,5,473.26,0.28,IN
ORD000982,35,Electronics,2023-03-13,2,183.3,0.22,US
ORD000983,251,Home & Garden,2023-01-02,1,362.39,0.03,AU
ORD000984,101,Automotive,2024-02-17,6,49.77,0.16,UK
ORD000985,346,Home & Garden,2024-03-16,4,86.06,0.31,AU
ORD000986,119,Clothing,2023-06-22,3,267.62,0.06,FR
ORD000987,15,Automotive,2024-08-04,9,134.09,0.31,JP
ORD000988,74,Beauty,2024-11-28,3,35.12,0.18,MX
ORD000989,274,Sports,2023-08-31,5,128.35,0.03,AU
ORD000990,64,Automotive,2024-11-21,6,139.81,0.38,JP
ORD000991,444,Sports,2023-03-18,9,313.83,0.07,IN
ORD000992,374,Beauty,2023-12-14,10,88.08,0.02,IT
ORD000993,64,Electronics,2023-05-24,1,464.6,0.21,MX
ORD000994,430,Home & Garden,2024-03-02,3,147.76,0.06,SE
ORD000995,157,Sports,2023-02-21,8,482.01,0.02,BR
ORD000996,449,Sports,2024-01-04,7,215.22,0.27,MX
ORD000997,494,Home & Garden,2023-05-07,1,367.71,0.04,IN
ORD000998,126,Electronics,2023-11-01,3,341.06,0.39,US
ORD000999,165,Books,2024-05-17,2,144.83,0.32,SE
ORD001000,72,Beauty,2023-09-01,2,225.12,0.35,JP
ORD001001,15,Automotive,2024-01-30,9,119.26,0.27,AU
ORD001002,258,Electronics,2024-12-10,10,442.97,0.22,MX
ORD001003,342,Automotive,2024-09-30,1,443.84,0.27,CA
ORD001004,277,Automotive,2024-12-28,9,183.72,0.23,ES
ORD001005,492,Automotive,2023-05-10,4,207.88,0.32,AU
ORD001006,58,Books,2023-12-27,9,155.55,0.07,SG
ORD001007,116,Books,2024-07-26,10,153.7,0.05,MX
ORD001008,446,Clothing,2024-11-09,5,49.21,0.27,JP
ORD001009,109,Toys,2023-06-25,2,322.09,0.08,US
ORD001010,182,Clothing,2024-12-22,2,385.43,0.39,ES
ORD001011,216,Books,2023-11-19,10,174.32,0.06,AU
ORD001012,107,Sports,2024-07-17,8,253.87,0.26,US
ORD001013,268,Home & Garden,2024-01-14,2,16.85,0.32,US
ORD001014,397,Home & Garden,2023-08-06,9,317.2,0.11,IN
ORD001015,408,Books,2023-03-21,3,166.53,0.27,ES
ORD001016,230,Clothing,2023-04-29,1,78.99,0.38,IN
ORD001017,497,Sports,2024-04-17,7,11.49,0.38,AU
ORD001018,157,Clothing,2024-02-09,6,216.89,0.06,AU
ORD001019,407,Books,2023-11-12,1,336.87,0.05,DE
ORD001020,439,Electronics,2024-04-02,6,124.54,0.12,JP
ORD001021,146,Books,2024-01-06,8,88.94,0.02,JP
ORD001022,27,Books,2023-04-14,4,308.81,0.06,CA
ORD001023,394,Home & Garden,2023-07-10,10,299.19,0.15,AU
ORD001024,45,Books,2023-11-12,4,156.64,0.01,ES
ORD001025,316,Electronics,2023-10-18,4,426.23,0.03,SE
ORD001026,247,Books,2024-10-20,7,300.93,0.39,NL
ORD001027,246,Automotive,2024-11-18,7,408.73,0.29,IT
ORD001028,369,Sports,2024-01-25,10,462.36,0.12,UK
ORD001029,318,Clothing,2023-07-13,4,339.5,0.05,JP
ORD001030,303,Automotive,2024-08-06,2,150.38,0.19,IT
ORD001031,220,Toys,2023-05-13,7,340.6,0.24,SG
ORD001032,349,Toys,2023-12-26,10,213.97,0.11,IT
ORD001033,317,Electronics,2024-12-26,6,95.61,0.23,IT
ORD001034,290,Books,2024-09-30,6,92.11,0.18,SE
ORD001035,369,Home & Garden,2024-11-09,6,81.89,0.25,DE
ORD001036,61,Toys,2023-03-13,4,235.71,0.17,SG
ORD001037,7,Electronics,2023-12-04,1,299.64,0.2,IN
ORD001038,18,Clothing,2024-07-15,10,487.42,0.05,SE
ORD001039,309,Automotive,2023-04-24,7,338.58,0.09,JP
ORD001040,377,Books,2024-07-15,8,120.61,0.19,NL
ORD001041,77,Beauty,2023-09-07,6,418.61,0.21,SE
ORD001042,30,Clothing,2024-10-09,4,492.04,0.31,AU
ORD001043,169,Beauty,2023-11-01,4,209.97,0.07,BR
ORD001044,395,Home & Garden,2023-07-02,3,440.77,0.28,AU
ORD001045,222,Clothing,2024-10-31,5,373.63,0.18,IT
ORD001046,334,Toys,2024-06-04,2,162.15,0.01,JP
ORD001047,487,Sports,2023-12-04,4,9.33,0.02,DE
ORD001048,259,Clothing,2024-12-02,10,350.93,0.21,BR
ORD001049,163,Beauty,2024-03-15,3,482.87,0.27,IN
ORD001050,17,Beauty,2024-03-04,3,72.97,0.34,SE
ORD001051,410,Home & Garden,2023-09-21,2,458.07,0.09,DE
ORD001052,375,Automotive,2024-09-01,9,108.24,0.33,JP
ORD001053,169,Electronics,2024-03-03,3,273.5,0.07,IN
ORD001054,314,Automotive,2024-03-29,9,278.97,0.26,JP
ORD001055,115,Home & Garden,2024-11-14,2,115.06,0.07,SE
ORD001056,335,Beauty,2023-07-17,4,17.82,0.25,IT
ORD001057,218,Automotive,2024-07-31,1,91.81,0.11,NL
ORD001058,102,Beauty,2024-08-14,7,198.9,0.15,IT
ORD001059,45,Electronics,2023-02-16,8,99.45,0.26,DE
ORD001060,11,Home & Garden,2024-06-11,9,337.45,0.21,UK
ORD001061,410,Electronics,2024-08-29,1,247.09,0.04,IN
ORD001062,36,Clothing,2024-01-27,9,180.9,0.25,SG
ORD001063,250,Sports,2023-03-23,4,121.02,0.23,SG
ORD001064,62,Toys,2023-02-27,2,333.16,0.3,DE
ORD001065,344,Clothing,2023-01-18,7,446.58,0.34,UK
ORD001066,195,Electronics,2023-09-25,4,327.47,0.08,IN
ORD001067,399,Home & Garden,2024-03-29,8,208.02,0.27,DE
ORD001068,46,Sports,2024-02-21,4,19.79,0.14,US
ORD001069,205,Home & Garden,2024-01-08,1,396.37,0.09,UK
ORD001070,202,Automotive,2023-11-01,9,265.19,0.29,IN
ORD001071,226,Toys,2024-05-12,9,38.32,0.21,JP
ORD001072,144,Toys,2024-10-06,6,365.27,0.36,AU
ORD001073,127,Electronics,2024-08-26,1,119.64,0.1,SG
ORD001074,477,Automotive,2024-06-05,5,153.64,0.07,ES
ORD001075,358,Toys,2023-08-02,6,327.64,0.2,SE
ORD001076,229,Automotive,2024-11-17,8,99.22,0.32,ES
ORD001077,417,Home & Garden,2024-09-20,9,164.99,0.21,FR
ORD001078,36,Toys,2024-11-22,10,350.64,0.17,SE
ORD001079,288,Sports,2024-03-27,5,161.72,0.26,NL
ORD001080,341,Beauty,2023-09-01,8,51.29,0.21,SG
ORD001081,20,Toys,2023-11-27,10,55.41,0.26,US
ORD001082,354,Home & Garden,2023-08-27,4,273.37,0.3,IT
ORD001083,356,Toys,2023-09-14,8,499.2,0.39,MX
ORD001084,264,Electronics,2023-11-07,10,264.44,0.1,US
ORD001085,334,Toys,2024-11-13,4,488.83,0.24,SE
ORD001086,473,Home & Garden,2023-12-30,2,453.83,0.24,DE
ORD001087,172,Books,2023-10-23,1,439.42,0.09,AU
ORD001088,110,Beauty,2024-04-11,3,226.9,0.38,UK
ORD001089,205,Beauty,2023-07-29,9,285.22,0.32,AU
ORD001090,476,Electronics,2023-01-07,6,319.68,0.09,IN
ORD001091,248,Sports,2024-06-16,9,10.21,0.39,MX
ORD001092,465,Electronics,2023-08-31,7,27.58,0.09,IT
ORD001093,396,Home & Garden,2023-06-23,7,479.99,0.1,SE
ORD001094,59,Automotive,2024-01-26,1,223.23,0.01,FR
ORD001095,341,Sports,2023-04-28,4,418.8,0.05,BR
ORD001096,440,Clothing,2023-07-22,5,66.53,0.03,MX
ORD001097,259,Clothing,2024-01-09,6,133.29,0.37,SG
ORD001098,153,Electronics,2024-12-12,8,31.86,0.34,JP
ORD001099,403,Beauty,2023-06-28,1,382.63,0.27,BR
ORD001100,29,Automotive,2023-12-07,7,133.76,0.15,UK
ORD001101,430,Books,2024-01-21,5,396.71,0.3,AU
ORD001102,41,Books,2024-06-04,10,390.81,0.19,FR
ORD001103,26,Sports,2024-01-17,10,56.8,0.38,NL
ORD001104,259,Beauty,2024-06-19,2,147.16,0.01,UK
ORD001105,35,Automotive,2024-09-22,3,270.62,0.0,NL
ORD001106,361,Automotive,2023-07-26,9,404.49,0.15,SG
ORD001107,238,Sports,2024-09-02,7,400.15,0.34,MX
ORD001108,370,Toys,2023-07-11,1,272.31,0.27,DE
ORD001109,391,Electronics,2024-08-13,2,349.44,0.13,DE
ORD001110,395,Electronics,2024-04-09,3,469.95,0.04,AU
ORD001111,55,Automotive,2024-02-20,8,208.9,0.23,US
ORD001112,425,Clothing,2023-12-05,3,70.79,0.22,SE
ORD001113,432,Sports,2024-02-03,5,73.19,0.01,US
ORD001114,254,Books,2023-06-21,9,191.15,0.33,ES
ORD001115,69,Clothing,2023-12-30,4,63.4,0.3,FR
ORD001116,367,Beauty,2024-03-20,6,441.24,0.2,CA
ORD001117,348,Home & Garden,2023-10-06,6,273.13,0.07,FR
ORD001118,67,Electronics,2023-10-06,6,385.92,0.21,AU
ORD001119,402,Books,2023-09-11,9,496.81,0.25,MX
ORD001120,341,Home & Garden,2024-08-20,10,205.56,0.36,SG
ORD001121,23,Home & Garden,2023-10-08,9,402.26,0.09,IN
ORD001122,306,Beauty,2024-02-28,6,368.79,0.31,JP
ORD001123,425,Home & Garden,2024-12-10,4,131.64,0.2,US
ORD001124,478,Sports,2023-01-22,9,63.17,0.02,AU
ORD001125,421,Beauty,2023-06-10,7,10.88,0.32,NL
ORD001126,430,Automotive,2024-11-06,8,414.44,0.23,US
ORD001127,73,Clothing,2024-06-07,4,490.03,0.02,BR
ORD001128,13,Toys,2023-10-02,10,197.18,0.27,DE
ORD001129,105,Toys,2023-03-07,5,269.62,0.22,AU
ORD001130,441,Toys,2024-01-11,3,102.8,0.16,JP
ORD001131,431,Toys,2024-07-26,7,389.88,0.04,AU
ORD001132,42,Electronics,2023-11-05,3,16.33,0.36,JP
ORD001133,483,Automotive,2024-09-08,3,72.62,0.37,UK
ORD001134,108,Toys,2023-08-01,4,470.04,0.37,IN
ORD001135,243,Books,2023-12-28,4,156.66,0.25,JP
ORD001136,305,Home & Garden,2023-03-07,2,272.97,0.03,AU
ORD001137,63,Clothing,2024-01-19,2,225.98,0.25,SG
ORD001138,191,Sports,2024-09-20,9,93.67,0.33,ES
ORD001139,140,Automotive,2023-04-22,7,354.94,0.4,JP
ORD001140,180,Home & Garden,2024-03-20,3,452.36,0.22,UK
ORD001141,170,Automotive,2023-08-18,9,286.02,0.14,US
ORD001142,226,Toys,2023-09-15,1,137.06,0.18,BR
ORD001143,316,Beauty,2023-01-07,10,425.61,0.23,MX
ORD001144,59,Electronics,2024-01-25,8,151.59,0.33,US
ORD001145,361,Home & Garden,2024-12-20,10,409.27,0.38,US
ORD001146,59,Home & Garden,2023-04-18,5,429.53,0.09,SE
ORD001147,304,Automotive,2023-06-21,8,426.28,0.1,SE
ORD001148,99,Beauty,2023-06-15,3,362.28,0.33,US
ORD001149,446,Sports,2024-02-15,5,479.82,0.18,JP
ORD001150,162,Beauty,2023-05-19,10,447.97,0.11,BR
ORD001151,6,Clothing,2024-11-25,9,467.21,0.05,IT
ORD001152,51,Clothing,2024-05-23,6,217.88,0.07,CA
ORD001153,195,Beauty,2024-04-01,3,125.79,0.13,SE
ORD001154,480,Beauty,2023-01-03,5,498.72,0.01,IT
ORD001155,146,Home & Garden,2023-12-10,6,74.94,0.39,ES
ORD001156,250,Books,2024-08-13,7,293.84,0.22,JP
ORD001157,376,Electronics,2024-01-06,10,347.52,0.33,BR
ORD001158,116,Clothing,2024-06-22,1,182.19,0.18,SE
ORD001159,341,Beauty,2024-05-12,6,144.01,0.38,IN
ORD001160,208,Sports,2024-11-09,4,79.2,0.17,IN
ORD001161,446,Beauty,2023-09-25,7,26.07,0.16,SE
ORD001162,341,Electronics,2024-08-25,3,488.71,0.29,AU
ORD001163,157,Beauty,2023-07-10,7,222.45,0.22,US
ORD001164,227,Sports,2024-02-11,1,149.3,0.12,BR
ORD001165,428,Clothing,2024-03-27,9,97.35,0.0,IN
ORD001166,186,Automotive,2023-11-20,4,120.54,0.05,US
ORD001167,270,Books,2023-03-16,1,265.77,0.1,JP
ORD001168,428,Books,2023-11-13,6,126.83,0.04,BR
ORD001169,77,Beauty,2023-05-24,4,140.32,0.21,SE
ORD001170,421,Home & Garden,2023-12-22,10,493.63,0.14,AU
ORD001171,415,Beauty,2023-01-16,10,298.79,0.28,DE
ORD001172,271,Sports,2023-12-19,7,56.56,0.19,IN
ORD001173,117,Automotive,2023-10-03,10,378.55,0.08,IT
ORD001174,71,Books,2023-01-10,2,44.87,0.18,JP
ORD001175,381,Sports,2024-03-30,6,163.39,0.29,IT
ORD001176,188,Clothing,2023-08-17,8,173.59,0.21,UK
ORD001177,269,Books,2024-03-01,4,348.5,0.17,SG
ORD001178,45,Automotive,2024-10-08,5,43.27,0.14,CA
ORD001179,258,Home & Garden,2024-09-23,9,291.8,0.28,SE
ORD001180,35,Toys,2024-01-03,9,266.87,0.29,BR
ORD001181,268,Books,2023-12-11,9,171.8,0.25,JP
ORD001182,421,Electronics,2024-01-25,8,243.83,0.23,SG
ORD001183,488,Toys,2023-10-12,3,236.17,0.14,UK
ORD001184,423,Clothing,2023-08-04,2,487.31,0.3,SG
ORD001185,293,Home & Garden,2023-04-26,8,337.52,0.35,NL
ORD001186,372,Beauty,2024-10-30,1,152.15,0.05,AU
ORD001187,23,Sports,2023-02-14,10,399.23,0.37,FR
ORD001188,342,Electronics,2023-09-09,3,228.21,0.09,AU
ORD001189,478,Toys,2023-05-02,5,53.56,0.05,ES
ORD001190,76,Home & Garden,2023-02-14,10,75.64,0.27,UK
ORD001191,141,Clothing,2023-05-07,1,285.9,0.18,BR
ORD001192,497,Toys,2023-11-29,6,86.75,0.39,UK
ORD001193,236,Automotive,2024-02-13,9,417.57,0.17,US
ORD001194,362,Clothing,2024-10-14,2,86.01,0.26,JP
ORD001195,412,Electronics,2024-05-14,7,189.03,0.06,US
ORD001196,479,Beauty,2024-08-08,8,280.79,0.17,IT
ORD001197,43,Clothing,2024-02-08,8,498.62,0.27,UK
ORD001198,180,Books,2023-05-27,3,29.26,0.05,SE
ORD001199,117,Electronics,2024-09-12,7,318.51,0.23,CA
ORD001200,407,Electronics,2023-12-13,6,251.85,0.38,SE
ORD001201,439,Home & Garden,2024-07-17,5,229.41,0.12,CA
ORD001202,435,Sports,2023-01-05,5,123.59,0.24,IN
ORD001203,59,Automotive,2023-11-22,10,9.93,0.25,FR
ORD001204,336,Home & Garden,2023-09-05,1,405.03,0.33,IT
ORD001205,259,Beauty,2023-08-05,7,378.26,0.06,SE
ORD001206,363,Automotive,2024-05-07,6,60.98,0.29,SG
ORD001207,93,Home & Garden,2024-08-24,6,276.04,0.22,BR
ORD001208,65,Sports,2024-09-22,9,172.04,0.22,DE
ORD001209,178,Home & Garden,2024-08-07,6,59.29,0.25,UK
ORD001210,177,Beauty,2024-08-15,9,232.96,0.32,FR
ORD001211,396,Electronics,2024-09-01,8,8.17,0.29,UK
ORD001212,96,Automotive,2024-05-21,9,238.02,0.02,AU
ORD001213,480,Home & Garden,2024-07-08,7,76.14,0.19,BR
ORD001214,9,Clothing,2023-06-11,1,180.36,0.27,ES
ORD001215,287,Books,2024-11-29,1,191.96,0.0,IT
ORD001216,266,Sports,2024-01-03,6,41.8,0.12,CA
ORD001217,181,Electronics,2023-07-11,3,311.23,0.05,IT
ORD001218,56,Beauty,2023-11-28,3,258.55,0.13,US
ORD001219,41,Beauty,2024-08-23,6,332.06,0.3,MX
ORD001220,139,Sports,2024-05-20,5,413.13,0.31,SE
ORD001221,201,Toys,2023-04-22,2,166.04,0.27,MX
ORD001222,96,Electronics,2023-11-17,5,256.01,0.05,NL
ORD001223,407,Automotive,2024-07-05,9,389.4,0.29,ES
ORD001224,487,Home & Garden,2024-05-21,2,180.86,0.29,UK
ORD001225,379,Home & Garden,2023-05-19,8,280.35,0.02,UK
ORD001226,414,Books,2024-06-26,8,283.12,0.22,ES
ORD001227,179,Home & Garden,2024-05-07,8,133.63,0.2,MX
ORD001228,431,Electronics,2023-06-28,2,269.31,0.26,US
ORD001229,85,Sports,2023-08-13,5,125.9,0.28,DE
ORD001230,301,Books,2023-11-03,10,79.4,0.03,FR
ORD001231,272,Automotive,2024-05-06,3,400.08,0.1,DE
ORD001232,240,Clothing,2024-11-25,5,431.83,0.33,US
ORD001233,417,Clothing,2024-12-27,9,402.5,0.21,ES
ORD001234,169,Toys,2024-05-18,6,311.31,0.33,AU
ORD001235,282,Electronics,2023-10-29,4,42.86,0.1,SG
ORD001236,232,Toys,2023-02-19,2,268.21,0.38,CA
ORD001237,271,Toys,2024-03-08,6,476.12,0.19,CA
ORD001238,172,Sports,2023-12-18,5,453.63,0.19,MX
ORD001239,354,Sports,2024-05-04,3,404.51,0.12,JP
ORD001240,296,Beauty,2024-12-05,4,349.01,0.32,DE
ORD001241,65,Sports,2023-05-02,10,255.69,0.28,IT
ORD001242,222,Beauty,2023-09-28,7,222.78,0.35,AU
ORD001243,310,Automotive,2024-02-25,8,298.09,0.17,SG
ORD001244,49,Books,2023-09-14,1,239.81,0.33,US
ORD001245,40,Automotive,2023-05-09,10,209.89,0.18,MX
ORD001246,272,Sports,2024-03-12,4,301.48,0.12,UK
ORD001247,80,Home & Garden,2023-01-29,10,459.05,0.39,IT
ORD001248,286,Beauty,2023-10-03,10,113.98,0.11,US
ORD001249,26,Toys,2024-12-11,3,72.97,0.08,CA
ORD001250,428,Toys,2023-12-16,4,83.78,0.23,ES
ORD001251,308,Home & Garden,2023-03-16,8,351.39,0.31,AU
ORD001252,317,Electronics,2024-09-01,6,435.79,0.06,CA
ORD001253,483,Sports,2023-05-11,5,384.74,0.32,SE
ORD001254,313,Beauty,2023-07-03,5,205.55,0.39,DE
ORD001255,75,Beauty,2024-12-03,7,285.21,0.21,US
ORD001256,450,Electronics,2024-07-19,7,28.9,0.39,FR
ORD001257,236,Books,2023-08-23,5,235.54,0.05,BR
ORD001258,336,Toys,2024-04-17,6,374.3,0.23,JP
ORD001259,447,Electronics,2023-12-23,1,397.24,0.35,DE
ORD001260,237,Automotive,2024-10-13,4,308.21,0.18,FR
ORD001261,426,Toys,2024-02-14,7,417.03,0.33,US
ORD001262,477,Beauty,2024-04-27,8,176.55,0.26,MX
ORD001263,212,Books,2023-04-19,5,49.37,0.1,DE
ORD001264,13,Sports,2023-07-02,7,260.95,0.36,SE
ORD001265,373,Books,2023-01-20,2,496.38,0.15,JP
ORD001266,402,Electronics,2024-03-05,7,445.9,0.02,BR
ORD001267,22,Clothing,2024-02-15,7,438.84,0.09,MX
ORD001268,477,Clothing,2023-08-13,6,305.29,0.32,SE
ORD001269,379,Automotive,2023-06-19,2,477.27,0.29,DE
ORD001270,97,Electronics,2023-11-27,10,282.3,0.27,IN
ORD001271,363,Beauty,2023-03-17,9,221.32,0.04,JP
ORD001272,344,Sports,2024-09-14,10,331.35,0.31,SE
ORD001273,292,Toys,2024-08-30,1,279.64,0.24,SG
ORD001274,285,Toys,2024-03-11,1,350.82,0.05,AU
ORD001275,58,Sports,2024-10-20,5,192.55,0.18,BR
ORD001276,470,Automotive,2024-03-23,10,486.84,0.13,UK
ORD001277,149,Electronics,2023-12-25,4,471.54,0.29,US
ORD001278,145,Sports,2024-03-13,4,402.66,0.17,SG
ORD001279,86,Automotive,2023-03-04,9,23.03,0.27,FR
ORD001280,101,Sports,2023-06-08,1,136.09,0.37,AU
ORD001281,30,Clothing,2024-02-12,8,468.04,0.17,US
ORD001282,415,Clothing,2023-03-23,6,406.79,0.35,BR
ORD001283,450,Toys,2024-08-14,3,130.97,0.14,BR
ORD001284,27,Toys,2023-05-05,7,288.65,0.13,CA
ORD001285,91,Sports,2023-11-02,4,19.28,0.06,SE
ORD001286,222,Electronics,2023-12-20,9,415.42,0.29,AU
ORD001287,104,Books,2023-04-26,7,250.13,0.3,ES
ORD001288,100,Home & Garden,2023-06-26,1,248.27,0.05,CA
ORD001289,351,Home & Garden,2023-12-20,10,75.03,0.37,US
ORD001290,440,Sports,2023-03-19,8,22.81,0.15,NL
ORD001291,162,Sports,2023-05-17,5,472.36,0.26,ES
ORD001292,260,Home & Garden,2023-01-17,7,367.08,0.34,NL
ORD001293,203,Toys,2024-01-05,9,135.41,0.2,JP
ORD001294,188,Toys,2024-08-23,5,18.14,0.35,FR
ORD001295,29,Toys,2024-08-14,8,320.14,0.3,NL
ORD001296,354,Books,2023-09-17,9,435.22,0.15,IT
ORD001297,464,Electronics,2024-05-16,8,238.32,0.18,AU
ORD001298,380,Automotive,2024-12-23,5,335.02,0.26,IT
ORD001299,499,Beauty,2023-11-06,3,477.0,0.35,IN
ORD001300,411,Books,2024-10-29,3,244.91,0.4,IT
ORD001301,185,Toys,2024-07-22,1,407.32,0.06,SG
ORD001302,411,Books,2023-05-10,5,177.45,0.25,US
ORD001303,108,Beauty,2023-11-21,5,12.09,0.36,AU
ORD001304,200,Clothing,2024-11-10,4,427.31,0.11,CA
ORD001305,353,Books,2023-05-03,7,474.92,0.2,DE
ORD001306,145,Sports,2023-02-12,4,34.57,0.28,SE
ORD001307,379,Toys,2023-07-15,5,326.76,0.19,SG
ORD001308,93,Books,2023-01-04,8,355.64,0.07,DE
ORD001309,77,Sports,2023-04-03,4,433.88,0.08,SE
ORD001310,377,Home & Garden,2023-11-08,1,339.16,0.24,ES
ORD001311,244,Books,2024-07-12,3,411.87,0.4,UK
ORD001312,467,Beauty,2023-06-06,5,368.53,0.04,SG
ORD001313,98,Clothing,2024-09-12,9,194.76,0.2,FR
ORD001314,358,Toys,2024-12-22,1,72.03,0.04,CA
ORD001315,117,Sports,2023-12-05,2,447.89,0.3,NL
ORD001316,237,Toys,2024-12-25,3,476.12,0.32,BR
ORD001317,247,Beauty,2024-02-26,1,17.73,0.28,FR
ORD001318,425,Beauty,2023-02-13,10,353.98,0.26,AU
ORD001319,200,Books,2023-03-22,2,54.36,0.33,CA
ORD001320,182,Home & Garden,2024-01-10,7,355.86,0.29,FR
ORD001321,238,Beauty,2024-11-03,5,111.7,0.24,AU
ORD001322,489,Sports,2023-03-13,9,488.89,0.29,IT
ORD001323,193,Beauty,2024-02-22,6,373.22,0.04,AU
ORD001324,275,Automotive,2024-08-15,9,352.9,0.14,ES
ORD001325,37,Beauty,2024-12-18,7,114.02,0.26,FR
ORD001326,302,Beauty,2024-10-24,9,123.73,0.32,JP
ORD001327,39,Clothing,2023-03-19,6,280.45,0.08,DE
ORD001328,8,Toys,2023-02-26,1,85.33,0.13,IT
ORD001329,131,Sports,2023-05-30,7,162.85,0.18,AU
ORD001330,96,Sports,2023-07-24,4,458.25,0.36,US
ORD001331,262,Automotive,2024-09-24,2,230.65,0.15,JP
ORD001332,105,Books,2024-04-16,5,174.64,0.06,CA
ORD001333,107,Books,2024-11-18,5,429.6,0.35,US
ORD001334,445,Clothing,2023-11-02,10,336.13,0.16,IN
ORD001335,313,Electronics,2023-10-27,8,228.81,0.35,US
ORD001336,6,Clothing,2023-07-24,8,386.49,0.03,IN
ORD001337,381,Sports,2023-11-16,4,110.85,0.38,BR
ORD001338,362,Books,2024-07-31,5,58.32,0.38,US
ORD001339,447,Books,2024-05-23,3,148.92,0.11,DE
ORD001340,270,Automotive,2024-07-30,6,162.15,0.01,US
ORD001341,472,Toys,2024-08-29,3,450.72,0.16,DE
ORD001342,471,Clothing,2023-01-04,4,484.61,0.09,NL
ORD001343,183,Automotive,2023-06-23,4,32.83,0.31,US
ORD001344,40,Toys,2024-04-22,10,446.38,0.02,UK
ORD001345,472,Home & Garden,2023-11-22,1,414.54,0.05,ES
ORD001346,328,Books,2023-03-27,9,99.43,0.26,DE
ORD001347,438,Beauty,2023-02-17,10,240.05,0.33,CA
ORD001348,38,Home & Garden,2024-11-19,3,245.45,0.01,BR
ORD001349,158,Toys,2024-09-11,3,107.92,0.1,JP
ORD001350,1,Home & Garden,2023-08-21,3,194.72,0.24,US
ORD001351,185,Toys,2024-04-11,9,85.62,0.11,JP
ORD001352,377,Beauty,2023-04-18,2,282.74,0.26,SE
ORD001353,84,Electronics,2023-04-09,1,173.67,0.25,FR
ORD001354,188,Electronics,2023-09-01,2,234.19,0.2,CA
ORD001355,435,Toys,2023-07-25,3,250.72,0.31,NL
ORD001356,153,Books,2024-12-15,7,265.49,0.03,AU
ORD001357,265,Beauty,2023-01-18,6,96.89,0.04,SG
ORD001358,218,Home & Garden,2024-02-04,5,12.41,0.05,ES
ORD001359,103,Electronics,2024-09-15,2,289.1,0.39,IN
ORD001360,465,Home & Garden,2023-01-19,8,156.06,0.11,IT
ORD001361,405,Automotive,2024-02-09,10,37.89,0.16,SG
ORD001362,196,Automotive,2023-10-05,4,191.54,0.11,MX
ORD001363,426,Home & Garden,2023-06-07,6,494.37,0.29,FR
ORD001364,249,Toys,2023-06-21,3,311.3,0.11,SG
ORD001365,320,Beauty,2024-08-17,9,363.18,0.23,ES
ORD001366,147,Home & Garden,2023-12-06,6,422.79,0.04,MX
ORD001367,198,Toys,2023-02-03,3,340.29,0.33,JP
ORD001368,464,Beauty,2023-10-26,4,223.53,0.38,IT
ORD001369,111,Beauty,2024-08-19,2,434.77,0.14,BR
ORD001370,207,Sports,2024-05-18,10,156.74,0.04,JP
ORD001371,384,Electronics,2024-11-28,9,131.68,0.14,SE
ORD001372,165,Toys,2024-07-18,5,134.34,0.07,IN
ORD001373,386,Toys,2023-05-05,3,178.45,0.36,SG
ORD001374,197,Home & Garden,2023-02-18,2,390.0,0.39,UK
ORD001375,256,Books,2023-12-04,4,59.3,0.12,US
ORD001376,496,Home & Garden,2023-11-21,1,264.54,0.3,FR
ORD001377,372,Home & Garden,2024-02-04,8,302.57,0.31,FR
ORD001378,460,Clothing,2024-05-05,1,465.57,0.31,JP
ORD001379,100,Clothing,2023-07-05,3,195.71,0.04,CA
ORD001380,418,Books,2024-12-22,4,241.87,0.34,FR
ORD001381,265,Sports,2023-12-28,7,345.96,0.18,JP
ORD001382,384,Electronics,2024-06-05,5,87.76,0.33,BR
ORD001383,163,Toys,2023-10-26,10,207.3,0.13,BR
ORD001384,366,Electronics,2024-05-14,4,21.67,0.37,IN
ORD001385,496,Clothing,2024-12-18,6,6.89,0.09,NL
ORD001386,249,Automotive,2023-04-23,5,215.69,0.07,CA
ORD001387,213,Clothing,2023-11-15,3,409.17,0.0,SG
ORD001388,264,Clothing,2024-05-23,7,195.66,0.12,ES
ORD001389,103,Automotive,2024-09-17,10,279.23,0.17,IN
ORD001390,281,Electronics,2024-04-10,2,238.79,0.31,MX
ORD001391,99,Clothing,2023-06-18,10,218.34,0.03,CA
ORD001392,346,Sports,2024-04-15,9,308.41,0.09,IT
ORD001393,498,Books,2024-03-30,7,475.1,0.24,ES
ORD001394,382,Sports,2023-02-01,8,278.12,0.31,MX
ORD001395,500,Automotive,2024-03-19,8,425.25,0.28,IT
ORD001396,220,Home & Garden,2024-01-24,4,171.49,0.31,DE
ORD001397,400,Home & Garden,2023-07-31,8,143.68,0.31,UK
ORD001398,281,Books,2023-06-24,5,45.16,0.07,UK
ORD001399,241,Books,2024-07-14,5,294.36,0.11,MX
ORD001400,317,Sports,2023-02-17,10,369.94,0.36,JP
ORD001401,333,Electronics,2023-07-27,3,316.56,0.29,NL
ORD001402,25,Clothing,2024-05-26,1,426.07,0.38,AU
ORD001403,351,Beauty,2023-06-02,1,110.17,0.39,UK
ORD001404,264,Home & Garden,2023-03-27,5,334.52,0.0,MX
ORD001405,66,Toys,2024-12-18,1,250.9,0.24,BR
ORD001406,90,Beauty,2024-02-17,10,162.1,0.32,US
ORD001407,72,Books,2023-07-16,1,246.73,0.26,US
ORD001408,412,Home & Garden,2023-04-23,8,362.42,0.03,IT
ORD001409,198,Sports,2023-01-06,3,446.02,0.27,CA
ORD001410,216,Toys,2024-07-01,8,302.63,0.19,IN
ORD001411,188,Electronics,2023-09-18,2,333.5,0.23,US
ORD001412,364,Sports,2023-05-23,10,467.48,0.32,SE
ORD001413,235,Clothing,2024-10-21,1,371.71,0.07,SG
ORD001414,496,Home & Garden,2024-05-23,4,115.19,0.14,IN
ORD001415,152,Beauty,2024-08-14,6,384.77,0.02,MX
ORD001416,476,Clothing,2024-04-23,7,69.4,0.23,DE
ORD001417,309,Automotive,2024-10-31,4,72.26,0.04,SG
ORD001418,320,Books,2023-09-09,1,475.74,0.1,SG
ORD001419,378,Beauty,2023-04-25,10,61.36,0.3,SE
ORD001420,438,Clothing,2023-01-05,9,415.26,0.05,CA
ORD001421,436,Toys,2023-01-25,7,339.86,0.14,IN
ORD001422,447,Beauty,2024-09-15,4,379.0,0.3,IN
ORD001423,205,Toys,2024-03-24,10,283.13,0.31,JP
ORD001424,390,Automotive,2023-02-03,2,380.52,0.3,FR
ORD001425,147,Electronics,2023-03-19,1,477.59,0.24,IT
ORD001426,246,Automotive,2024-05-23,8,372.56,0.28,AU
ORD001427,76,Sports,2023-10-08,3,164.01,0.27,FR
ORD001428,216,Clothing,2024-07-19,8,447.7,0.22,AU
ORD001429,281,Toys,2024-11-14,8,242.42,0.15,US
ORD001430,418,Home & Garden,2024-07-05,2,84.6,0.04,UK
ORD001431,20,Beauty,2023-05-13,7,453.16,0.33,NL
ORD001432,300,Toys,2024-04-19,5,210.26,0.2,IN
ORD001433,429,Toys,2024-03-10,4,128.87,0.31,MX
ORD001434,389,Beauty,2024-09-10,5,322.06,0.19,DE
ORD001435,239,Books,2023-05-27,9,497.76,0.26,SE
ORD001436,205,Clothing,2024-06-08,2,422.74,0.39,IN
ORD001437,305,Sports,2024-03-13,6,129.96,0.04,IT
ORD001438,352,Clothing,2023-12-15,8,358.08,0.12,UK
ORD001439,201,Beauty,2023-08-01,10,131.71,0.1,CA
ORD001440,273,Automotive,2023-01-20,6,259.08,0.36,NL
ORD001441,2,Home & Garden,2024-08-11,6,75.41,0.05,FR
ORD001442,159,Beauty,2023-03-20,2,148.6,0.34,DE
ORD001443,395,Home & Garden,2023-10-03,6,495.29,0.04,AU
ORD001444,208,Automotive,2023-12-29,10,230.82,0.39,US
ORD001445,237,Electronics,2023-08-29,4,372.52,0.06,DE
ORD001446,470,Automotive,2024-04-28,5,222.53,0.01,IT
ORD001447,204,Sports,2023-08-28,1,6.86,0.37,JP
ORD001448,219,Automotive,2024-01-12,3,329.2,0.37,US
ORD001449,380,Toys,2023-03-11,1,213.04,0.18,FR
ORD001450,423,Toys,2023-11-14,9,135.14,0.25,IT
ORD001451,174,Books,2024-03-01,3,102.66,0.08,NL
ORD001452,88,Toys,2024-09-21,10,246.1,0.38,UK
ORD001453,324,Beauty,2023-05-13,9,449.4,0.34,ES
ORD001454,52,Toys,2023-09-05,2,174.49,0.35,ES
ORD001455,363,Automotive,2023-07-09,4,285.3,0.34,FR
ORD001456,242,Electronics,2023-04-22,5,31.35,0.22,MX
ORD001457,492,Clothing,2023-10-09,9,362.82,0.13,JP
ORD001458,151,Home & Garden,2024-10-25,10,392.71,0.4,SG
ORD001459,385,Sports,2023-09-30,10,192.45,0.16,SE
ORD001460,2,Sports,2023-07-18,5,223.07,0.39,MX
ORD001461,12,Books,2024-11-30,5,40.24,0.09,UK
ORD001462,225,Clothing,2024-06-06,2,460.74,0.24,ES
ORD001463,313,Clothing,2023-09-27,5,278.16,0.22,ES
ORD001464,84,Beauty,2024-07-01,2,75.0,0.11,BR
ORD001465,309,Sports,2024-04-11,9,373.54,0.1,FR
ORD001466,333,Electronics,2024-09-16,4,390.61,0.31,NL
ORD001467,62,Home & Garden,2023-03-23,6,105.44,0.13,AU
ORD001468,432,Home & Garden,2024-01-30,3,230.01,0.27,ES
ORD001469,376,Sports,2024-05-27,9,225.0,0.21,BR
ORD001470,167,Beauty,2024-12-29,8,190.09,0.08,AU
ORD001471,188,Toys,2024-03-15,8,433.2,0.11,NL
ORD001472,136,Automotive,2023-04-13,9,355.3,0.13,AU
ORD001473,312,Home & Garden,2024-12-10,4,442.51,0.11,DE
ORD001474,343,Beauty,2023-12-01,10,267.78,0.04,SE
ORD001475,135,Electronics,2023-12-23,7,405.82,0.0,SE
ORD001476,274,Books,2023-07-04,1,122.98,0.32,US
ORD001477,89,Automotive,2024-08-16,1,144.1,0.11,IN
ORD001478,206,Electronics,2024-01-22,8,249.84,0.36,IT
ORD001479,198,Automotive,2024-12-11,6,248.62,0.01,CA
ORD001480,190,Sports,2024-01-14,10,27.47,0.31,DE
ORD001481,104,Books,2023-05-12,1,295.31,0.12,FR
ORD001482,12,Electronics,2024-07-16,8,13.69,0.27,SE
ORD001483,494,Beauty,2023-04-18,6,101.33,0.28,CA
ORD001484,202,Clothing,2023-07-26,1,161.16,0.09,UK
ORD001485,364,Automotive,2024-11-16,9,419.85,0.08,CA
ORD001486,431,Automotive,2024-12-13,1,102.79,0.34,CA
ORD001487,19,Clothing,2024-07-20,2,199.01,0.09,NL
ORD001488,200,Toys,2023-06-01,10,325.3,0.05,US
ORD001489,193,Home & Garden,2024-06-25,4,79.91,0.28,IN
ORD001490,318,Sports,2024-03-09,9,42.54,0.09,ES
ORD001491,457,Electronics,2023-11-23,6,9.46,0.29,CA
ORD001492,339,Home & Garden,2023-11-22,5,481.54,0.18,AU
ORD001493,298,Home & Garden,2023-11-27,3,25.52,0.14,DE
ORD001494,114,Sports,2023-08-24,2,328.35,0.02,NL
ORD001495,243,Books,2024-01-28,1,8.08,0.12,MX
ORD001496,371,Home & Garden,2023-01-27,1,414.35,0.1,MX
ORD001497,269,Clothing,2024-09-11,1,336.81,0.3,AU
ORD001498,305,Books,2024-10-16,10,490.01,0.2,DE
ORD001499,152,Sports,2023-10-13,3,468.44,0.37,NL
ORD001500,234,Sports,2024-11-23,9,482.81,0.03,FR
ORD001501,195,Clothing,2024-07-20,4,43.89,0.2,DE
ORD001502,248,Sports,2024-09-10,6,295.17,0.1,FR
ORD001503,99,Books,2024-10-12,5,374.8,0.19,BR
ORD001504,324,Clothing,2023-09-06,9,67.08,0.08,AU
ORD001505,356,Beauty,2024-08-16,9,109.43,0.12,US
ORD001506,380,Beauty,2023-04-16,2,207.62,0.27,US
ORD001507,119,Toys,2024-12-14,5,425.58,0.33,UK
ORD001508,210,Home & Garden,2024-03-10,9,409.15,0.22,SE
ORD001509,213,Beauty,2024-05-21,1,409.25,0.13,SG
ORD001510,441,Home & Garden,2023-08-12,9,141.89,0.15,MX
ORD001511,464,Clothing,2023-01-24,4,384.21,0.21,IT
ORD001512,240,Home & Garden,2023-04-30,8,52.74,0.22,NL
ORD001513,203,Sports,2023-04-14,4,474.51,0.33,JP
ORD001514,11,Sports,2023-11-19,6,251.12,0.38,IT
ORD001515,169,Books,2023-08-02,6,360.16,0.08,UK
ORD001516,36,Sports,2024-11-20,3,487.0,0.37,UK
ORD001517,212,Home & Garden,2024-09-06,7,210.93,0.23,US
ORD001518,194,Clothing,2024-01-30,1,155.94,0.14,NL
ORD001519,125,Sports,2024-09-14,1,161.82,0.08,FR
ORD001520,489,Books,2024-03-03,7,51.75,0.26,DE
ORD001521,367,Home & Garden,2024-11-02,6,340.24,0.27,JP
ORD001522,322,Automotive,2024-06-27,6,498.05,0.36,UK
ORD001523,340,Sports,2024-06-20,3,437.26,0.13,UK
ORD001524,173,Sports,2023-07-20,1,483.63,0.22,UK
ORD001525,127,Sports,2024-08-02,8,110.15,0.26,AU
ORD001526,426,Clothing,2024-07-17,3,40.3,0.31,FR
ORD001527,211,Clothing,2023-03-01,4,142.32,0.34,FR
ORD001528,357,Home & Garden,2023-02-12,9,306.98,0.29,SG
ORD001529,266,Electronics,2024-10-05,10,367.7,0.12,SE
ORD001530,11,Books,2024-12-15,4,392.55,0.2,DE
ORD001531,434,Electronics,2024-03-17,4,29.01,0.21,MX
ORD001532,10,Toys,2023-05-05,10,305.85,0.39,FR
ORD001533,168,Automotive,2023-11-04,4,136.93,0.21,BR
ORD001534,377,Electronics,2023-01-16,6,135.71,0.02,AU
ORD001535,290,Automotive,2024-08-22,2,393.13,0.3,JP
ORD001536,413,Home & Garden,2023-03-17,9,447.76,0.16,CA
ORD001537,470,Clothing,2023-09-02,2,301.35,0.21,DE
ORD001538,356,Books,2024-02-15,4,15.29,0.3,US
ORD001539,131,Books,2024-05-24,7,167.83,0.39,AU
ORD001540,2,Books,2024-10-24,9,470.37,0.32,CA
ORD001541,365,Books,2023-11-04,6,312.87,0.1,MX
ORD001542,160,Automotive,2023-05-20,9,418.1,0.09,AU
ORD001543,328,Sports,2023-03-21,6,242.0,0.39,NL
ORD001544,256,Clothing,2024-04-25,5,226.68,0.09,IN
ORD001545,75,Books,2023-04-05,2,279.65,0.06,SG
ORD001546,183,Books,2024-04-25,4,422.67,0.36,JP
ORD001547,493,Automotive,2023-11-30,2,473.95,0.18,IT
ORD001548,161,Beauty,2023-11-01,3,269.98,0.02,BR
ORD001549,392,Clothing,2023-07-10,5,478.95,0.24,ES
ORD001550,349,Toys,2024-10-20,10,393.13,0.15,NL
ORD001551,215,Home & Garden,2024-06-06,10,389.44,0.18,JP
ORD001552,380,Clothing,2024-01-19,6,472.65,0.24,BR
ORD001553,280,Clothing,2023-11-06,5,75.35,0.4,DE
ORD001554,312,Toys,2023-09-21,4,30.11,0.04,IN
ORD001555,181,Home & Garden,2023-10-19,10,65.01,0.09,IT
ORD001556,471,Electronics,2024-09-15,4,285.79,0.33,SG
ORD001557,131,Clothing,2023-11-04,10,430.33,0.05,IT
ORD001558,269,Electronics,2023-01-04,5,31.62,0.39,MX
ORD001559,449,Electronics,2024-11-04,2,257.49,0.13,FR
ORD001560,356,Clothing,2024-03-08,5,315.46,0.25,JP
ORD001561,293,Automotive,2023-05-01,10,306.98,0.08,SE
ORD001562,41,Books,2023-04-03,4,149.65,0.13,CA
ORD001563,185,Sports,2023-10-02,8,125.38,0.22,JP
ORD001564,225,Automotive,2024-03-22,10,17.16,0.39,US
ORD001565,426,Toys,2024-11-16,1,84.73,0.15,IT
ORD001566,428,Automotive,2023-02-09,9,12.38,0.36,IN
ORD001567,222,Home & Garden,2023-09-15,8,247.1,0.08,JP
ORD001568,178,Electronics,2023-07-07,7,333.47,0.01,DE
ORD001569,93,Clothing,2023-11-04,5,307.78,0.34,BR
ORD001570,240,Automotive,2024-08-01,7,360.73,0.28,BR
ORD001571,77,Automotive,2023-04-26,2,46.77,0.05,ES
ORD001572,84,Sports,2024-11-13,10,285.74,0.01,SG
ORD001573,471,Books,2023-07-07,3,106.64,0.33,FR
ORD001574,270,Clothing,2024-07-03,2,324.86,0.07,NL
ORD001575,192,Toys,2024-04-11,8,405.02,0.19,ES
ORD001576,211,Books,2024-02-04,1,321.04,0.34,IN
ORD001577,198,Automotive,2024-09-08,4,201.23,0.23,AU
ORD001578,421,Toys,2024-03-19,3,196.9,0.36,ES
ORD001579,269,Sports,2024-07-25,10,281.97,0.01,BR
ORD001580,323,Beauty,2024-03-06,3,446.79,0.17,JP
ORD001581,289,Home & Garden,2024-06-09,9,330.27,0.08,MX
ORD001582,282,Toys,2023-02-04,6,54.48,0.16,IN
ORD001583,217,Books,2024-04-15,6,393.69,0.3,SE
ORD001584,385,Automotive,2024-10-10,7,32.18,0.36,IT
ORD001585,468,Electronics,2024-04-19,7,190.4,0.06,DE
ORD001586,173,Clothing,2024-08-20,3,192.51,0.14,IT
ORD001587,166,Electronics,2024-12-24,10,314.22,0.18,IN
ORD001588,381,Automotive,2023-04-25,1,419.02,0.1,AU
ORD001589,57,Toys,2024-05-18,4,142.47,0.08,UK
ORD001590,228,Books,2024-10-16,4,319.53,0.33,AU
ORD001591,498,Automotive,2023-01-21,9,291.73,0.35,IN
ORD001592,349,Toys,2023-05-07,5,307.32,0.01,SG
ORD001593,110,Beauty,2023-07-02,5,15.34,0.37,IT
ORD001594,205,Sports,2024-10-04,1,258.86,0.32,MX
ORD001595,473,Books,2024-12-14,9,468.41,0.12,CA
ORD001596,264,Automotive,2024-10-28,5,127.79,0.26,JP
ORD001597,423,Electronics,2023-12-13,1,393.97,0.19,MX
ORD001598,407,Clothing,2024-05-02,3,362.24,0.08,BR
ORD001599,389,Clothing,2023-03-17,8,493.05,0.04,ES
ORD001600,324,Beauty,2024-12-15,1,162.99,0.24,MX
ORD001601,67,Beauty,2024-11-20,9,426.98,0.01,BR
ORD001602,147,Beauty,2024-03-11,5,142.39,0.32,AU
ORD001603,18,Books,2023-04-15,7,232.4,0.26,NL
ORD001604,218,Sports,2024-11-22,8,244.16,0.26,UK
ORD001605,86,Sports,2024-10-15,3,352.88,0.22,US
ORD001606,302,Automotive,2024-12-24,6,128.34,0.25,JP
ORD001607,201,Automotive,2024-01-06,2,172.29,0.37,IT
ORD001608,471,Books,2023-09-12,6,487.96,0.22,ES
ORD001609,397,Automotive,2023-10-03,8,328.67,0.11,NL
ORD001610,113,Automotive,2023-12-29,2,277.78,0.29,NL
ORD001611,197,Clothing,2024-10-27,2,33.37,0.13,ES
ORD001612,209,Toys,2023-04-04,2,498.89,0.35,SE
ORD001613,16,Automotive,2024-04-18,9,384.18,0.18,IN
ORD001614,364,Books,2024-10-30,9,488.7,0.11,AU
ORD001615,36,Books,2023-07-19,6,172.08,0.03,CA
ORD001616,410,Automotive,2024-01-19,6,68.49,0.13,CA
ORD001617,231,Beauty,2024-08-02,4,374.5,0.21,DE
ORD001618,228,Beauty,2024-01-11,6,370.17,0.03,FR
ORD001619,15,Clothing,2024-01-21,3,435.95,0.39,IN
ORD001620,314,Books,2024-07-13,5,9.55,0.24,IT
ORD001621,378,Electronics,2023-05-01,1,296.02,0.31,CA
ORD001622,207,Toys,2024-06-05,6,76.36,0.03,BR
ORD001623,123,Beauty,2024-10-29,10,242.58,0.16,MX
ORD001624,500,Beauty,2023-03-16,8,499.63,0.15,US
ORD001625,244,Home & Garden,2023-02-13,7,374.19,0.27,DE
ORD001626,331,Electronics,2023-03-05,3,136.56,0.19,US
ORD001627,397,Automotive,2024-06-20,8,314.69,0.1,US
ORD001628,295,Beauty,2023-10-13,10,243.8,0.3,UK
ORD001629,277,Books,2023-12-06,10,229.91,0.28,ES
ORD001630,343,Toys,2024-06-15,10,38.27,0.16,SG
ORD001631,442,Books,2024-01-17,3,324.6,0.35,ES
ORD001632,343,Beauty,2024-03-14,3,308.6,0.06,US
ORD001633,424,Sports,2024-09-12,1,50.73,0.21,FR
ORD001634,141,Automotive,2023-11-26,10,69.74,0.34,ES
ORD001635,87,Beauty,2024-09-30,5,233.57,0.28,MX
ORD001636,51,Toys,2024-01-17,6,271.91,0.21,AU
ORD001637,12,Electronics,2023-10-21,5,100.48,0.04,ES
ORD001638,223,Home & Garden,2023-07-10,7,416.89,0.01,UK
ORD001639,433,Toys,2024-06-17,1,356.11,0.27,AU
ORD001640,33,Sports,2024-03-30,4,117.29,0.18,BR
ORD001641,328,Clothing,2024-08-12,5,403.22,0.17,JP
ORD001642,401,Sports,2024-02-04,2,295.32,0.16,BR
ORD001643,460,Clothing,2024-09-24,6,162.64,0.07,CA
ORD001644,406,Automotive,2023-07-29,7,415.23,0.22,SE
ORD001645,42,Electronics,2024-06-17,2,259.0,0.15,CA
ORD001646,76,Books,2023-10-15,9,221.99,0.03,BR
ORD001647,494,Electronics,2023-03-25,7,13.85,0.37,IN
ORD001648,47,Clothing,2024-01-21,1,411.69,0.2,BR
ORD001649,493,Books,2023-06-18,4,142.43,0.1,BR
ORD001650,472,Automotive,2023-02-15,8,149.46,0.28,BR
ORD001651,135,Toys,2023-09-23,6,418.72,0.34,ES
ORD001652,404,Clothing,2024-12-14,1,48.61,0.12,IT
ORD001653,30,Home & Garden,2024-10-14,7,477.53,0.37,CA
ORD001654,64,Clothing,2024-12-16,3,169.61,0.24,ES
ORD001655,187,Electronics,2023-01-21,4,170.74,0.1,IN
ORD001656,114,Sports,2023-04-22,1,351.36,0.28,UK
ORD001657,218,Home & Garden,2023-06-21,8,184.29,0.25,SG
ORD001658,136,Clothing,2024-06-21,3,139.8,0.37,DE
ORD001659,135,Beauty,2024-12-15,7,84.71,0.35,SE
ORD001660,178,Automotive,2023-10-24,5,169.97,0.24,US
ORD001661,28,Beauty,2024-03-02,1,486.41,0.25,UK
ORD001662,347,Automotive,2023-03-06,2,70.77,0.09,SG
ORD001663,434,Sports,2024-04-04,2,468.43,0.3,ES
ORD001664,201,Clothing,2024-10-19,1,289.7,0.33,BR
ORD001665,106,Sports,2024-04-26,1,339.31,0.4,MX
ORD001666,452,Clothing,2024-04-21,1,399.05,0.09,SG
ORD001667,437,Books,2023-12-22,9,27.82,0.22,MX
ORD001668,231,Home & Garden,2023-11-25,10,487.33,0.39,DE
ORD001669,130,Home & Garden,2023-09-27,4,381.28,0.29,MX
ORD001670,375,Beauty,2024-08-21,1,402.19,0.13,IT
ORD001671,425,Beauty,2024-04-15,6,216.28,0.02,IN
ORD001672,17,Toys,2023-08-07,8,300.98,0.39,CA
ORD001673,142,Home & Garden,2024-01-14,6,283.31,0.26,NL
ORD001674,432,Electronics,2023-03-26,5,54.45,0.33,DE
ORD001675,51,Beauty,2023-02-03,5,101.64,0.03,MX
ORD001676,124,Clothing,2023-04-10,1,385.72,0.23,NL
ORD001677,412,Sports,2024-09-25,4,250.14,0.37,IT
ORD001678,408,Clothing,2023-07-07,2,97.68,0.25,DE
ORD001679,139,Home & Garden,2024-12-04,4,429.55,0.15,NL
ORD001680,435,Clothing,2023-09-04,2,90.22,0.12,BR
ORD001681,155,Automotive,2023-10-27,3,462.12,0.04,IN
ORD001682,104,Home & Garden,2024-08-15,3,378.87,0.0,DE
ORD001683,204,Automotive,2023-06-13,3,408.88,0.14,UK
ORD001684,298,Home & Garden,2024-10-25,2,255.67,0.23,AU
ORD001685,303,Home & Garden,2024-04-22,7,254.06,0.36,UK
ORD001686,131,Home & Garden,2023-02-15,3,65.25,0.39,UK
ORD001687,319,Toys,2024-11-29,8,467.35,0.04,MX
ORD001688,9,Beauty,2023-07-29,6,198.41,0.11,SG
ORD001689,38,Automotive,2023-06-19,3,287.82,0.01,JP
ORD001690,125,Electronics,2024-10-17,2,41.85,0.14,SG
ORD001691,477,Sports,2023-08-26,2,103.99,0.26,NL
ORD001692,352,Clothing,2024-06-11,9,435.73,0.17,DE
ORD001693,27,Automotive,2023-01-25,8,221.57,0.32,US
ORD001694,35,Books,2024-11-03,6,195.77,0.03,AU
ORD001695,418,Electronics,2023-10-26,1,135.86,0.26,US
ORD001696,253,Books,2023-05-11,6,479.98,0.4,UK
ORD001697,358,Automotive,2024-12-17,6,339.64,0.07,ES
ORD001698,156,Sports,2024-06-25,10,249.9,0.39,UK
ORD001699,145,Toys,2024-08-02,5,477.73,0.31,SG
ORD001700,80,Sports,2024-01-01,2,290.15,0.13,FR
ORD001701,299,Clothing,2024-05-17,7,465.66,0.17,NL
ORD001702,287,Automotive,2023-08-01,5,84.82,0.04,UK
ORD001703,275,Electronics,2024-01-14,8,208.81,0.27,IN
ORD001704,467,Books,2023-10-05,10,276.22,0.22,UK
ORD001705,334,Toys,2023-11-07,10,94.27,0.07,SE
ORD001706,467,Automotive,2023-01-04,6,319.58,0.21,UK
ORD001707,369,Clothing,2024-08-14,3,370.11,0.38,US
ORD001708,66,Automotive,2023-06-09,6,124.11,0.39,SG
ORD001709,258,Electronics,2023-12-12,1,200.1,0.32,IT
ORD001710,486,Sports,2024-04-26,7,464.45,0.06,NL
ORD001711,359,Clothing,2023-01-26,6,297.0,0.15,DE
ORD001712,59,Automotive,2023-09-07,9,349.74,0.24,BR
ORD001713,100,Electronics,2023-07-12,4,399.01,0.07,CA
ORD001714,39,Sports,2023-04-07,8,114.82,0.35,US
ORD001715,347,Clothing,2024-08-16,5,360.99,0.28,AU
ORD001716,219,Electronics,2024-01-31,6,443.77,0.11,BR
ORD001717,214,Sports,2023-11-30,9,476.79,0.35,DE
ORD001718,489,Books,2023-04-07,4,54.84,0.28,SE
ORD001719,471,Sports,2024-01-11,4,109.06,0.33,JP
ORD001720,48,Books,2023-07-15,5,9.05,0.26,SG
ORD001721,428,Home & Garden,2023-04-03,6,201.71,0.38,IN
ORD001722,468,Clothing,2024-01-20,1,154.67,0.34,CA
ORD001723,1,Toys,2024-05-12,2,296.24,0.38,JP
ORD001724,457,Automotive,2023-02-11,6,126.64,0.37,FR
ORD001725,381,Electronics,2023-02-11,8,351.84,0.25,AU
ORD001726,142,Home & Garden,2024-06-23,1,480.12,0.34,DE
ORD001727,302,Automotive,2023-05-31,5,55.96,0.15,UK
ORD001728,21,Automotive,2023-04-23,9,112.02,0.04,SG
ORD001729,358,Automotive,2024-12-03,4,101.97,0.19,NL
ORD001730,173,Electronics,2023-05-12,10,489.6,0.05,ES
ORD001731,130,Automotive,2024-05-14,5,293.0,0.08,NL
ORD001732,397,Electronics,2024-08-17,7,160.14,0.23,IT
ORD001733,400,Books,2023-08-29,3,194.05,0.1,IT
ORD001734,178,Home & Garden,2023-12-05,9,407.67,0.01,DE
ORD001735,71,Automotive,2024-02-09,6,377.72,0.12,MX
ORD001736,371,Home & Garden,2023-05-27,5,212.8,0.22,JP
ORD001737,450,Toys,2023-08-05,3,146.69,0.2,JP
ORD001738,439,Sports,2024-12-04,8,479.0,0.13,ES
ORD001739,218,Home & Garden,2023-07-19,4,419.14,0.29,ES
ORD001740,260,Electronics,2024-08-15,10,9.19,0.1,BR
ORD001741,54,Automotive,2024-01-26,1,257.59,0.29,SE
ORD001742,164,Electronics,2024-04-16,10,27.09,0.08,US
ORD001743,351,Clothing,2023-11-30,4,276.62,0.03,ES
ORD001744,383,Beauty,2024-03-05,1,471.93,0.14,NL
ORD001745,194,Sports,2024-01-30,4,15.85,0.34,FR
ORD001746,461,Books,2023-12-18,4,157.21,0.3,AU
ORD001747,128,Clothing,2024-08-09,8,254.24,0.28,FR
ORD001748,351,Clothing,2024-10-04,10,132.45,0.03,FR
ORD001749,335,Books,2023-07-06,7,65.78,0.07,BR
ORD001750,298,Beauty,2023-04-10,7,139.83,0.26,IT
ORD001751,167,Beauty,2024-08-15,2,197.15,0.27,AU
ORD001752,356,Toys,2023-06-04,3,159.79,0.16,IN
ORD001753,109,Toys,2024-09-24,7,497.02,0.37,AU
ORD001754,415,Books,2023-03-16,7,481.05,0.39,UK
ORD001755,302,Toys,2023-03-08,5,318.85,0.06,SG
ORD001756,206,Automotive,2023-05-13,9,32.93,0.09,CA
ORD001757,176,Books,2023-01-09,5,44.76,0.39,ES
ORD001758,63,Sports,2024-06-29,9,351.56,0.32,NL
ORD001759,27,Automotive,2023-10-17,2,336.12,0.09,JP
ORD001760,157,Clothing,2024-11-21,9,94.83,0.36,IN
ORD001761,114,Home & Garden,2023-09-24,6,442.75,0.26,AU
ORD001762,344,Toys,2024-05-28,10,361.52,0.22,ES
ORD001763,226,Books,2024-05-13,2,105.86,0.3,FR
ORD001764,77,Electronics,2023-08-26,2,453.11,0.09,DE
ORD001765,288,Clothing,2024-10-13,3,369.86,0.16,SG
ORD001766,318,Automotive,2023-10-18,6,454.48,0.17,BR
ORD001767,244,Books,2024-02-07,9,446.13,0.16,CA
ORD001768,327,Beauty,2023-10-18,8,7.69,0.04,US
ORD001769,460,Beauty,2023-11-14,1,271.9,0.17,NL
ORD001770,299,Toys,2023-02-09,5,56.08,0.06,FR
ORD001771,171,Books,2023-08-15,8,174.11,0.25,UK
ORD001772,314,Home & Garden,2024-11-23,8,153.31,0.36,UK
ORD001773,434,Books,2024-08-29,4,259.23,0.3,ES
ORD001774,321,Home & Garden,2024-10-04,5,424.16,0.18,NL
ORD001775,240,Home & Garden,2024-06-04,3,77.76,0.19,JP
ORD001776,58,Home & Garden,2024-04-21,3,236.58,0.24,MX
ORD001777,341,Books,2024-10-17,6,427.78,0.38,IN
ORD001778,392,Home & Garden,2024-01-28,5,236.92,0.38,CA
ORD001779,271,Sports,2024-10-30,3,138.86,0.28,NL
ORD001780,316,Sports,2023-10-31,1,283.18,0.18,SG
ORD001781,55,Automotive,2024-03-12,9,14.09,0.09,US
ORD001782,484,Clothing,2023-12-11,9,230.34,0.07,MX
ORD001783,212,Automotive,2023-01-14,1,265.45,0.0,US
ORD001784,442,Beauty,2023-05-26,6,115.03,0.15,UK
ORD001785,338,Automotive,2024-11-08,7,130.11,0.02,UK
ORD001786,361,Beauty,2024-03-12,6,57.17,0.28,AU
ORD001787,139,Sports,2023-02-03,9,447.34,0.06,US
ORD001788,132,Home & Garden,2024-12-07,7,30.23,0.32,FR
ORD001789,166,Automotive,2024-11-08,3,446.54,0.12,SE
ORD001790,135,Beauty,2024-06-03,4,480.22,0.34,CA
ORD001791,351,Books,2023-07-26,8,290.05,0.01,UK
ORD001792,77,Books,2023-08-04,10,446.57,0.04,AU
ORD001793,367,Clothing,2024-09-23,5,263.2,0.31,ES
ORD001794,74,Toys,2023-02-14,4,22.88,0.25,IT
ORD001795,269,Automotive,2023-06-23,10,128.49,0.06,ES
ORD001796,147,Automotive,2023-05-02,3,485.74,0.36,DE
ORD001797,369,Beauty,2024-06-06,4,407.82,0.27,US
ORD001798,144,Beauty,2023-10-06,9,491.61,0.2,CA
ORD001799,421,Home & Garden,2024-10-30,4,217.43,0.29,CA
ORD001800,438,Beauty,2024-08-09,7,118.1,0.25,NL
ORD001801,255,Clothing,2024-12-19,9,137.44,0.0,NL
ORD001802,12,Sports,2023-08-07,10,414.11,0.36,NL
ORD001803,348,Books,2023-12-13,7,105.75,0.33,MX
ORD001804,342,Books,2024-04-26,2,306.29,0.23,MX
ORD001805,7,Home & Garden,2024-12-12,8,450.39,0.21,ES
ORD001806,282,Beauty,2023-09-09,10,408.43,0.32,SE
ORD001807,15,Beauty,2023-08-27,5,214.84,0.06,NL
ORD001808,124,Sports,2024-04-02,8,198.56,0.38,CA
ORD001809,302,Home & Garden,2024-04-30,5,299.66,0.37,US
ORD001810,232,Toys,2023-05-18,10,222.13,0.17,BR
ORD001811,318,Home & Garden,2023-11-28,10,141.67,0.24,IT
ORD001812,208,Books,2023-10-03,7,61.88,0.26,US
ORD001813,147,Clothing,2023-11-04,6,159.9,0.32,US
ORD001814,35,Home & Garden,2023-04-13,8,75.53,0.33,SE
ORD001815,309,Toys,2024-04-18,8,36.92,0.28,SE
ORD001816,271,Sports,2023-05-17,2,448.5,0.33,ES
ORD001817,51,Toys,2023-01-19,10,331.94,0.11,IN
ORD001818,58,Beauty,2023-12-29,7,482.43,0.2,US
ORD001819,385,Clothing,2023-01-29,8,374.91,0.35,CA
ORD001820,414,Beauty,2024-05-01,2,366.79,0.28,SE
ORD001821,177,Books,2024-03-09,8,241.87,0.31,DE
ORD001822,490,Books,2024-02-18,3,311.92,0.18,IN
ORD001823,286,Books,2023-03-11,2,53.35,0.21,IT
ORD001824,274,Beauty,2023-04-01,9,334.09,0.06,SG
ORD001825,490,Sports,2024-04-30,3,323.42,0.26,NL
ORD001826,308,Electronics,2023-01-24,3,247.64,0.24,UK
ORD001827,259,Electronics,2023-03-26,8,330.24,0.39,UK
ORD001828,62,Toys,2024-07-11,4,404.49,0.2,JP
ORD001829,264,Sports,2023-05-02,10,211.54,0.19,SG
ORD001830,164,Books,2023-12-28,6,167.42,0.21,IN
ORD001831,52,Books,2023-03-13,5,151.07,0.35,UK
ORD001832,267,Toys,2023-06-21,7,438.43,0.23,SG
ORD001833,23,Automotive,2024-10-03,8,483.63,0.19,ES
ORD001834,464,Beauty,2024-07-03,6,403.73,0.11,JP
ORD001835,462,Beauty,2023-05-18,1,348.16,0.4,UK
ORD001836,362,Electronics,2023-06-06,2,421.45,0.28,FR
ORD001837,434,Sports,2023-12-12,2,384.12,0.05,FR
ORD001838,414,Books,2024-04-06,6,154.26,0.05,UK
ORD001839,406,Books,2024-03-01,1,136.38,0.22,DE
ORD001840,63,Automotive,2023-07-27,9,436.47,0.26,CA
ORD001841,498,Books,2024-11-22,2,429.82,0.13,DE
ORD001842,118,Toys,2024-09-01,7,147.09,0.01,DE
ORD001843,49,Electronics,2024-04-20,1,140.68,0.25,NL
ORD001844,440,Toys,2024-10-24,9,482.54,0.06,JP
ORD001845,383,Home & Garden,2023-08-03,1,290.29,0.21,MX
ORD001846,300,Electronics,2023-08-07,7,379.48,0.36,JP
ORD001847,56,Clothing,2023-08-14,7,26.16,0.2,SG
ORD001848,160,Books,2023-04-28,6,257.47,0.06,ES
ORD001849,318,Toys,2023-04-13,5,205.04,0.21,FR
ORD001850,352,Beauty,2024-10-25,10,136.88,0.04,DE
ORD001851,359,Beauty,2024-09-18,6,163.7,0.32,DE
ORD001852,125,Beauty,2024-02-05,2,427.34,0.21,BR
ORD001853,347,Electronics,2024-04-27,4,15.57,0.15,DE
ORD001854,56,Beauty,2023-06-24,6,350.71,0.22,FR
ORD001855,133,Automotive,2023-01-17,5,257.95,0.08,NL
ORD001856,9,Sports,2023-11-19,4,191.67,0.12,IT
ORD001857,442,Home & Garden,2024-05-03,2,447.83,0.14,CA
ORD001858,184,Beauty,2024-05-11,3,381.19,0.25,NL
ORD001859,284,Electronics,2024-03-17,7,304.83,0.24,BR
ORD001860,6,Electronics,2024-11-06,9,212.31,0.05,NL
ORD001861,457,Electronics,2023-06-02,2,457.68,0.35,AU
ORD001862,200,Toys,2023-07-12,3,469.66,0.1,BR
ORD001863,223,Electronics,2023-02-28,9,368.38,0.35,BR
ORD001864,180,Electronics,2024-11-14,4,215.67,0.14,CA
ORD001865,172,Sports,2023-11-28,3,491.69,0.21,IT
ORD001866,154,Sports,2023-10-21,6,28.07,0.19,CA
ORD001867,450,Books,2024-12-20,3,425.62,0.27,UK
ORD001868,40,Beauty,2023-11-09,9,152.58,0.1,IT
ORD001869,408,Home & Garden,2023-09-02,2,246.81,0.26,SE
ORD001870,128,Sports,2023-06-02,7,48.38,0.17,SE
ORD001871,44,Toys,2023-11-18,2,236.43,0.29,CA
ORD001872,437,Toys,2024-05-15,10,119.35,0.22,BR
ORD001873,220,Home & Garden,2024-10-29,3,161.98,0.31,DE
ORD001874,453,Sports,2023-05-20,8,285.67,0.35,BR
ORD001875,38,Clothing,2024-05-20,10,486.23,0.17,ES
ORD001876,37,Toys,2023-01-05,6,117.28,0.08,NL
ORD001877,436,Beauty,2024-08-07,1,175.36,0.03,SG
ORD001878,127,Toys,2023-07-24,4,124.44,0.14,IT
ORD001879,240,Clothing,2023-01-29,5,255.48,0.23,CA
ORD001880,83,Automotive,2023-10-15,1,138.17,0.28,DE
ORD001881,131,Toys,2024-10-13,4,100.95,0.26,IN
ORD001882,289,Automotive,2023-06-19,6,328.12,0.07,JP
ORD001883,36,Toys,2023-07-29,8,92.8,0.2,DE
ORD001884,386,Toys,2023-05-03,2,284.21,0.31,MX
ORD001885,147,Beauty,2024-12-17,7,32.72,0.31,US
ORD001886,455,Beauty,2023-11-12,7,360.76,0.24,DE
ORD001887,183,Home & Garden,2024-11-22,1,6.23,0.05,DE
ORD001888,361,Toys,2023-03-09,5,341.44,0.18,FR
ORD001889,486,Automotive,2023-11-24,1,77.58,0.0,SG
ORD001890,328,Beauty,2023-12-13,9,353.18,0.27,SG
ORD001891,496,Electronics,2023-07-06,7,46.09,0.15,SE
ORD001892,358,Automotive,2023-12-30,6,163.61,0.08,SG
ORD001893,232,Sports,2023-09-13,7,356.95,0.09,ES
ORD001894,492,Clothing,2023-06-29,10,311.88,0.0,FR
ORD001895,457,Toys,2023-09-24,7,149.12,0.34,SG
ORD001896,467,Automotive,2024-04-08,3,231.98,0.0,SG
ORD001897,400,Beauty,2023-12-08,7,170.62,0.14,MX
ORD001898,49,Clothing,2023-10-26,8,11.97,0.25,IN
ORD001899,385,Toys,2024-09-15,9,283.4,0.33,AU
ORD001900,114,Clothing,2024-04-15,6,494.95,0.38,UK
ORD001901,135,Toys,2024-04-09,4,259.61,0.11,FR
ORD001902,390,Home & Garden,2023-06-12,5,189.89,0.0,DE
ORD001903,372,Automotive,2024-07-01,4,250.47,0.3,ES
ORD001904,38,Electronics,2023-01-27,3,359.33,0.2,US
ORD001905,496,Home & Garden,2023-06-05,9,54.83,0.17,IT
ORD001906,345,Beauty,2023-10-29,10,226.83,0.28,MX
ORD001907,420,Sports,2024-10-11,4,91.67,0.4,JP
ORD001908,452,Home & Garden,2023-01-21,6,325.81,0.09,DE
ORD001909,272,Toys,2023-11-21,10,476.27,0.25,MX
ORD001910,167,Books,2023-03-29,4,121.05,0.24,BR
ORD001911,1,Books,2023-06-17,8,199.01,0.25,MX
ORD001912,361,Books,2023-10-23,9,139.87,0.21,CA
ORD001913,189,Home & Garden,2023-03-13,8,197.09,0.39,IN
ORD001914,210,Clothing,2024-08-28,6,232.83,0.1,BR
ORD001915,328,Toys,2023-03-02,10,390.68,0.35,FR
ORD001916,208,Books,2024-03-03,4,283.56,0.26,SG
ORD001917,70,Home & Garden,2023-04-30,8,253.55,0.36,FR
ORD001918,436,Clothing,2023-03-19,3,20.97,0.32,UK
ORD001919,203,Automotive,2023-12-04,1,26.86,0.26,UK
ORD001920,360,Clothing,2023-09-10,9,431.25,0.02,US
ORD001921,356,Sports,2023-02-03,5,415.46,0.24,UK
ORD001922,125,Automotive,2023-02-17,7,74.71,0.09,NL
ORD001923,446,Toys,2023-08-07,4,440.58,0.14,AU
ORD001924,495,Automotive,2024-07-25,5,489.68,0.16,JP
ORD001925,351,Clothing,2024-09-13,5,359.43,0.35,FR
ORD001926,426,Home & Garden,2023-02-18,6,235.26,0.37,BR
ORD001927,306,Automotive,2023-05-06,3,115.31,0.31,US
ORD001928,155,Electronics,2023-09-05,3,444.79,0.06,CA
ORD001929,113,Automotive,2024-04-19,3,181.04,0.16,AU
ORD001930,472,Electronics,2023-07-28,7,124.76,0.0,JP
ORD001931,336,Toys,2023-06-11,6,290.5,0.34,UK
ORD001932,243,Beauty,2024-03-05,10,453.58,0.06,JP
ORD001933,420,Clothing,2024-05-12,8,436.05,0.26,IT
ORD001934,281,Beauty,2023-12-22,3,405.93,0.21,SG
ORD001935,219,Sports,2024-05-02,2,158.81,0.1,JP
ORD001936,30,Toys,2023-01-03,2,383.53,0.23,ES
ORD001937,445,Electronics,2023-08-28,3,449.65,0.12,US
ORD001938,36,Electronics,2024-03-20,8,419.96,0.13,UK
ORD001939,170,Electronics,2024-04-20,7,308.22,0.05,DE
ORD001940,302,Books,2023-05-22,3,285.58,0.22,DE
ORD001941,317,Books,2023-08-31,7,422.82,0.36,US
ORD001942,325,Toys,2023-06-15,3,264.6,0.14,NL
ORD001943,421,Clothing,2024-10-17,1,127.46,0.23,FR
ORD001944,256,Home & Garden,2023-08-05,5,229.02,0.15,DE
ORD001945,444,Automotive,2024-10-05,1,425.5,0.11,DE
ORD001946,292,Automotive,2024-10-07,9,15.28,0.2,SG
ORD001947,235,Toys,2024-01-19,5,210.72,0.1,UK
ORD001948,193,Sports,2024-09-27,7,429.89,0.28,US
ORD001949,231,Toys,2023-02-25,9,274.17,0.37,FR
ORD001950,238,Toys,2023-04-03,8,200.55,0.17,IT
ORD001951,473,Beauty,2023-10-24,3,358.23,0.27,IT
ORD001952,84,Home & Garden,2024-05-20,4,309.36,0.1,DE
ORD001953,234,Books,2024-12-09,10,284.04,0.21,US
ORD001954,63,Sports,2023-12-07,5,120.3,0.24,BR
ORD001955,2,Automotive,2023-01-06,10,460.97,0.34,DE
ORD001956,228,Toys,2023-05-13,6,47.62,0.28,AU
ORD001957,243,Sports,2023-11-16,7,347.71,0.12,BR
ORD001958,147,Automotive,2024-05-18,6,336.66,0.31,NL
ORD001959,303,Clothing,2024-03-04,10,70.28,0.34,CA
ORD001960,9,Beauty,2024-10-01,6,55.35,0.22,UK
ORD001961,372,Toys,2023-07-13,4,175.01,0.23,JP
ORD001962,209,Books,2024-01-30,5,45.97,0.27,CA
ORD001963,40,Sports,2023-04-16,6,477.05,0.19,SG
ORD001964,465,Sports,2024-04-16,3,430.49,0.23,CA
ORD001965,288,Sports,2024-07-10,8,474.42,0.28,CA
ORD001966,237,Automotive,2024-01-10,4,495.83,0.11,FR
ORD001967,306,Books,2023-11-24,1,114.73,0.03,NL
ORD001968,276,Home & Garden,2023-05-16,4,386.47,0.13,US
ORD001969,340,Sports,2024-11-12,8,231.5,0.16,US
ORD001970,364,Electronics,2024-03-18,8,27.32,0.36,US
ORD001971,137,Electronics,2024-08-18,10,260.25,0.36,AU
ORD001972,323,Home & Garden,2023-01-18,10,46.59,0.25,BR
ORD001973,384,Beauty,2023-07-03,6,493.28,0.04,CA
ORD001974,70,Books,2023-12-19,6,417.18,0.06,MX
ORD001975,395,Sports,2024-01-27,3,414.16,0.0,MX
ORD001976,174,Beauty,2023-10-23,10,44.48,0.18,US
ORD001977,69,Toys,2023-09-04,2,9.8,0.27,SG
ORD001978,356,Sports,2023-11-25,10,138.18,0.38,DE
ORD001979,387,Sports,2023-09-25,3,416.74,0.09,BR
ORD001980,278,Sports,2023-01-30,9,292.47,0.05,FR
ORD001981,309,Automotive,2024-05-20,3,328.26,0.11,JP
ORD001982,227,Home & Garden,2024-07-17,8,69.55,0.22,CA
ORD001983,219,Electronics,2023-08-16,9,233.6,0.01,IT
ORD001984,164,Automotive,2024-12-06,8,235.7,0.33,SE
ORD001985,390,Home & Garden,2024-12-21,2,489.83,0.25,US
ORD001986,245,Automotive,2024-02-20,10,388.44,0.31,NL
ORD001987,64,Toys,2024-08-02,10,72.25,0.38,ES
ORD001988,121,Sports,2024-02-03,7,232.76,0.29,BR
ORD001989,179,Sports,2023-07-10,8,387.08,0.32,UK
ORD001990,373,Books,2023-02-21,5,393.66,0.26,IT
ORD001991,447,Toys,2023-09-09,8,230.75,0.11,SE
ORD001992,84,Books,2023-05-16,10,412.91,0.08,IT
ORD001993,72,Automotive,2024-11-04,7,240.85,0.39,SE
ORD001994,261,Sports,2024-12-10,3,22.51,0.16,SG
ORD001995,464,Home & Garden,2024-01-24,1,407.11,0.2,AU
ORD001996,145,Books,2024-02-16,7,497.16,0.08,SG
ORD001997,315,Beauty,2024-11-10,8,143.32,0.05,US
ORD001998,362,Home & Garden,2024-06-29,9,334.99,0.18,ES
ORD001999,4,Home & Garden,2023-04-29,4,206.3,0.25,FR
ORD002000,183,Clothing,2024-11-25,8,206.59,0.35,FR
ORD002001,78,Toys,2024-02-22,2,459.19,0.13,NL
ORD002002,495,Electronics,2023-01-16,8,480.22,0.16,SE
ORD002003,27,Home & Garden,2023-05-24,9,59.73,0.35,AU
ORD002004,66,Beauty,2024-08-04,3,365.15,0.28,CA
ORD002005,387,Home & Garden,2023-04-04,4,94.91,0.11,IN
ORD002006,80,Clothing,2024-09-13,9,268.31,0.37,JP
ORD002007,128,Automotive,2024-07-28,7,401.61,0.02,MX
ORD002008,278,Electronics,2023-01-26,6,116.37,0.26,BR
ORD002009,285,Toys,2023-08-30,2,166.6,0.39,CA
ORD002010,499,Electronics,2024-01-06,9,472.54,0.02,MX
ORD002011,426,Toys,2023-02-25,2,212.33,0.22,MX
ORD002012,419,Automotive,2024-02-28,5,43.88,0.15,IT
ORD002013,452,Sports,2024-12-16,5,211.73,0.16,IN
ORD002014,279,Electronics,2024-03-14,8,229.06,0.1,BR
ORD002015,421,Electronics,2023-12-27,1,390.67,0.36,SG
ORD002016,354,Clothing,2024-09-24,1,178.09,0.06,JP
ORD002017,252,Books,2024-12-04,7,68.57,0.03,SG
ORD002018,469,Automotive,2024-10-19,4,390.39,0.04,IN
ORD002019,72,Electronics,2023-01-27,1,191.4,0.02,JP
ORD002020,192,Sports,2023-03-14,8,21.4,0.23,UK
ORD002021,174,Toys,2024-03-25,6,417.17,0.1,IN
ORD002022,272,Toys,2023-06-15,7,483.46,0.36,DE
ORD002023,168,Beauty,2024-01-16,4,481.59,0.31,US
ORD002024,213,Toys,2024-09-04,3,312.56,0.24,AU
ORD002025,496,Electronics,2024-11-16,4,136.29,0.11,AU
ORD002026,376,Automotive,2023-09-01,10,434.37,0.38,AU
ORD002027,404,Home & Garden,2024-09-11,8,93.88,0.07,IT
ORD002028,176,Home & Garden,2024-01-03,9,376.15,0.37,UK
ORD002029,162,Automotive,2024-04-25,5,436.89,0.13,ES
ORD002030,258,Beauty,2023-04-02,9,464.2,0.28,IN
ORD002031,207,Electronics,2023-02-16,2,287.2,0.28,DE
ORD002032,326,Books,2024-07-23,7,478.8,0.21,DE
ORD002033,136,Books,2024-03-12,4,23.72,0.13,SE
ORD002034,71,Automotive,2024-08-24,2,24.81,0.1,CA
ORD002035,202,Electronics,2023-03-26,4,382.2,0.17,DE
ORD002036,411,Home & Garden,2023-05-06,7,498.89,0.36,AU
ORD002037,41,Home & Garden,2023-02-15,6,78.97,0.13,SE
ORD002038,42,Clothing,2024-04-19,9,190.98,0.25,AU
ORD002039,418,Sports,2024-03-25,7,493.11,0.03,IN
ORD002040,191,Clothing,2023-11-07,6,436.65,0.07,NL
ORD002041,267,Home & Garden,2023-04-09,4,208.96,0.01,FR
ORD002042,383,Beauty,2023-01-18,9,445.95,0.37,SG
ORD002043,303,Beauty,2023-07-09,4,228.82,0.25,IT
ORD002044,486,Electronics,2023-01-03,2,173.61,0.3,US
ORD002045,99,Home & Garden,2024-11-23,8,296.26,0.29,NL
ORD002046,414,Electronics,2023-05-05,8,143.61,0.01,MX
ORD002047,226,Electronics,2023-07-13,2,330.53,0.19,SG
ORD002048,64,Electronics,2024-08-05,10,149.59,0.36,BR
ORD002049,232,Beauty,2024-12-27,7,256.75,0.29,ES
ORD002050,251,Sports,2024-03-28,6,387.83,0.28,IN
ORD002051,49,Clothing,2023-07-04,10,432.1,0.25,SG
ORD002052,242,Home & Garden,2023-11-27,8,25.85,0.12,US
ORD002053,16,Toys,2023-02-13,8,364.43,0.15,AU
ORD002054,333,Books,2023-03-21,6,444.9,0.0,DE
ORD002055,309,Home & Garden,2024-06-02,3,369.82,0.27,SE
ORD002056,62,Clothing,2024-08-28,1,119.8,0.1,SE
ORD002057,286,Clothing,2023-07-17,1,374.85,0.14,JP
ORD002058,134,Clothing,2024-06-23,3,403.5,0.03,IT
ORD002059,323,Electronics,2024-04-12,3,94.74,0.35,UK
ORD002060,119,Beauty,2024-01-08,4,456.37,0.07,JP
ORD002061,449,Beauty,2023-07-31,1,140.57,0.18,SG
ORD002062,256,Sports,2024-12-20,4,473.54,0.14,DE
ORD002063,500,Clothing,2023-07-01,6,252.77,0.08,DE
ORD002064,40,Electronics,2023-06-02,6,69.91,0.34,SG
ORD002065,420,Automotive,2023-03-22,5,355.47,0.1,UK
ORD002066,29,Home & Garden,2024-04-26,9,286.22,0.13,BR
ORD002067,12,Sports,2024-10-19,7,382.82,0.33,CA
ORD002068,85,Sports,2023-04-08,6,153.58,0.17,SG
ORD002069,154,Toys,2023-03-18,8,34.16,0.23,BR
ORD002070,449,Home & Garden,2024-10-22,10,91.11,0.31,SG
ORD002071,389,Sports,2024-04-27,3,241.8,0.14,CA
ORD002072,38,Beauty,2024-12-08,9,28.59,0.18,BR
ORD002073,451,Automotive,2024-06-02,4,331.61,0.13,BR
ORD002074,119,Toys,2024-07-17,10,255.35,0.04,JP
ORD002075,456,Clothing,2023-12-04,5,109.56,0.27,BR
ORD002076,102,Clothing,2023-06-23,7,400.64,0.15,DE
ORD002077,336,Home & Garden,2024-02-20,8,329.05,0.02,ES
ORD002078,314,Beauty,2023-09-19,4,277.32,0.38,IN
ORD002079,424,Automotive,2023-12-09,5,363.12,0.18,SG
ORD002080,311,Home & Garden,2024-01-12,4,298.86,0.01,IN
ORD002081,81,Clothing,2023-01-20,3,10.7,0.14,MX
ORD002082,499,Toys,2024-03-20,10,276.25,0.29,DE
ORD002083,197,Toys,2023-09-19,9,130.27,0.11,FR
ORD002084,472,Clothing,2024-08-15,1,385.82,0.01,SG
ORD002085,42,Automotive,2023-02-11,1,334.87,0.4,US
ORD002086,453,Automotive,2024-02-11,9,299.2,0.25,ES
ORD002087,146,Automotive,2023-09-20,7,269.93,0.2,MX
ORD002088,483,Sports,2023-03-10,8,133.1,0.31,UK
ORD002089,389,Beauty,2023-10-29,4,329.37,0.12,AU
ORD002090,488,Electronics,2023-10-26,6,398.33,0.26,US
ORD002091,94,Electronics,2024-07-03,5,199.92,0.01,AU
ORD002092,369,Electronics,2023-04-21,1,179.38,0.12,DE
ORD002093,372,Sports,2024-08-29,10,469.43,0.02,CA
ORD002094,451,Home & Garden,2023-02-04,10,401.84,0.09,SG
ORD002095,385,Toys,2024-01-12,6,37.28,0.34,IN
ORD002096,46,Clothing,2024-04-18,2,142.72,0.15,FR
ORD002097,440,Books,2023-01-11,7,427.02,0.03,JP
ORD002098,136,Books,2023-02-20,3,378.59,0.39,NL
ORD002099,484,Toys,2023-07-19,7,101.84,0.18,IT
ORD002100,386,Books,2023-10-06,2,247.62,0.07,UK
ORD002101,374,Automotive,2023-09-10,8,98.49,0.14,ES
ORD002102,321,Clothing,2024-12-10,5,297.45,0.02,US
ORD002103,338,Toys,2023-05-02,5,49.62,0.17,IN
ORD002104,283,Clothing,2024-10-12,10,136.2,0.15,SG
ORD002105,392,Home & Garden,2024-11-20,1,47.31,0.37,UK
ORD002106,461,Sports,2023-05-09,10,462.58,0.26,NL
ORD002107,95,Beauty,2024-07-07,9,94.88,0.25,IN
ORD002108,417,Automotive,2024-12-29,10,263.73,0.38,SE
ORD002109,370,Books,2023-06-30,6,94.85,0.06,SE
ORD002110,292,Beauty,2024-01-02,1,69.21,0.21,ES
ORD002111,455,Toys,2024-07-07,10,7.86,0.26,SE
ORD002112,469,Beauty,2024-06-20,7,46.54,0.19,ES
ORD002113,227,Sports,2024-08-31,8,267.51,0.08,SG
ORD002114,35,Clothing,2023-09-12,3,265.92,0.11,CA
ORD002115,12,Sports,2023-03-30,8,131.82,0.01,ES
ORD002116,308,Home & Garden,2024-05-08,2,467.02,0.1,MX
ORD002117,169,Home & Garden,2023-09-05,7,223.4,0.22,IT
ORD002118,113,Clothing,2024-04-16,8,404.64,0.34,US
ORD002119,49,Home & Garden,2023-12-12,10,257.74,0.28,BR
ORD002120,134,Sports,2023-12-01,9,126.38,0.38,BR
ORD002121,314,Electronics,2024-10-05,8,84.62,0.4,AU
ORD002122,398,Books,2024-04-12,8,92.54,0.11,IN
ORD002123,418,Sports,2024-03-31,5,339.41,0.26,NL
ORD002124,331,Home & Garden,2024-12-09,7,375.9,0.3,FR
ORD002125,46,Automotive,2023-07-16,3,88.56,0.02,DE
ORD002126,351,Automotive,2024-05-17,8,494.1,0.2,AU
ORD002127,214,Books,2023-09-17,4,457.65,0.31,ES
ORD002128,65,Automotive,2024-03-13,9,125.97,0.19,SE
ORD002129,337,Sports,2024-08-19,2,161.08,0.17,BR
ORD002130,479,Books,2024-11-04,1,485.98,0.22,MX
ORD002131,454,Toys,2023-11-08,3,498.8,0.04,BR
ORD002132,391,Electronics,2024-08-30,5,209.01,0.03,FR
ORD002133,111,Sports,2023-09-02,2,419.87,0.0,AU
ORD002134,249,Automotive,2024-04-27,6,460.85,0.17,MX
ORD002135,265,Automotive,2024-10-02,1,440.76,0.18,BR
ORD002136,207,Electronics,2024-05-15,8,336.82,0.38,NL
ORD002137,9,Automotive,2024-05-30,4,212.65,0.36,ES
ORD002138,286,Home & Garden,2024-09-03,9,255.29,0.15,IN
ORD002139,196,Beauty,2023-07-04,8,358.38,0.39,JP
ORD002140,173,Sports,2024-06-29,10,133.91,0.06,IN
ORD002141,173,Home & Garden,2024-04-10,1,356.64,0.09,NL
ORD002142,372,Home & Garden,2024-02-03,6,265.75,0.21,DE
ORD002143,89,Clothing,2024-12-12,7,293.34,0.15,US
ORD002144,275,Toys,2023-10-29,3,418.95,0.21,SG
ORD002145,72,Home & Garden,2023-06-21,10,471.85,0.0,NL
ORD002146,468,Books,2024-09-04,9,156.9,0.27,SE
ORD002147,185,Sports,2023-05-16,5,382.75,0.11,SE
ORD002148,456,Books,2024-06-28,10,302.08,0.12,AU
ORD002149,31,Electronics,2024-11-08,3,149.59,0.36,SE
ORD002150,364,Beauty,2024-08-22,10,325.63,0.35,FR
ORD002151,454,Beauty,2024-04-07,7,329.49,0.16,IN
ORD002152,77,Beauty,2024-11-04,1,411.16,0.15,UK
ORD002153,477,Automotive,2023-12-23,7,206.4,0.32,IN
ORD002154,473,Electronics,2023-02-25,9,406.79,0.29,BR
ORD002155,432,Toys,2024-06-20,3,126.73,0.06,AU
ORD002156,362,Clothing,2024-06-07,7,233.84,0.16,SE
ORD002157,2,Sports,2024-09-23,4,311.87,0.2,UK
ORD002158,58,Automotive,2023-10-24,10,301.61,0.19,DE
ORD002159,173,Home & Garden,2023-04-16,10,30.09,0.04,SE
ORD002160,391,Sports,2023-03-16,6,180.24,0.25,BR
ORD002161,219,Automotive,2023-09-10,6,163.41,0.25,FR
ORD002162,24,Toys,2024-08-01,1,484.24,0.31,IT
ORD002163,165,Home & Garden,2024-01-16,10,484.52,0.24,DE
ORD002164,419,Automotive,2023-05-05,7,185.13,0.02,NL
ORD002165,401,Clothing,2023-06-26,6,394.36,0.1,ES
ORD002166,412,Home & Garden,2023-09-12,4,278.78,0.21,FR
ORD002167,338,Automotive,2023-12-17,2,201.49,0.17,DE
ORD002168,91,Toys,2024-09-04,3,392.29,0.24,FR
ORD002169,98,Beauty,2024-12-25,8,476.33,0.03,ES
ORD002170,495,Books,2024-03-13,3,183.64,0.12,JP
ORD002171,44,Books,2023-10-12,9,89.27,0.09,NL
ORD002172,392,Home & Garden,2023-05-14,10,475.32,0.23,ES
ORD002173,300,Sports,2024-01-09,1,355.82,0.05,FR
ORD002174,22,Sports,2024-03-23,9,112.47,0.14,CA
ORD002175,422,Sports,2023-08-27,3,10.2,0.34,UK
ORD002176,453,Clothing,2023-08-25,6,333.58,0.28,ES
ORD002177,318,Automotive,2024-08-27,5,313.69,0.18,AU
ORD002178,495,Beauty,2024-04-26,4,116.55,0.2,CA
ORD002179,123,Sports,2023-11-25,10,323.35,0.01,DE
ORD002180,478,Clothing,2024-02-12,3,82.28,0.33,SE
ORD002181,279,Home & Garden,2024-01-04,9,205.57,0.13,BR
ORD002182,332,Books,2023-05-08,9,159.81,0.1,UK
ORD002183,266,Sports,2024-09-27,7,432.79,0.13,SE
ORD002184,445,Home & Garden,2023-03-08,8,150.27,0.08,IT
ORD002185,394,Automotive,2023-06-05,8,145.14,0.33,JP
ORD002186,406,Sports,2024-02-15,7,378.57,0.02,SE
ORD002187,213,Electronics,2023-12-03,2,14.55,0.19,FR
ORD002188,468,Books,2024-03-10,4,361.13,0.26,FR
ORD002189,361,Toys,2024-11-02,6,29.23,0.02,BR
ORD002190,174,Clothing,2023-07-28,5,33.62,0.21,AU
ORD002191,130,Electronics,2023-04-21,8,248.34,0.16,UK
ORD002192,400,Sports,2023-03-30,10,479.13,0.29,IT
ORD002193,12,Books,2023-02-13,3,86.34,0.35,CA
ORD002194,447,Electronics,2024-07-31,9,156.22,0.01,SG
ORD002195,385,Toys,2023-11-30,2,342.42,0.11,SE
ORD002196,286,Toys,2023-07-06,10,446.98,0.26,AU
ORD002197,494,Toys,2024-05-07,6,250.6,0.38,NL
ORD002198,134,Electronics,2024-07-21,10,251.68,0.38,IT
ORD002199,494,Beauty,2024-11-15,10,159.79,0.4,ES
ORD002200,67,Electronics,2023-10-19,1,192.41,0.34,SG
ORD002201,376,Sports,2024-05-18,10,75.67,0.05,IT
ORD002202,101,Automotive,2023-07-17,10,65.96,0.32,ES
ORD002203,334,Beauty,2024-09-23,5,369.18,0.07,ES
ORD002204,176,Automotive,2024-10-25,5,245.34,0.2,SG
ORD002205,188,Sports,2024-04-05,5,390.01,0.23,MX
ORD002206,130,Home & Garden,2024-04-26,6,326.34,0.25,BR
ORD002207,463,Clothing,2024-04-26,7,7.69,0.05,BR
ORD002208,282,Automotive,2024-03-07,1,254.85,0.3,JP
ORD002209,241,Home & Garden,2023-11-17,1,277.46,0.03,US
ORD002210,135,Sports,2024-06-24,1,73.67,0.38,JP
ORD002211,364,Clothing,2024-12-13,6,478.33,0.21,UK
ORD002212,124,Books,2024-06-28,6,400.29,0.13,CA
ORD002213,284,Sports,2023-08-14,7,450.51,0.08,FR
ORD002214,183,Beauty,2024-01-01,3,301.06,0.37,NL
ORD002215,449,Sports,2024-03-11,2,417.28,0.29,BR
ORD002216,154,Clothing,2023-03-02,3,95.08,0.22,IN
ORD002217,345,Books,2023-12-26,9,428.02,0.29,FR
ORD002218,91,Sports,2023-03-16,5,460.67,0.35,SE
ORD002219,154,Home & Garden,2024-01-08,6,15.39,0.19,JP
ORD002220,260,Clothing,2023-03-05,2,322.59,0.38,ES
ORD002221,458,Sports,2023-09-21,9,52.89,0.09,BR
ORD002222,204,Toys,2024-11-27,2,325.57,0.31,BR
ORD002223,89,Home & Garden,2023-01-06,6,448.59,0.25,ES
ORD002224,446,Automotive,2023-07-20,10,95.1,0.4,MX
ORD002225,107,Clothing,2023-09-29,4,249.97,0.34,BR
ORD002226,111,Books,2024-03-06,5,53.33,0.4,JP
ORD002227,180,Automotive,2024-12-05,4,327.32,0.28,IT
ORD002228,409,Electronics,2024-04-12,3,64.52,0.23,UK
ORD002229,184,Beauty,2024-10-14,10,486.07,0.18,IN
ORD002230,479,Clothing,2023-04-29,8,164.37,0.17,FR
ORD002231,412,Clothing,2023-07-30,5,97.27,0.29,SE
ORD002232,416,Clothing,2024-10-09,7,476.71,0.06,ES
ORD002233,219,Home & Garden,2023-01-04,6,324.23,0.11,ES
ORD002234,416,Clothing,2023-11-28,10,246.77,0.17,FR
ORD002235,437,Home & Garden,2023-11-27,8,378.27,0.34,IN
ORD002236,200,Clothing,2024-11-21,4,433.67,0.01,UK
ORD002237,166,Automotive,2023-11-24,9,405.69,0.07,DE
ORD002238,54,Toys,2024-10-23,5,181.71,0.34,JP
ORD002239,194,Toys,2024-03-03,10,201.7,0.2,IT
ORD002240,239,Electronics,2023-08-07,1,266.18,0.16,SE
ORD002241,382,Toys,2023-04-19,7,295.61,0.01,IN
ORD002242,278,Beauty,2023-12-24,7,154.73,0.23,IT
ORD002243,124,Clothing,2023-01-13,3,73.25,0.27,FR
ORD002244,149,Automotive,2023-09-02,7,222.78,0.05,AU
ORD002245,62,Clothing,2024-01-17,2,408.7,0.26,MX
ORD002246,110,Automotive,2024-02-12,2,142.49,0.38,JP
ORD002247,70,Automotive,2023-11-21,5,191.11,0.22,AU
ORD002248,387,Books,2024-12-04,9,141.35,0.09,IN
ORD002249,117,Home & Garden,2023-04-19,1,307.21,0.31,ES
ORD002250,26,Clothing,2024-12-29,3,476.19,0.06,IN
ORD002251,301,Electronics,2024-05-19,10,94.99,0.08,CA
ORD002252,278,Home & Garden,2024-08-25,5,391.07,0.3,UK
ORD002253,21,Home & Garden,2024-04-08,10,334.31,0.35,JP
ORD002254,345,Clothing,2023-06-06,3,493.75,0.12,CA
ORD002255,332,Sports,2024-07-01,6,55.19,0.22,AU
ORD002256,482,Automotive,2024-09-11,4,454.8,0.23,AU
ORD002257,383,Books,2024-07-02,1,404.9,0.3,NL
ORD002258,400,Beauty,2024-09-29,9,453.4,0.07,SE
ORD002259,374,Home & Garden,2023-02-16,3,376.95,0.03,IN
ORD002260,325,Home & Garden,2024-12-03,1,144.94,0.29,JP
ORD002261,317,Books,2024-11-16,4,212.03,0.38,FR
ORD002262,312,Automotive,2024-10-16,6,59.68,0.38,UK
ORD002263,220,Home & Garden,2024-04-10,4,7.02,0.33,NL
ORD002264,48,Automotive,2024-09-10,4,473.83,0.37,CA
ORD002265,492,Automotive,2024-03-17,8,414.53,0.1,SE
ORD002266,488,Clothing,2023-12-26,8,46.21,0.01,CA
ORD002267,46,Home & Garden,2024-11-10,10,230.62,0.07,AU
ORD002268,392,Electronics,2023-06-01,2,148.54,0.24,IN
ORD002269,379,Beauty,2024-09-13,1,152.87,0.21,SE
ORD002270,125,Books,2023-11-18,9,447.96,0.39,CA
ORD002271,191,Clothing,2023-08-02,10,496.15,0.04,JP
ORD002272,385,Clothing,2024-01-05,7,214.49,0.09,ES
ORD002273,413,Beauty,2024-04-10,10,408.36,0.01,IT
ORD002274,200,Electronics,2023-05-14,7,87.89,0.1,CA
ORD002275,315,Sports,2024-07-02,9,386.23,0.16,CA
ORD002276,229,Automotive,2023-10-16,5,31.09,0.15,CA
ORD002277,70,Books,2024-05-28,5,174.98,0.02,DE
ORD002278,81,Clothing,2023-04-25,6,286.92,0.23,IN
ORD002279,420,Sports,2023-02-10,4,37.08,0.11,JP
ORD002280,9,Toys,2023-04-28,4,64.26,0.02,SE
ORD002281,39,Books,2023-05-12,5,163.57,0.16,IN
ORD002282,148,Toys,2024-07-09,7,240.63,0.37,CA
ORD002283,406,Beauty,2023-12-26,7,111.99,0.37,US
ORD002284,353,Toys,2024-07-11,1,162.9,0.08,SG
ORD002285,284,Beauty,2024-06-29,3,89.6,0.07,US
ORD002286,312,Books,2023-06-29,3,56.03,0.26,US
ORD002287,76,Clothing,2024-10-26,5,213.43,0.36,MX
ORD002288,80,Automotive,2024-07-15,7,115.16,0.21,MX
ORD002289,298,Home & Garden,2023-03-04,10,328.01,0.24,AU
ORD002290,179,Electronics,2024-02-22,8,118.37,0.24,JP
ORD002291,278,Clothing,2023-10-29,1,99.97,0.26,US
ORD002292,322,Automotive,2023-12-02,7,187.66,0.36,MX
ORD002293,159,Electronics,2023-09-25,3,57.14,0.26,IN
ORD002294,427,Beauty,2023-12-29,8,26.44,0.05,SE
ORD002295,407,Books,2023-09-17,1,383.94,0.37,UK
ORD002296,54,Automotive,2023-12-04,4,91.31,0.16,SE
ORD002297,64,Sports,2024-02-02,6,308.13,0.0,DE
ORD002298,105,Beauty,2024-06-17,3,156.51,0.24,UK
ORD002299,70,Beauty,2023-04-21,6,167.21,0.35,ES
ORD002300,275,Home & Garden,2023-04-08,5,84.08,0.26,US
ORD002301,122,Automotive,2023-12-30,1,119.53,0.01,UK
ORD002302,325,Toys,2023-12-13,4,288.64,0.21,MX
ORD002303,433,Home & Garden,2024-02-16,5,296.31,0.31,IN
ORD002304,70,Books,2024-03-23,6,147.64,0.17,AU
ORD002305,84,Electronics,2023-07-20,2,109.87,0.09,CA
ORD002306,89,Clothing,2024-04-17,9,175.61,0.38,NL
ORD002307,404,Toys,2023-12-28,7,49.4,0.02,SG
ORD002308,489,Toys,2023-12-28,8,267.49,0.02,ES
ORD002309,387,Clothing,2024-03-09,9,412.7,0.26,US
ORD002310,343,Home & Garden,2024-03-22,8,317.11,0.13,BR
ORD002311,305,Sports,2024-03-26,2,16.8,0.37,IN
ORD002312,102,Clothing,2024-08-29,4,140.75,0.32,AU
ORD002313,235,Home & Garden,2023-12-31,8,238.89,0.19,IT
ORD002314,456,Beauty,2024-11-17,4,455.61,0.19,JP
ORD002315,179,Books,2024-11-21,5,90.16,0.33,SG
ORD002316,15,Beauty,2023-09-02,5,42.61,0.3,BR
ORD002317,108,Books,2024-10-05,6,267.59,0.25,CA
ORD002318,253,Electronics,2023-11-04,1,282.35,0.27,SG
ORD002319,348,Books,2024-12-12,5,491.12,0.36,MX
ORD002320,217,Home & Garden,2024-11-08,7,273.29,0.04,IT
ORD002321,231,Clothing,2023-11-17,8,14.32,0.08,FR
ORD002322,348,Toys,2023-09-13,7,336.6,0.13,FR
ORD002323,137,Toys,2024-05-15,8,107.54,0.15,MX
ORD002324,399,Sports,2023-09-26,1,408.09,0.05,CA
ORD002325,163,Home & Garden,2024-04-27,6,224.05,0.26,UK
ORD002326,56,Electronics,2023-11-04,7,432.27,0.17,IN
ORD002327,70,Toys,2024-01-02,3,92.71,0.1,CA
ORD002328,182,Books,2023-10-04,4,300.73,0.34,SE
ORD002329,23,Sports,2024-08-04,4,352.88,0.21,IN
ORD002330,95,Books,2024-03-15,1,27.36,0.13,AU
ORD002331,220,Clothing,2024-05-13,9,240.31,0.33,US
ORD002332,471,Sports,2024-08-22,6,341.9,0.19,MX
ORD002333,489,Books,2024-08-04,4,313.81,0.17,DE
ORD002334,383,Home & Garden,2024-01-07,10,58.53,0.29,IT
ORD002335,472,Automotive,2023-07-05,10,22.46,0.37,UK
ORD002336,308,Books,2023-09-23,1,113.26,0.29,IT
ORD002337,68,Home & Garden,2024-02-07,3,124.59,0.37,SG
ORD002338,331,Books,2023-06-24,10,301.44,0.4,SG
ORD002339,276,Electronics,2024-07-24,6,17.76,0.34,JP
ORD002340,426,Home & Garden,2023-06-17,5,140.62,0.28,CA
ORD002341,175,Toys,2023-09-02,7,121.16,0.2,BR
ORD002342,411,Books,2024-04-06,8,419.04,0.15,ES
ORD002343,325,Books,2024-05-24,2,181.33,0.28,NL
ORD002344,370,Toys,2023-10-16,3,362.07,0.19,UK
ORD002345,14,Home & Garden,2024-07-05,5,413.59,0.2,AU
ORD002346,483,Sports,2024-10-20,2,355.72,0.32,JP
ORD002347,272,Clothing,2023-05-01,3,61.54,0.32,UK
ORD002348,325,Home & Garden,2024-10-30,2,371.03,0.09,BR
ORD002349,231,Electronics,2024-01-28,3,425.41,0.24,DE
ORD002350,68,Sports,2023-11-24,6,191.25,0.39,DE
ORD002351,281,Sports,2024-08-03,5,444.52,0.36,IT
ORD002352,346,Clothing,2024-07-26,6,346.58,0.01,MX
ORD002353,77,Home & Garden,2024-05-13,3,356.91,0.34,SG
ORD002354,185,Toys,2023-10-26,8,275.93,0.35,SG
ORD002355,310,Home & Garden,2023-07-15,6,195.41,0.11,IN
ORD002356,145,Automotive,2023-09-21,1,164.59,0.39,IT
ORD002357,149,Automotive,2024-02-23,8,400.46,0.17,CA
ORD002358,57,Clothing,2024-02-16,7,420.67,0.3,JP
ORD002359,255,Books,2024-11-05,8,169.94,0.02,SE
ORD002360,61,Books,2023-11-30,6,317.95,0.07,CA
ORD002361,435,Sports,2024-05-01,3,363.18,0.16,AU
ORD002362,87,Sports,2024-04-26,8,111.93,0.04,DE
ORD002363,47,Beauty,2024-06-18,4,317.33,0.24,UK
ORD002364,464,Books,2024-12-24,3,173.63,0.1,ES
ORD002365,199,Home & Garden,2024-08-08,10,140.91,0.11,FR
ORD002366,99,Home & Garden,2023-01-29,6,162.07,0.27,BR
ORD002367,275,Beauty,2024-08-15,10,167.05,0.2,ES
ORD002368,52,Home & Garden,2024-12-30,4,250.56,0.09,AU
ORD002369,207,Sports,2023-01-28,10,181.16,0.08,NL
ORD002370,330,Electronics,2024-03-11,10,361.29,0.13,SE
ORD002371,240,Books,2024-03-13,7,450.34,0.13,ES
ORD002372,463,Home & Garden,2024-01-19,4,387.75,0.37,BR
ORD002373,361,Automotive,2024-09-30,6,278.0,0.3,SG
ORD002374,325,Electronics,2024-08-17,6,342.94,0.11,ES
ORD002375,335,Home & Garden,2023-05-06,6,449.39,0.38,DE
ORD002376,344,Toys,2023-03-17,4,298.46,0.37,MX
ORD002377,239,Home & Garden,2023-05-02,8,32.43,0.34,JP
ORD002378,53,Books,2024-10-09,8,153.06,0.29,DE
ORD002379,129,Toys,2023-03-13,1,169.34,0.31,MX
ORD002380,157,Electronics,2024-04-16,7,491.99,0.19,SG
ORD002381,130,Sports,2024-05-13,2,370.61,0.12,SG
ORD002382,141,Automotive,2023-06-09,10,217.45,0.21,IT
ORD002383,383,Sports,2023-06-17,3,179.93,0.3,SG
ORD002384,473,Beauty,2024-09-02,7,481.07,0.15,IN
ORD002385,226,Toys,2023-11-03,7,384.17,0.13,AU
ORD002386,243,Sports,2023-12-31,8,107.31,0.06,MX
ORD002387,165,Toys,2023-10-17,3,240.38,0.31,SE
ORD002388,316,Automotive,2023-05-14,9,117.56,0.27,DE
ORD002389,343,Sports,2023-11-17,2,495.0,0.22,JP
ORD002390,29,Books,2023-07-16,1,288.59,0.12,SE
ORD002391,252,Sports,2023-08-08,1,46.21,0.22,UK
ORD002392,214,Home & Garden,2023-05-28,1,159.73,0.02,DE
ORD002393,221,Clothing,2024-04-02,9,268.45,0.06,US
ORD002394,254,Automotive,2023-07-29,1,259.39,0.12,ES
ORD002395,70,Toys,2023-05-01,7,114.87,0.04,SG
ORD002396,400,Books,2024-08-13,6,344.52,0.01,JP
ORD002397,451,Automotive,2024-02-25,5,121.24,0.09,SG
ORD002398,55,Books,2024-09-18,2,491.58,0.35,SG
ORD002399,416,Books,2024-07-24,1,413.31,0.0,MX
ORD002400,281,Clothing,2023-09-29,5,226.97,0.32,NL
ORD002401,419,Clothing,2024-02-15,7,187.02,0.23,IT
ORD002402,92,Sports,2024-12-21,7,93.25,0.02,CA
ORD002403,94,Automotive,2023-09-19,7,47.59,0.17,BR
ORD002404,3,Sports,2023-06-24,5,378.81,0.25,US
ORD002405,253,Home & Garden,2023-04-30,1,444.17,0.03,ES
ORD002406,207,Beauty,2024-11-17,9,252.63,0.04,US
ORD002407,474,Toys,2023-07-02,4,448.26,0.04,CA
ORD002408,279,Clothing,2024-11-08,7,474.92,0.3,DE
ORD002409,464,Home & Garden,2024-03-08,8,297.63,0.03,FR
ORD002410,132,Toys,2024-03-06,10,131.62,0.25,UK
ORD002411,20,Sports,2023-10-20,9,409.61,0.12,JP
ORD002412,416,Electronics,2023-10-17,9,114.12,0.24,UK
ORD002413,4,Books,2023-08-23,3,465.06,0.01,FR
ORD002414,425,Automotive,2024-06-16,7,100.23,0.21,IN
ORD002415,256,Beauty,2024-06-23,5,181.32,0.33,JP
ORD002416,291,Toys,2024-01-23,5,65.68,0.31,SE
ORD002417,107,Sports,2023-11-24,8,145.85,0.21,SG
ORD002418,135,Sports,2024-04-09,10,255.03,0.08,MX
ORD002419,106,Home & Garden,2023-12-25,6,197.81,0.3,CA
ORD002420,370,Clothing,2024-08-24,2,316.59,0.22,UK
ORD002421,233,Sports,2023-02-17,4,186.78,0.12,MX
ORD002422,51,Beauty,2024-10-20,3,287.32,0.37,ES
ORD002423,24,Automotive,2024-01-18,10,316.93,0.21,SE
ORD002424,360,Books,2024-01-07,10,463.23,0.36,JP
ORD002425,335,Beauty,2023-10-13,6,441.75,0.17,BR
ORD002426,158,Books,2024-01-24,2,136.79,0.18,IT
ORD002427,176,Electronics,2023-06-10,7,238.66,0.14,UK
ORD002428,401,Books,2023-12-30,10,55.11,0.15,IN
ORD002429,37,Books,2023-10-18,6,115.82,0.14,MX
ORD002430,482,Automotive,2023-08-03,3,151.25,0.3,MX
ORD002431,425,Clothing,2023-06-04,2,477.43,0.11,MX
ORD002432,67,Home & Garden,2024-09-19,7,379.39,0.09,CA
ORD002433,263,Automotive,2024-09-12,6,448.93,0.35,CA
ORD002434,283,Clothing,2023-12-21,4,153.51,0.39,SG
ORD002435,458,Clothing,2023-06-18,3,430.25,0.21,MX
ORD002436,299,Sports,2023-11-25,8,387.35,0.07,US
ORD002437,3,Beauty,2024-11-06,1,77.84,0.04,ES
ORD002438,143,Books,2024-07-22,8,164.85,0.25,BR
ORD002439,293,Sports,2024-08-12,2,357.38,0.31,NL
ORD002440,188,Toys,2024-05-28,10,167.11,0.29,CA
ORD002441,235,Beauty,2024-06-12,10,130.33,0.36,ES
ORD002442,471,Sports,2023-04-20,1,495.74,0.17,FR
ORD002443,469,Toys,2023-09-11,9,245.15,0.38,JP
ORD002444,135,Books,2024-08-30,6,178.01,0.27,SE
ORD002445,89,Books,2023-05-10,1,182.27,0.3,ES
ORD002446,478,Home & Garden,2023-02-24,4,311.39,0.25,IT
ORD002447,273,Home & Garden,2024-09-09,7,324.62,0.03,US
ORD002448,296,Sports,2024-07-23,2,433.51,0.35,AU
ORD002449,87,Clothing,2023-04-26,6,330.67,0.11,IT
ORD002450,322,Beauty,2024-01-21,4,469.03,0.04,NL
ORD002451,430,Clothing,2023-01-31,5,289.74,0.36,FR
ORD002452,68,Books,2023-04-19,2,249.73,0.11,SE
ORD002453,168,Electronics,2023-07-07,2,394.01,0.4,UK
ORD002454,206,Books,2024-05-28,10,111.35,0.34,JP
ORD002455,226,Automotive,2023-08-11,10,319.43,0.26,JP
ORD002456,113,Beauty,2024-08-14,9,203.79,0.36,DE
ORD002457,344,Books,2023-01-18,6,72.19,0.33,DE
ORD002458,111,Clothing,2023-01-04,10,163.07,0.26,IN
ORD002459,136,Clothing,2023-08-07,8,318.4,0.23,SG
ORD002460,276,Books,2024-06-17,6,471.24,0.3,MX
ORD002461,61,Clothing,2024-11-25,9,278.68,0.08,DE
ORD002462,423,Electronics,2023-08-19,9,209.99,0.26,MX
ORD002463,224,Books,2024-02-11,10,448.1,0.02,SG
ORD002464,483,Clothing,2023-01-31,10,104.4,0.35,CA
ORD002465,185,Clothing,2023-01-01,2,46.07,0.28,NL
ORD002466,8,Books,2023-01-12,10,165.63,0.05,BR
ORD002467,178,Toys,2023-03-13,4,49.1,0.39,NL
ORD002468,313,Automotive,2024-09-30,7,213.24,0.38,JP
ORD002469,4,Toys,2024-04-13,6,125.1,0.23,IN
ORD002470,241,Toys,2024-10-17,4,98.64,0.0,UK
ORD002471,390,Sports,2024-09-01,6,101.1,0.35,FR
ORD002472,446,Sports,2024-07-12,6,128.94,0.36,DE
ORD002473,370,Beauty,2023-09-16,10,272.77,0.06,JP
ORD002474,124,Automotive,2023-04-08,10,6.83,0.19,BR
ORD002475,353,Electronics,2023-03-17,5,310.8,0.37,SG
ORD002476,392,Sports,2023-01-19,1,353.75,0.34,FR
ORD002477,206,Sports,2023-05-10,8,359.12,0.38,CA
ORD002478,328,Automotive,2023-01-14,9,256.82,0.28,JP
ORD002479,248,Sports,2024-05-17,5,235.32,0.1,DE
ORD002480,206,Books,2023-10-11,4,303.28,0.28,IN
ORD002481,332,Toys,2024-01-21,4,153.68,0.17,ES
ORD002482,487,Automotive,2023-12-16,5,62.56,0.28,AU
ORD002483,478,Books,2023-07-26,3,257.07,0.19,JP
ORD002484,10,Books,2023-03-25,4,434.36,0.34,SG
ORD002485,142,Home & Garden,2024-01-31,4,246.15,0.25,FR
ORD002486,416,Sports,2024-09-22,2,144.1,0.15,SE
ORD002487,374,Books,2024-07-01,7,110.38,0.11,US
ORD002488,368,Toys,2024-11-10,4,38.67,0.29,MX
ORD002489,308,Home & Garden,2023-09-17,1,462.81,0.35,NL
ORD002490,215,Home & Garden,2024-09-09,7,167.88,0.38,UK
ORD002491,318,Toys,2024-06-11,4,449.68,0.36,FR
ORD002492,414,Clothing,2024-11-19,2,472.84,0.01,BR
ORD002493,47,Books,2023-07-30,7,225.61,0.24,US
ORD002494,6,Books,2024-08-09,7,214.48,0.29,IN
ORD002495,382,Beauty,2024-01-06,1,161.99,0.09,SG
ORD002496,32,Sports,2023-11-15,8,321.18,0.12,IN
ORD002497,206,Automotive,2023-12-07,6,111.64,0.29,NL
ORD002498,62,Books,2023-11-12,2,172.93,0.37,US
ORD002499,165,Home & Garden,2024-10-02,5,151.46,0.08,MX
ORD002500,93,Home & Garden,2024-11-20,10,190.94,0.3,SG
ORD002501,217,Automotive,2024-04-28,1,42.77,0.17,BR
ORD002502,7,Toys,2023-05-21,5,267.31,0.12,AU
ORD002503,436,Home & Garden,2023-11-03,1,51.23,0.12,FR
ORD002504,353,Sports,2023-09-17,3,393.09,0.33,UK
ORD002505,327,Electronics,2024-05-04,7,213.59,0.02,IN
ORD002506,389,Books,2023-02-21,6,369.6,0.3,MX
ORD002507,5,Automotive,2024-04-22,6,70.37,0.1,MX
ORD002508,272,Books,2023-12-07,6,291.87,0.13,SG
ORD002509,118,Books,2023-07-10,8,100.48,0.28,CA
ORD002510,431,Home & Garden,2023-02-16,5,292.35,0.2,JP
ORD002511,348,Electronics,2023-02-08,7,214.77,0.02,IT
ORD002512,40,Home & Garden,2024-10-13,9,325.37,0.32,MX
ORD002513,438,Clothing,2024-02-26,5,50.81,0.18,MX
ORD002514,300,Toys,2024-02-07,2,451.48,0.16,MX
ORD002515,270,Toys,2023-01-13,5,244.26,0.22,SE
ORD002516,65,Home & Garden,2024-07-16,7,338.43,0.27,CA
ORD002517,297,Clothing,2023-06-03,4,132.79,0.38,UK
ORD002518,189,Beauty,2023-10-07,4,363.23,0.03,SG
ORD002519,141,Toys,2024-04-17,1,470.34,0.27,US
ORD002520,108,Books,2023-04-09,10,478.56,0.06,SG
ORD002521,71,Beauty,2024-08-04,1,399.87,0.0,US
ORD002522,417,Sports,2024-09-01,9,203.69,0.33,ES
ORD002523,219,Automotive,2024-01-15,6,96.66,0.38,SG
ORD002524,134,Toys,2023-09-24,8,137.35,0.12,AU
ORD002525,270,Automotive,2023-07-03,6,377.65,0.18,MX
ORD002526,167,Books,2024-06-12,1,145.84,0.24,SG
ORD002527,283,Clothing,2023-09-06,1,144.81,0.24,ES
ORD002528,17,Beauty,2024-08-13,3,141.29,0.33,ES
ORD002529,96,Sports,2024-06-18,5,164.54,0.14,MX
ORD002530,328,Beauty,2023-09-15,10,275.16,0.24,AU
ORD002531,39,Automotive,2023-06-17,10,349.79,0.03,FR
ORD002532,489,Books,2023-09-19,2,198.31,0.33,UK
ORD002533,168,Clothing,2023-09-07,2,196.73,0.27,IT
ORD002534,287,Clothing,2024-11-29,10,416.4,0.24,FR
ORD002535,402,Automotive,2024-04-02,8,103.97,0.02,MX
ORD002536,243,Sports,2024-04-25,4,307.7,0.02,IT
ORD002537,137,Toys,2023-07-26,6,280.43,0.03,SE
ORD002538,431,Automotive,2023-09-23,1,233.16,0.09,NL
ORD002539,342,Automotive,2023-12-07,8,451.65,0.17,AU
ORD002540,358,Automotive,2024-12-14,9,11.75,0.17,US
ORD002541,130,Books,2024-05-02,3,402.49,0.06,MX
ORD002542,43,Toys,2023-04-23,1,207.45,0.18,IT
ORD002543,118,Clothing,2024-12-24,10,413.18,0.21,AU
ORD002544,368,Home & Garden,2023-07-16,5,229.37,0.04,IT
ORD002545,106,Automotive,2024-03-29,4,95.76,0.05,DE
ORD002546,391,Books,2024-09-30,1,285.04,0.3,DE
ORD002547,215,Books,2024-03-25,7,486.8,0.4,ES
ORD002548,153,Sports,2024-11-06,10,59.31,0.07,DE
ORD002549,135,Automotive,2024-09-11,7,443.08,0.19,IN
ORD002550,34,Toys,2023-01-26,10,313.72,0.08,FR
ORD002551,182,Clothing,2024-05-16,7,412.09,0.02,IN
ORD002552,469,Automotive,2024-06-10,8,413.44,0.07,US
ORD002553,289,Books,2023-09-29,6,66.64,0.14,IN
ORD002554,391,Home & Garden,2024-10-25,9,202.32,0.22,SE
ORD002555,416,Toys,2024-08-07,7,288.99,0.21,SE
ORD002556,351,Toys,2023-09-25,6,409.95,0.18,IN
ORD002557,384,Automotive,2023-06-12,7,154.25,0.14,MX
ORD002558,217,Clothing,2023-06-05,10,482.14,0.15,UK
ORD002559,219,Home & Garden,2023-06-10,8,27.07,0.0,FR
ORD002560,210,Books,2024-03-06,5,288.49,0.09,BR
ORD002561,152,Sports,2024-04-14,8,326.61,0.07,IN
ORD002562,23,Books,2023-04-19,9,290.36,0.23,CA
ORD002563,329,Books,2024-02-05,7,35.5,0.18,UK
ORD002564,325,Toys,2023-07-02,6,230.27,0.09,CA
ORD002565,217,Clothing,2024-10-26,10,101.08,0.05,CA
ORD002566,333,Home & Garden,2024-09-17,4,274.75,0.27,DE
ORD002567,379,Toys,2023-03-26,9,186.74,0.36,AU
ORD002568,454,Home & Garden,2023-07-04,6,414.08,0.1,IN
ORD002569,430,Toys,2024-11-20,1,37.55,0.25,DE
ORD002570,172,Home & Garden,2023-08-07,1,216.87,0.06,US
ORD002571,144,Beauty,2024-08-18,10,430.21,0.1,SE
ORD002572,238,Beauty,2023-02-06,3,329.78,0.07,BR
ORD002573,193,Clothing,2023-10-11,8,92.98,0.22,MX
ORD002574,337,Automotive,2024-03-24,7,405.15,0.02,FR
ORD002575,15,Electronics,2023-10-19,6,171.75,0.19,US
ORD002576,135,Automotive,2024-07-31,6,263.84,0.36,NL
ORD002577,215,Toys,2024-12-16,7,295.75,0.06,UK
ORD002578,49,Clothing,2024-01-10,8,64.29,0.24,NL
ORD002579,220,Home & Garden,2023-12-05,4,332.75,0.02,SG
ORD002580,78,Automotive,2024-05-29,7,343.89,0.22,UK
ORD002581,459,Toys,2024-07-04,5,319.37,0.32,UK
ORD002582,51,Sports,2023-02-13,7,340.3,0.08,US
ORD002583,204,Clothing,2023-11-16,4,124.71,0.15,IT
ORD002584,130,Books,2023-12-31,2,119.76,0.17,FR
ORD002585,213,Beauty,2023-08-13,10,128.86,0.34,ES
ORD002586,366,Beauty,2024-07-08,10,136.27,0.02,JP
ORD002587,165,Home & Garden,2024-10-09,6,185.02,0.13,SE
ORD002588,364,Sports,2024-09-09,7,129.54,0.04,SG
ORD002589,52,Toys,2024-04-07,2,483.77,0.26,SE
ORD002590,492,Automotive,2024-08-02,8,47.3,0.21,CA
ORD002591,302,Clothing,2023-06-19,8,425.17,0.21,IT
ORD002592,458,Electronics,2023-01-19,2,182.24,0.07,AU
ORD002593,106,Electronics,2024-01-10,7,306.12,0.15,MX
ORD002594,346,Sports,2023-10-27,2,162.52,0.35,NL
ORD002595,261,Books,2024-10-05,7,451.6,0.25,JP
ORD002596,141,Electronics,2024-07-30,8,38.71,0.34,IT
ORD002597,385,Home & Garden,2023-10-06,3,136.55,0.25,US
ORD002598,249,Sports,2023-01-13,9,480.72,0.23,IT
ORD002599,367,Home & Garden,2023-07-20,7,182.77,0.36,MX
ORD002600,10,Toys,2023-09-21,10,130.23,0.2,ES
ORD002601,55,Clothing,2024-05-08,9,152.6,0.29,AU
ORD002602,398,Automotive,2024-10-21,7,62.77,0.05,NL
ORD002603,211,Home & Garden,2023-06-11,2,173.78,0.07,JP
ORD002604,99,Home & Garden,2024-07-27,10,163.28,0.18,AU
ORD002605,400,Sports,2024-06-15,6,143.8,0.14,MX
ORD002606,77,Automotive,2023-09-15,5,46.2,0.09,FR
ORD002607,4,Books,2023-01-12,3,299.67,0.13,MX
ORD002608,277,Home & Garden,2023-01-24,6,345.22,0.27,MX
ORD002609,74,Books,2024-03-28,6,353.07,0.26,ES
ORD002610,354,Sports,2024-09-10,1,85.75,0.05,DE
ORD002611,209,Sports,2024-04-06,7,325.72,0.39,IT
ORD002612,455,Automotive,2024-07-18,1,445.25,0.28,CA
ORD002613,254,Electronics,2024-01-03,9,489.14,0.09,NL
ORD002614,100,Toys,2023-07-11,6,447.66,0.03,CA
ORD002615,262,Electronics,2023-01-30,5,73.71,0.36,SG
ORD002616,325,Sports,2024-08-19,5,477.16,0.15,DE
ORD002617,446,Home & Garden,2023-12-13,10,166.08,0.09,AU
ORD002618,64,Electronics,2024-10-01,8,20.7,0.11,MX
ORD002619,375,Electronics,2023-09-28,10,185.93,0.11,JP
ORD002620,301,Beauty,2023-07-21,9,157.78,0.31,DE
ORD002621,476,Toys,2024-05-01,9,339.96,0.26,US
ORD002622,292,Sports,2024-03-17,9,492.02,0.14,SE
ORD002623,483,Sports,2024-05-29,6,365.12,0.13,FR
ORD002624,282,Electronics,2023-03-08,4,340.85,0.38,CA
ORD002625,26,Electronics,2023-03-02,2,89.68,0.26,JP
ORD002626,59,Beauty,2024-02-21,3,361.47,0.29,FR
ORD002627,51,Books,2024-02-05,7,140.35,0.12,AU
ORD002628,266,Beauty,2023-03-09,5,143.74,0.4,ES
ORD002629,403,Electronics,2023-11-11,8,219.94,0.3,IN
ORD002630,284,Toys,2024-04-07,6,447.25,0.1,SG
ORD002631,468,Automotive,2024-01-31,5,113.21,0.37,JP
ORD002632,251,Home & Garden,2023-05-17,3,446.77,0.16,ES
ORD002633,342,Books,2024-11-08,10,251.18,0.03,NL
ORD002634,101,Toys,2023-01-26,6,40.03,0.15,IT
ORD002635,5,Home & Garden,2023-07-18,1,338.73,0.32,US
ORD002636,359,Books,2023-02-19,4,337.59,0.17,AU
ORD002637,48,Beauty,2023-07-26,9,483.09,0.21,MX
ORD002638,480,Toys,2024-05-15,4,163.97,0.19,NL
ORD002639,484,Clothing,2023-01-18,10,54.73,0.38,BR
ORD002640,108,Home & Garden,2023-01-29,3,225.24,0.02,NL
ORD002641,45,Clothing,2023-05-31,7,145.08,0.11,AU
ORD002642,445,Home & Garden,2023-01-21,6,276.27,0.31,ES
ORD002643,451,Beauty,2023-10-12,9,286.83,0.02,ES
ORD002644,270,Toys,2023-06-18,3,175.31,0.14,UK
ORD002645,188,Sports,2023-08-24,3,476.89,0.35,SG
ORD002646,226,Books,2024-09-03,3,91.79,0.04,ES
ORD002647,466,Books,2023-11-12,4,113.22,0.07,MX
ORD002648,276,Toys,2023-01-11,3,196.26,0.13,JP
ORD002649,99,Clothing,2024-02-04,2,272.41,0.29,IT
ORD002650,343,Automotive,2023-03-21,6,270.76,0.15,SE
ORD002651,487,Beauty,2023-02-13,4,354.64,0.33,FR
ORD002652,29,Beauty,2023-08-27,2,48.85,0.0,SG
ORD002653,261,Clothing,2023-07-18,2,472.28,0.03,SE
ORD002654,269,Books,2023-03-23,2,33.21,0.34,CA
ORD002655,384,Home & Garden,2023-08-06,2,320.74,0.15,UK
ORD002656,279,Beauty,2023-12-20,10,265.58,0.2,IN
ORD002657,106,Clothing,2023-07-03,1,128.52,0.36,ES
ORD002658,305,Beauty,2023-01-24,10,192.54,0.05,IT
ORD002659,67,Home & Garden,2024-10-13,8,248.43,0.25,SE
ORD002660,266,Automotive,2024-04-20,3,32.78,0.3,MX
ORD002661,117,Electronics,2024-05-30,4,184.31,0.18,IT
ORD002662,500,Toys,2023-10-25,1,211.72,0.1,SE
ORD002663,374,Electronics,2024-02-23,7,249.09,0.01,CA
ORD002664,374,Books,2024-05-28,1,244.39,0.23,MX
ORD002665,1,Sports,2023-09-18,7,487.22,0.07,JP
ORD002666,215,Beauty,2024-08-29,5,441.98,0.1,IT
ORD002667,345,Sports,2024-07-17,7,352.5,0.13,NL
ORD002668,244,Books,2023-07-29,10,488.47,0.23,DE
ORD002669,52,Clothing,2023-08-31,10,168.35,0.35,UK
ORD002670,263,Books,2023-05-15,2,155.73,0.3,FR
ORD002671,332,Clothing,2024-01-02,8,235.39,0.22,FR
ORD002672,362,Electronics,2024-08-15,6,342.48,0.04,UK
ORD002673,152,Beauty,2024-02-16,7,354.85,0.07,FR
ORD002674,291,Automotive,2023-09-16,1,328.3,0.11,SG
ORD002675,451,Home & Garden,2023-10-27,2,101.07,0.24,MX
ORD002676,478,Books,2024-05-20,2,113.65,0.27,IN
ORD002677,158,Sports,2024-01-11,1,160.63,0.12,UK
ORD002678,341,Electronics,2024-02-08,1,220.65,0.22,MX
ORD002679,456,Books,2024-03-21,8,185.72,0.29,CA
ORD002680,39,Home & Garden,2024-06-23,4,335.44,0.23,ES
ORD002681,284,Sports,2024-04-01,9,335.85,0.39,NL
ORD002682,378,Books,2024-05-14,8,163.42,0.08,CA
ORD002683,109,Home & Garden,2024-05-01,6,374.12,0.27,MX
ORD002684,149,Clothing,2024-11-07,4,187.59,0.02,SE
ORD002685,426,Books,2024-06-21,10,23.08,0.03,JP
ORD002686,85,Books,2024-02-03,7,328.71,0.0,DE
ORD002687,151,Sports,2024-10-17,9,395.55,0.13,UK
ORD002688,417,Automotive,2024-10-19,3,340.92,0.01,CA
ORD002689,306,Electronics,2023-09-14,10,98.96,0.35,DE
ORD002690,323,Clothing,2024-08-10,3,218.7,0.2,JP
ORD002691,273,Clothing,2024-12-18,8,401.18,0.28,UK
ORD002692,191,Clothing,2023-05-31,10,42.25,0.28,US
ORD002693,394,Home & Garden,2023-10-17,10,472.31,0.36,DE
ORD002694,146,Automotive,2023-10-31,4,25.76,0.04,UK
ORD002695,128,Books,2024-03-21,7,98.38,0.02,FR
ORD002696,228,Toys,2024-12-03,8,308.89,0.29,IT
ORD002697,63,Beauty,2023-08-12,5,239.87,0.33,IN
ORD002698,315,Clothing,2024-07-04,6,302.62,0.0,FR
ORD002699,457,Clothing,2024-07-22,1,229.8,0.22,CA
ORD002700,359,Toys,2024-05-23,1,417.66,0.16,AU
ORD002701,157,Clothing,2024-03-05,10,482.77,0.36,US
ORD002702,50,Beauty,2024-02-22,1,386.73,0.28,ES
ORD002703,311,Electronics,2023-07-25,4,299.89,0.39,NL
ORD002704,265,Sports,2023-04-11,8,193.46,0.14,NL
ORD002705,436,Beauty,2023-09-01,1,318.45,0.06,NL
ORD002706,243,Automotive,2023-06-17,9,398.15,0.3,SE
ORD002707,41,Beauty,2024-04-21,8,395.05,0.3,AU
ORD002708,451,Toys,2024-09-14,5,10.03,0.17,ES
ORD002709,146,Automotive,2023-04-26,4,351.6,0.08,SE
ORD002710,386,Sports,2024-04-26,1,106.08,0.03,JP
ORD002711,42,Automotive,2023-03-30,6,269.35,0.26,SG
ORD002712,483,Automotive,2023-10-05,8,374.25,0.08,SG
ORD002713,461,Beauty,2023-05-07,10,479.14,0.03,AU
ORD002714,35,Toys,2023-08-07,3,23.79,0.25,US
ORD002715,471,Automotive,2024-09-18,7,167.87,0.25,IT
ORD002716,398,Automotive,2023-11-03,1,36.39,0.21,IT
ORD002717,453,Home & Garden,2023-03-21,1,386.85,0.3,NL
ORD002718,116,Books,2023-05-26,2,91.04,0.14,IN
ORD002719,183,Toys,2024-09-07,1,67.4,0.21,ES
ORD002720,252,Home & Garden,2023-10-27,4,53.66,0.38,UK
ORD002721,240,Electronics,2024-11-14,6,356.85,0.11,FR
ORD002722,363,Books,2024-02-14,2,50.52,0.05,NL
ORD002723,457,Beauty,2024-01-06,1,227.43,0.15,BR
ORD002724,437,Automotive,2023-11-30,4,85.13,0.2,DE
ORD002725,443,Clothing,2024-07-18,1,317.83,0.32,IN
ORD002726,164,Toys,2024-09-02,7,77.25,0.19,FR
ORD002727,6,Toys,2023-04-03,4,121.11,0.26,CA
ORD002728,89,Beauty,2023-10-26,8,429.39,0.24,FR
ORD002729,90,Books,2023-07-26,1,14.26,0.18,MX
ORD002730,389,Beauty,2024-10-18,4,23.14,0.32,IT
ORD002731,205,Sports,2024-06-20,9,368.58,0.05,US
ORD002732,188,Clothing,2023-08-02,4,110.62,0.3,FR
ORD002733,376,Beauty,2023-10-26,4,120.57,0.25,DE
ORD002734,36,Automotive,2023-11-03,1,9.82,0.38,UK
ORD002735,192,Sports,2024-11-11,5,258.33,0.12,UK
ORD002736,201,Electronics,2023-12-12,8,201.66,0.07,MX
ORD002737,104,Automotive,2023-01-14,8,417.67,0.12,SG
ORD002738,162,Clothing,2024-06-16,2,57.23,0.1,JP
ORD002739,415,Books,2023-03-12,4,499.12,0.34,DE
ORD002740,344,Books,2024-04-05,1,33.36,0.26,NL
ORD002741,171,Sports,2024-01-10,4,114.89,0.2,NL
ORD002742,437,Clothing,2024-07-10,10,75.11,0.3,SG
ORD002743,57,Beauty,2024-02-06,3,389.66,0.02,NL
ORD002744,441,Books,2023-05-08,5,146.14,0.15,CA
ORD002745,317,Sports,2024-10-14,10,17.49,0.14,JP
ORD002746,106,Clothing,2024-10-21,10,268.09,0.37,SE
ORD002747,433,Sports,2023-11-04,3,123.9,0.13,US
ORD002748,71,Clothing,2024-03-20,5,312.03,0.12,IN
ORD002749,289,Home & Garden,2024-02-08,7,226.67,0.38,ES
ORD002750,296,Sports,2024-01-25,10,48.34,0.33,IT
ORD002751,499,Beauty,2023-03-07,7,450.68,0.3,BR
ORD002752,110,Beauty,2023-12-27,8,117.99,0.02,ES
ORD002753,438,Books,2023-06-14,5,9.9,0.1,MX
ORD002754,71,Books,2024-08-05,2,293.71,0.08,MX
ORD002755,123,Clothing,2024-09-11,8,414.82,0.34,BR
ORD002756,19,Automotive,2023-01-14,4,249.41,0.37,IT
ORD002757,165,Clothing,2024-06-21,2,425.63,0.27,AU
ORD002758,364,Electronics,2023-03-25,6,42.37,0.34,FR
ORD002759,98,Home & Garden,2023-01-08,1,146.91,0.19,SG
ORD002760,37,Home & Garden,2023-01-10,7,323.02,0.05,AU
ORD002761,279,Books,2023-12-07,7,387.93,0.3,IT
ORD002762,3,Home & Garden,2024-08-17,5,44.71,0.35,AU
ORD002763,327,Automotive,2023-08-16,3,308.27,0.35,IT
ORD002764,376,Books,2024-11-05,5,386.18,0.08,CA
ORD002765,375,Sports,2023-11-04,9,68.52,0.38,BR
ORD002766,46,Toys,2023-05-18,3,78.89,0.18,IN
ORD002767,265,Automotive,2023-12-02,6,256.71,0.2,US
ORD002768,161,Beauty,2024-04-02,6,219.69,0.2,IN
ORD002769,62,Toys,2024-01-05,2,216.09,0.09,BR
ORD002770,81,Beauty,2023-11-18,6,434.55,0.2,AU
ORD002771,126,Beauty,2023-05-18,3,38.38,0.23,JP
ORD002772,377,Beauty,2024-05-25,9,369.44,0.37,JP
ORD002773,235,Electronics,2023-09-13,6,410.08,0.38,IN
ORD002774,45,Books,2024-12-09,6,195.9,0.09,AU
ORD002775,135,Toys,2023-10-20,10,348.2,0.06,IN
ORD002776,89,Automotive,2023-06-11,4,295.92,0.08,DE
ORD002777,26,Electronics,2024-09-19,4,136.85,0.12,NL
ORD002778,438,Automotive,2023-06-02,3,258.87,0.22,BR
ORD002779,445,Clothing,2023-05-03,1,34.56,0.18,NL
ORD002780,29,Clothing,2024-06-08,9,405.96,0.0,DE
ORD002781,261,Electronics,2023-08-06,7,33.61,0.02,NL
ORD002782,431,Toys,2023-11-01,7,149.89,0.29,SG
ORD002783,298,Sports,2023-11-26,6,208.29,0.33,BR
ORD002784,171,Beauty,2024-07-25,7,252.75,0.31,MX
ORD002785,52,Toys,2024-02-24,8,269.29,0.0,ES
ORD002786,47,Electronics,2024-06-25,1,304.1,0.19,AU
ORD002787,456,Books,2024-12-21,6,458.85,0.37,CA
ORD002788,321,Books,2024-06-03,9,241.9,0.4,IN
ORD002789,432,Automotive,2023-07-23,4,328.27,0.39,DE
ORD002790,488,Toys,2024-07-13,6,50.05,0.35,FR
ORD002791,196,Automotive,2024-09-12,5,421.73,0.26,MX
ORD002792,352,Beauty,2023-11-11,9,172.92,0.35,JP
ORD002793,100,Beauty,2024-04-26,9,297.92,0.36,SE
ORD002794,338,Home & Garden,2023-12-24,8,490.51,0.23,CA
ORD002795,398,Toys,2023-04-04,4,380.22,0.05,IT
ORD002796,268,Beauty,2024-06-16,10,206.17,0.07,AU
ORD002797,288,Sports,2023-11-20,5,228.99,0.27,SE
ORD002798,227,Home & Garden,2023-09-10,8,77.96,0.25,ES
ORD002799,416,Home & Garden,2023-12-08,3,317.88,0.17,IN
ORD002800,254,Automotive,2024-02-29,2,279.1,0.04,IT
ORD002801,241,Home & Garden,2024-07-06,1,298.84,0.09,IN
ORD002802,191,Home & Garden,2024-10-25,3,138.17,0.4,SG
ORD002803,446,Clothing,2024-05-14,3,356.92,0.0,SE
ORD002804,45,Sports,2024-12-26,10,153.46,0.33,CA
ORD002805,359,Automotive,2023-04-25,9,226.86,0.25,BR
ORD002806,213,Beauty,2023-04-23,10,79.73,0.02,UK
ORD002807,177,Sports,2024-07-31,10,359.24,0.17,FR
ORD002808,219,Books,2024-04-07,6,92.82,0.33,MX
ORD002809,378,Home & Garden,2024-09-21,8,296.11,0.25,US
ORD002810,177,Home & Garden,2024-05-10,3,413.74,0.37,FR
ORD002811,161,Clothing,2023-01-10,5,297.43,0.38,FR
ORD002812,497,Toys,2024-05-06,9,304.83,0.33,NL
ORD002813,215,Home & Garden,2023-06-04,7,440.61,0.29,US
ORD002814,402,Beauty,2023-11-23,10,498.66,0.04,NL
ORD002815,200,Clothing,2024-05-19,2,102.34,0.31,SG
ORD002816,489,Electronics,2024-04-24,5,241.31,0.25,IT
ORD002817,210,Beauty,2023-10-07,1,185.07,0.15,DE
ORD002818,182,Electronics,2024-06-04,2,40.47,0.32,FR
ORD002819,363,Toys,2024-11-20,2,187.22,0.18,DE
ORD002820,408,Books,2023-06-18,8,351.55,0.28,NL
ORD002821,123,Toys,2023-03-29,7,426.6,0.28,IT
ORD002822,470,Beauty,2023-04-09,5,412.21,0.3,UK
ORD002823,162,Toys,2023-12-01,5,15.97,0.14,SG
ORD002824,448,Home & Garden,2023-08-06,9,201.12,0.07,US
ORD002825,257,Automotive,2023-12-08,2,474.61,0.29,DE
ORD002826,287,Home & Garden,2023-03-03,4,279.34,0.16,SG
ORD002827,139,Clothing,2023-06-30,6,490.21,0.39,FR
ORD002828,82,Toys,2023-09-11,4,176.02,0.4,IT
ORD002829,67,Sports,2024-11-12,10,203.51,0.38,AU
ORD002830,57,Electronics,2023-08-05,4,231.07,0.19,IN
ORD002831,352,Sports,2023-02-05,6,427.39,0.38,JP
ORD002832,307,Electronics,2023-08-16,6,149.28,0.02,JP
ORD002833,299,Automotive,2024-11-14,6,222.02,0.26,UK
ORD002834,463,Electronics,2023-11-08,2,394.07,0.39,DE
ORD002835,474,Books,2024-08-20,4,169.34,0.0,US
ORD002836,244,Home & Garden,2023-07-15,10,207.43,0.3,NL
ORD002837,372,Books,2023-04-10,1,441.0,0.24,US
ORD002838,40,Home & Garden,2023-12-29,9,180.03,0.03,NL
ORD002839,287,Electronics,2024-05-27,3,276.31,0.08,SG
ORD002840,216,Automotive,2024-09-08,7,39.43,0.05,CA
ORD002841,134,Automotive,2023-06-25,4,475.64,0.3,MX
ORD002842,190,Electronics,2024-12-21,2,332.97,0.31,MX
ORD002843,100,Books,2023-12-24,5,481.62,0.39,SE
ORD002844,257,Home & Garden,2024-01-02,5,407.17,0.31,US
ORD002845,262,Electronics,2024-09-18,10,383.13,0.31,ES
ORD002846,60,Books,2023-10-25,2,72.74,0.18,SE
ORD002847,231,Automotive,2024-07-06,4,246.37,0.06,SE
ORD002848,159,Sports,2024-02-19,9,13.56,0.17,US
ORD002849,203,Automotive,2023-04-09,4,283.4,0.04,AU
ORD002850,448,Books,2023-01-25,1,478.72,0.34,ES
ORD002851,221,Sports,2024-11-12,4,196.85,0.18,NL
ORD002852,328,Automotive,2024-09-24,5,177.89,0.32,CA
ORD002853,107,Books,2024-12-18,3,147.22,0.38,SG
ORD002854,481,Beauty,2024-05-07,2,290.22,0.14,JP
ORD002855,211,Home & Garden,2024-04-16,5,452.87,0.08,JP
ORD002856,157,Books,2023-06-02,1,296.82,0.1,BR
ORD002857,20,Electronics,2024-04-13,8,378.47,0.3,NL
ORD002858,424,Automotive,2023-12-23,4,187.88,0.1,CA
ORD002859,281,Clothing,2023-10-03,8,188.89,0.13,SG
ORD002860,73,Electronics,2024-05-13,5,123.09,0.24,BR
ORD002861,279,Home & Garden,2023-03-04,1,53.81,0.18,ES
ORD002862,134,Electronics,2024-01-03,10,418.78,0.09,IT
ORD002863,334,Beauty,2024-07-07,8,365.08,0.19,US
ORD002864,89,Toys,2024-08-28,1,70.89,0.18,NL
ORD002865,357,Clothing,2023-12-24,4,271.69,0.26,ES
ORD002866,90,Automotive,2023-09-15,7,314.8,0.16,SE
ORD002867,337,Toys,2024-02-22,1,433.27,0.32,UK
ORD002868,146,Toys,2023-04-04,2,75.6,0.09,FR
ORD002869,402,Books,2023-03-08,10,61.89,0.2,SG
ORD002870,266,Beauty,2024-08-20,8,133.22,0.32,NL
ORD002871,67,Electronics,2023-04-03,9,123.94,0.11,SE
ORD002872,435,Automotive,2023-11-01,9,78.7,0.09,IN
ORD002873,444,Books,2023-10-28,4,439.39,0.23,CA
ORD002874,162,Clothing,2024-12-18,9,496.73,0.22,FR
ORD002875,195,Electronics,2024-05-29,7,329.59,0.38,MX
ORD002876,6,Electronics,2024-07-13,7,380.05,0.32,FR
ORD002877,334,Clothing,2024-05-04,7,265.13,0.12,SG
ORD002878,226,Sports,2023-07-18,2,314.54,0.06,SG
ORD002879,61,Books,2023-09-21,10,426.21,0.1,CA
ORD002880,326,Sports,2023-05-14,2,443.62,0.16,US
ORD002881,113,Clothing,2024-01-31,2,167.08,0.04,ES
ORD002882,118,Beauty,2023-02-26,9,399.94,0.11,IT
ORD002883,466,Home & Garden,2024-10-21,3,13.92,0.32,CA
ORD002884,374,Sports,2023-05-24,1,66.13,0.23,US
ORD002885,69,Electronics,2023-06-05,7,150.84,0.02,JP
ORD002886,286,Books,2023-12-20,4,249.63,0.0,SG
ORD002887,233,Electronics,2023-08-22,1,120.83,0.15,SG
ORD002888,73,Books,2023-05-02,2,436.13,0.02,CA
ORD002889,48,Beauty,2024-12-20,9,273.66,0.12,IN
ORD002890,434,Home & Garden,2023-07-24,2,210.22,0.09,AU
ORD002891,47,Beauty,2024-06-23,3,398.21,0.19,US
ORD002892,300,Electronics,2024-06-14,7,354.52,0.22,MX
ORD002893,497,Home & Garden,2023-06-28,8,378.39,0.27,JP
ORD002894,194,Electronics,2023-07-22,6,165.9,0.17,FR
ORD002895,320,Automotive,2024-01-26,2,160.93,0.24,CA
ORD002896,222,Automotive,2024-09-20,3,154.21,0.25,FR
ORD002897,319,Books,2024-06-23,8,396.49,0.13,NL
ORD002898,139,Toys,2023-08-10,5,194.63,0.12,JP
ORD002899,136,Toys,2023-02-01,1,66.66,0.27,NL
ORD002900,282,Home & Garden,2024-03-19,9,253.78,0.09,FR
ORD002901,77,Home & Garden,2023-12-14,2,110.06,0.02,ES
ORD002902,282,Automotive,2023-09-09,7,291.02,0.02,ES
ORD002903,307,Books,2024-04-16,1,265.32,0.13,IT
ORD002904,491,Home & Garden,2024-11-25,5,140.07,0.39,ES
ORD002905,125,Books,2024-10-21,7,463.33,0.2,SG
ORD002906,54,Home & Garden,2024-04-30,2,223.52,0.13,ES
ORD002907,136,Clothing,2024-12-01,2,268.88,0.27,CA
ORD002908,401,Electronics,2023-10-16,7,358.8,0.06,CA
ORD002909,211,Toys,2023-03-15,4,321.0,0.35,UK
ORD002910,83,Books,2023-11-27,3,25.73,0.4,IT
ORD002911,113,Electronics,2024-04-27,9,249.53,0.25,IT
ORD002912,401,Electronics,2024-08-08,3,451.72,0.05,CA
ORD002913,470,Automotive,2024-11-15,4,445.15,0.37,MX
ORD002914,76,Home & Garden,2024-01-13,8,69.77,0.04,SG
ORD002915,290,Books,2023-09-30,2,152.97,0.05,AU
ORD002916,492,Books,2023-07-25,5,141.88,0.29,SG
ORD002917,35,Home & Garden,2024-03-18,7,458.46,0.29,US
ORD002918,81,Books,2024-05-20,1,484.32,0.09,UK
ORD002919,242,Home & Garden,2024-04-06,2,222.75,0.27,AU
ORD002920,35,Home & Garden,2023-05-23,10,349.57,0.37,ES
ORD002921,281,Automotive,2023-11-22,8,88.47,0.33,DE
ORD002922,345,Books,2023-02-24,4,331.95,0.11,CA
ORD002923,180,Clothing,2024-01-15,5,29.67,0.14,DE
ORD002924,459,Home & Garden,2023-06-06,4,44.65,0.39,UK
ORD002925,437,Books,2024-10-11,10,200.47,0.19,SE
ORD002926,361,Toys,2024-08-13,8,429.31,0.34,DE
ORD002927,261,Toys,2024-06-17,3,12.33,0.01,JP
ORD002928,52,Home & Garden,2023-03-24,1,169.26,0.01,ES
ORD002929,120,Books,2023-11-23,5,319.39,0.07,JP
ORD002930,485,Toys,2023-05-12,9,157.45,0.11,AU
ORD002931,271,Sports,2023-02-01,9,9.51,0.35,DE
ORD002932,217,Books,2023-10-21,2,268.25,0.06,SE
ORD002933,362,Electronics,2023-08-18,7,66.84,0.33,SG
ORD002934,120,Electronics,2024-11-01,5,161.73,0.28,IN
ORD002935,155,Automotive,2024-11-07,3,450.22,0.19,AU
ORD002936,194,Toys,2024-11-13,6,299.11,0.21,MX
ORD002937,437,Beauty,2023-01-11,1,367.56,0.23,BR
ORD002938,234,Home & Garden,2024-01-14,1,84.42,0.12,US
ORD002939,29,Electronics,2023-01-14,6,375.52,0.32,UK
ORD002940,235,Automotive,2024-03-17,2,89.55,0.07,UK
ORD002941,149,Toys,2024-01-07,6,439.02,0.07,BR
ORD002942,237,Toys,2023-11-11,10,346.81,0.25,ES
ORD002943,464,Electronics,2023-02-08,3,337.31,0.13,UK
ORD002944,162,Electronics,2023-03-18,8,114.77,0.01,BR
ORD002945,134,Automotive,2023-08-17,8,219.25,0.26,IN
ORD002946,238,Beauty,2023-06-26,2,25.61,0.32,DE
ORD002947,38,Electronics,2023-05-11,3,176.9,0.27,SE
ORD002948,105,Sports,2024-09-13,3,17.24,0.19,CA
ORD002949,23,Books,2023-01-21,10,8.89,0.28,US
ORD002950,453,Toys,2023-06-09,6,95.33,0.18,AU
ORD002951,377,Beauty,2024-10-31,8,340.4,0.26,AU
ORD002952,81,Toys,2024-09-28,2,121.28,0.17,US
ORD002953,169,Clothing,2023-09-17,7,450.7,0.29,FR
ORD002954,56,Home & Garden,2024-08-10,6,279.07,0.38,DE
ORD002955,383,Automotive,2023-04-22,7,227.75,0.3,DE
ORD002956,66,Electronics,2024-04-12,5,215.22,0.24,SG
ORD002957,326,Toys,2024-10-06,1,227.64,0.06,AU
ORD002958,288,Home & Garden,2023-12-11,7,109.76,0.04,JP
ORD002959,376,Home & Garden,2023-05-02,4,212.67,0.01,SE
ORD002960,427,Electronics,2024-02-27,3,12.83,0.2,DE
ORD002961,459,Electronics,2024-06-30,9,211.17,0.11,IN
ORD002962,166,Home & Garden,2024-09-23,2,194.61,0.07,FR
ORD002963,408,Toys,2023-10-04,10,27.09,0.1,MX
ORD002964,88,Clothing,2023-07-27,5,306.54,0.39,US
ORD002965,76,Sports,2024-05-15,2,394.26,0.09,NL
ORD002966,442,Automotive,2023-07-02,9,100.32,0.21,MX
ORD002967,454,Home & Garden,2023-06-27,9,233.71,0.39,UK
ORD002968,337,Toys,2023-05-14,10,457.16,0.05,US
ORD002969,168,Home & Garden,2023-09-26,4,450.39,0.1,AU
ORD002970,208,Electronics,2023-11-17,10,134.3,0.24,BR
ORD002971,403,Sports,2024-06-13,7,114.81,0.29,US
ORD002972,115,Electronics,2023-03-20,4,114.25,0.34,ES
ORD002973,261,Home & Garden,2023-11-07,9,296.98,0.26,UK
ORD002974,197,Books,2024-04-25,6,420.75,0.01,UK
ORD002975,88,Toys,2024-02-02,3,126.28,0.09,CA
ORD002976,288,Electronics,2024-07-29,8,323.46,0.22,BR
ORD002977,345,Home & Garden,2024-10-13,2,356.72,0.05,MX
ORD002978,117,Electronics,2023-06-05,3,72.3,0.05,US
ORD002979,335,Automotive,2024-10-25,5,50.09,0.32,IN
ORD002980,459,Toys,2024-10-08,6,49.75,0.3,SE
ORD002981,454,Sports,2023-09-23,7,228.55,0.08,DE
ORD002982,457,Automotive,2024-08-16,9,132.82,0.2,SG
ORD002983,206,Clothing,2024-01-12,6,182.2,0.39,US
ORD002984,342,Toys,2024-08-14,6,487.82,0.24,MX
ORD002985,368,Automotive,2024-06-30,7,166.01,0.29,JP
ORD002986,487,Home & Garden,2024-12-03,6,168.46,0.26,JP
ORD002987,259,Automotive,2023-06-11,10,371.65,0.17,US
ORD002988,422,Beauty,2024-06-21,4,471.06,0.33,JP
ORD002989,276,Automotive,2023-01-11,2,324.72,0.03,DE
ORD002990,411,Clothing,2024-11-03,7,386.1,0.24,FR
ORD002991,172,Books,2023-05-26,10,118.66,0.16,US
ORD002992,37,Beauty,2023-09-30,3,98.55,0.35,DE
ORD002993,181,Books,2024-09-07,2,498.8,0.25,BR
ORD002994,168,Toys,2023-12-15,5,482.96,0.11,UK
ORD002995,402,Electronics,2024-04-29,10,175.97,0.31,DE
ORD002996,346,Sports,2023-09-21,3,403.23,0.16,UK
ORD002997,318,Automotive,2024-02-10,8,145.35,0.31,AU
ORD002998,95,Books,2024-09-09,3,32.64,0.05,JP
ORD002999,344,Toys,2024-10-13,9,348.8,0.15,FR
ORD003000,342,Electronics,2023-11-30,3,271.98,0.23,BR
ORD003001,466,Books,2024-06-09,9,31.94,0.05,SE
ORD003002,134,Clothing,2023-12-08,5,215.18,0.2,MX
ORD003003,345,Clothing,2024-11-16,2,295.42,0.35,MX
ORD003004,39,Home & Garden,2024-06-15,10,200.95,0.03,FR
ORD003005,368,Automotive,2023-11-11,7,27.49,0.17,IN
ORD003006,407,Electronics,2023-12-30,1,468.72,0.32,BR
ORD003007,387,Books,2023-05-14,4,464.4,0.05,NL
ORD003008,226,Electronics,2024-11-17,9,444.06,0.02,FR
ORD003009,215,Sports,2023-07-06,4,350.55,0.19,NL
ORD003010,18,Toys,2023-05-13,10,453.02,0.38,UK
ORD003011,231,Clothing,2023-11-27,6,428.62,0.26,IT
ORD003012,360,Clothing,2024-06-14,2,274.97,0.34,NL
ORD003013,490,Clothing,2024-05-13,6,258.92,0.38,JP
ORD003014,54,Electronics,2023-07-05,1,311.15,0.21,JP
ORD003015,280,Home & Garden,2023-07-13,8,146.07,0.03,JP
ORD003016,124,Books,2023-06-22,1,64.68,0.04,JP
ORD003017,188,Books,2024-03-16,7,464.96,0.29,NL
ORD003018,393,Beauty,2024-11-29,2,248.8,0.26,ES
ORD003019,30,Clothing,2024-10-11,3,48.35,0.09,DE
ORD003020,28,Books,2024-01-04,2,473.12,0.3,UK
ORD003021,108,Home & Garden,2023-10-03,4,405.33,0.1,BR
ORD003022,127,Beauty,2023-10-16,7,325.32,0.22,AU
ORD003023,390,Clothing,2024-08-11,9,495.64,0.15,SE
ORD003024,137,Sports,2024-04-19,7,411.58,0.28,FR
ORD003025,464,Automotive,2023-01-31,8,45.28,0.27,NL
ORD003026,489,Beauty,2023-02-25,9,361.8,0.33,ES
ORD003027,393,Sports,2023-12-18,5,65.04,0.11,IN
ORD003028,239,Toys,2024-01-24,1,388.62,0.16,NL
ORD003029,398,Electronics,2024-12-02,3,139.28,0.09,ES
ORD003030,82,Toys,2023-04-13,10,178.28,0.21,UK
ORD003031,439,Clothing,2024-08-12,9,417.08,0.02,DE
ORD003032,168,Books,2024-10-15,10,70.94,0.36,AU
ORD003033,223,Home & Garden,2023-10-03,3,472.19,0.14,SE
ORD003034,450,Beauty,2023-04-29,2,68.65,0.13,IN
ORD003035,70,Home & Garden,2023-06-29,10,18.48,0.16,JP
ORD003036,51,Clothing,2024-04-28,10,18.64,0.13,BR
ORD003037,310,Toys,2023-02-20,5,406.04,0.26,ES
ORD003038,492,Sports,2024-10-08,10,243.0,0.37,IT
ORD003039,455,Beauty,2024-07-06,7,256.95,0.2,JP
ORD003040,494,Sports,2024-08-02,9,418.25,0.32,IN
ORD003041,223,Sports,2024-06-24,3,259.45,0.13,MX
ORD003042,308,Electronics,2023-04-04,6,478.71,0.17,AU
ORD003043,409,Books,2024-06-17,2,7.96,0.36,AU
ORD003044,92,Electronics,2024-03-13,8,86.28,0.02,BR
ORD003045,438,Clothing,2023-02-07,3,395.31,0.2,DE
ORD003046,422,Beauty,2023-07-27,9,458.2,0.33,IN
ORD003047,40,Electronics,2023-11-05,6,354.81,0.24,JP
ORD003048,241,Books,2024-02-01,7,153.27,0.04,SG
ORD003049,214,Electronics,2023-05-12,7,421.23,0.02,SG
ORD003050,400,Home & Garden,2024-01-20,10,114.68,0.35,UK
ORD003051,227,Home & Garden,2024-11-30,5,222.68,0.16,US
ORD003052,466,Toys,2023-09-16,4,393.46,0.19,NL
ORD003053,217,Electronics,2023-04-21,8,205.69,0.07,AU
ORD003054,242,Clothing,2023-12-09,5,413.45,0.19,FR
ORD003055,132,Books,2023-11-25,2,304.06,0.17,UK
ORD003056,423,Electronics,2024-10-31,7,431.63,0.31,US
ORD003057,245,Electronics,2023-12-04,10,122.03,0.04,IT
ORD003058,247,Sports,2023-06-27,7,319.94,0.26,AU
ORD003059,362,Beauty,2023-06-13,6,333.19,0.39,CA
ORD003060,383,Electronics,2023-01-26,3,210.77,0.12,BR
ORD003061,340,Clothing,2024-06-25,4,219.79,0.29,SG
ORD003062,82,Automotive,2023-07-15,7,459.14,0.04,UK
ORD003063,465,Toys,2024-07-29,6,115.44,0.19,DE
ORD003064,413,Books,2024-02-06,10,53.25,0.14,DE
ORD003065,368,Automotive,2024-06-03,5,260.88,0.29,IN
ORD003066,277,Sports,2023-05-29,7,440.84,0.38,ES
ORD003067,378,Automotive,2023-04-24,9,488.42,0.31,SG
ORD003068,354,Home & Garden,2023-11-02,7,449.55,0.08,IT
ORD003069,145,Beauty,2023-09-18,3,387.01,0.33,DE
ORD003070,235,Books,2024-01-05,9,59.72,0.01,IT
ORD003071,16,Toys,2024-06-30,7,312.8,0.27,UK
ORD003072,2,Clothing,2024-10-25,5,327.55,0.02,MX
ORD003073,257,Clothing,2024-03-09,8,250.48,0.34,MX
ORD003074,377,Electronics,2023-06-14,9,422.02,0.36,FR
ORD003075,390,Home & Garden,2023-08-04,10,491.35,0.26,UK
ORD003076,412,Clothing,2024-10-23,8,486.35,0.1,FR
ORD003077,200,Home & Garden,2023-06-03,1,16.06,0.08,IN
ORD003078,271,Home & Garden,2023-03-11,6,23.72,0.09,IN
ORD003079,408,Sports,2024-11-03,7,32.34,0.12,CA
ORD003080,17,Electronics,2023-01-20,1,160.35,0.2,SE
ORD003081,311,Home & Garden,2024-06-30,4,374.29,0.02,JP
ORD003082,196,Automotive,2023-04-17,1,289.91,0.31,AU
ORD003083,167,Electronics,2024-05-01,4,246.11,0.2,UK
ORD003084,286,Automotive,2023-05-17,5,368.96,0.22,BR
ORD003085,172,Electronics,2024-10-16,5,132.8,0.26,SE
ORD003086,296,Automotive,2023-02-06,8,495.72,0.06,IT
ORD003087,342,Home & Garden,2023-08-11,4,128.24,0.24,UK
ORD003088,256,Toys,2024-07-25,4,189.85,0.16,US
ORD003089,289,Beauty,2024-02-19,6,426.97,0.19,SE
ORD003090,198,Beauty,2023-11-04,2,395.35,0.24,DE
ORD003091,34,Toys,2023-11-14,3,81.39,0.1,ES
ORD003092,170,Electronics,2024-01-02,7,36.56,0.03,US
ORD003093,277,Books,2024-12-27,9,329.11,0.17,NL
ORD003094,182,Beauty,2024-05-06,7,349.58,0.06,US
ORD003095,22,Automotive,2023-12-22,9,446.93,0.03,IT
ORD003096,256,Books,2023-08-23,2,20.8,0.29,NL
ORD003097,274,Toys,2024-01-03,1,435.14,0.25,SG
ORD003098,439,Home & Garden,2024-11-04,9,172.69,0.06,FR
ORD003099,464,Beauty,2023-06-09,1,184.77,0.2,NL
ORD003100,291,Beauty,2023-09-10,9,324.46,0.37,UK
ORD003101,46,Beauty,2023-02-17,5,430.81,0.36,IN
ORD003102,395,Beauty,2024-04-04,1,210.14,0.18,JP
ORD003103,242,Sports,2024-07-13,7,9.3,0.37,NL
ORD003104,299,Automotive,2024-04-06,10,326.12,0.34,FR
ORD003105,388,Automotive,2024-08-15,7,279.45,0.05,SG
ORD003106,319,Home & Garden,2024-07-16,9,485.89,0.11,AU
ORD003107,215,Home & Garden,2024-12-10,3,266.83,0.11,NL
ORD003108,423,Home & Garden,2023-11-27,10,317.39,0.02,NL
ORD003109,180,Beauty,2023-03-03,6,437.59,0.22,MX
ORD003110,325,Automotive,2024-01-26,8,139.4,0.24,IN
ORD003111,289,Clothing,2024-07-16,1,13.02,0.02,SE
ORD003112,410,Home & Garden,2023-10-25,4,376.1,0.24,SG
ORD003113,428,Automotive,2023-11-24,2,343.36,0.09,BR
ORD003114,117,Clothing,2024-06-22,10,441.11,0.11,FR
ORD003115,434,Toys,2023-01-13,3,121.12,0.01,FR
ORD003116,295,Beauty,2024-04-24,6,218.34,0.0,JP
ORD003117,136,Books,2024-05-31,8,29.98,0.26,DE
ORD003118,308,Clothing,2024-12-09,3,358.1,0.09,AU
ORD003119,484,Sports,2024-06-16,8,100.25,0.38,IT
ORD003120,309,Beauty,2023-04-06,7,279.67,0.36,SE
ORD003121,82,Electronics,2023-12-30,2,255.29,0.02,AU
ORD003122,248,Automotive,2023-10-24,3,207.87,0.33,ES
ORD003123,107,Sports,2023-10-20,2,30.03,0.27,UK
ORD003124,131,Electronics,2024-07-27,3,305.38,0.16,FR
ORD003125,351,Beauty,2024-02-29,2,258.68,0.09,UK
ORD003126,58,Sports,2024-06-17,7,125.65,0.23,AU
ORD003127,434,Books,2024-06-28,6,333.06,0.36,UK
ORD003128,453,Books,2024-05-17,5,486.07,0.05,NL
ORD003129,93,Toys,2024-07-07,1,465.77,0.37,ES
ORD003130,157,Home & Garden,2023-06-09,8,444.91,0.27,NL
ORD003131,163,Toys,2023-03-14,8,377.31,0.03,US
ORD003132,26,Beauty,2023-04-28,8,401.54,0.2,UK
ORD003133,39,Automotive,2024-08-13,7,358.22,0.02,ES
ORD003134,372,Automotive,2024-11-28,6,208.32,0.28,NL
ORD003135,231,Automotive,2024-11-14,8,98.99,0.03,US
ORD003136,115,Toys,2023-01-10,4,379.99,0.16,MX
ORD003137,259,Clothing,2024-12-27,3,310.46,0.04,UK
ORD003138,123,Electronics,2024-10-09,6,404.94,0.38,UK
ORD003139,296,Books,2023-05-26,6,477.07,0.11,SE
ORD003140,89,Home & Garden,2024-02-11,2,200.39,0.2,BR
ORD003141,94,Clothing,2024-12-19,4,452.5,0.09,NL
ORD003142,419,Beauty,2023-12-10,2,40.06,0.22,SG
ORD003143,139,Home & Garden,2024-11-27,5,132.22,0.04,BR
ORD003144,145,Automotive,2024-02-01,8,236.84,0.28,US
ORD003145,378,Electronics,2023-09-09,1,470.03,0.07,FR
ORD003146,203,Electronics,2023-04-28,7,486.48,0.38,NL
ORD003147,55,Home & Garden,2023-03-17,2,258.39,0.23,US
ORD003148,385,Books,2024-05-30,6,293.95,0.36,MX
ORD003149,3,Automotive,2023-08-28,1,228.03,0.03,AU
ORD003150,223,Sports,2023-10-25,2,447.04,0.12,ES
ORD003151,195,Toys,2024-11-15,7,427.67,0.22,ES
ORD003152,332,Toys,2023-05-26,10,131.08,0.24,AU
ORD003153,290,Sports,2023-09-30,9,39.22,0.32,BR
ORD003154,291,Toys,2024-10-25,10,42.16,0.01,IN
ORD003155,446,Clothing,2024-11-17,10,450.92,0.28,NL
ORD003156,298,Home & Garden,2024-08-09,6,365.5,0.22,NL
ORD003157,20,Clothing,2023-10-07,7,90.95,0.38,IT
ORD003158,30,Automotive,2023-04-02,5,353.06,0.32,UK
ORD003159,168,Electronics,2024-07-30,9,208.2,0.12,SE
ORD003160,7,Beauty,2024-09-04,2,294.59,0.01,IT
ORD003161,429,Electronics,2024-06-05,4,301.65,0.22,ES
ORD003162,384,Home & Garden,2023-09-04,10,342.82,0.21,DE
ORD003163,357,Beauty,2024-04-21,9,145.76,0.35,DE
ORD003164,343,Home & Garden,2024-05-27,1,462.97,0.04,ES
ORD003165,317,Automotive,2024-10-09,3,439.73,0.23,FR
ORD003166,174,Beauty,2023-04-12,9,12.03,0.4,NL
ORD003167,5,Beauty,2023-07-12,6,345.11,0.01,CA
ORD003168,62,Toys,2023-10-22,8,272.85,0.02,SG
ORD003169,233,Automotive,2024-08-15,4,256.59,0.0,FR
ORD003170,127,Books,2024-10-14,8,61.59,0.02,IN
ORD003171,490,Electronics,2023-07-23,7,271.86,0.09,DE
ORD003172,411,Sports,2024-01-04,6,370.07,0.26,AU
ORD003173,336,Books,2024-03-19,6,13.19,0.2,ES
ORD003174,205,Electronics,2023-05-01,1,215.37,0.03,SE
ORD003175,408,Clothing,2024-08-01,8,312.79,0.14,CA
ORD003176,204,Electronics,2023-12-10,7,79.38,0.16,MX
ORD003177,257,Electronics,2024-10-15,3,494.27,0.25,JP
ORD003178,357,Beauty,2024-02-05,2,345.91,0.1,DE
ORD003179,181,Clothing,2024-08-31,9,344.04,0.0,SG
ORD003180,255,Sports,2023-02-05,5,229.09,0.03,DE
ORD003181,161,Toys,2023-11-17,4,47.84,0.02,CA
ORD003182,84,Books,2023-11-02,9,451.82,0.33,DE
ORD003183,399,Home & Garden,2023-05-22,1,33.84,0.01,MX
ORD003184,490,Home & Garden,2024-02-14,9,390.47,0.11,SG
ORD003185,231,Automotive,2024-07-01,4,89.38,0.14,JP
ORD003186,22,Automotive,2023-12-27,8,360.96,0.32,CA
ORD003187,162,Clothing,2024-08-30,1,247.51,0.31,SE
ORD003188,444,Toys,2023-08-02,8,230.16,0.29,SE
ORD003189,328,Toys,2023-08-06,7,499.46,0.26,SG
ORD003190,132,Automotive,2023-05-02,9,498.71,0.24,BR
ORD003191,500,Sports,2024-07-26,2,32.94,0.38,SG
ORD003192,65,Home & Garden,2023-04-19,2,448.86,0.0,UK
ORD003193,216,Toys,2023-04-20,8,8.78,0.2,FR
ORD003194,250,Toys,2023-01-06,7,302.83,0.26,SE
ORD003195,83,Home & Garden,2023-10-11,10,411.22,0.25,SE
ORD003196,94,Toys,2023-11-15,8,164.88,0.39,SG
ORD003197,322,Electronics,2023-11-26,6,352.72,0.3,NL
ORD003198,25,Automotive,2024-07-13,9,304.95,0.24,CA
ORD003199,201,Home & Garden,2023-10-30,7,232.88,0.11,JP
ORD003200,352,Books,2023-01-04,2,426.42,0.36,US
ORD003201,295,Clothing,2024-03-20,5,343.58,0.13,BR
ORD003202,193,Clothing,2023-05-05,3,398.92,0.29,MX
ORD003203,499,Books,2023-01-19,1,43.62,0.13,US
ORD003204,245,Electronics,2024-07-21,2,108.4,0.24,ES
ORD003205,230,Clothing,2023-06-29,5,302.35,0.17,SE
ORD003206,323,Toys,2024-07-05,6,413.35,0.19,IN
ORD003207,152,Toys,2024-04-13,5,386.94,0.16,FR
ORD003208,193,Home & Garden,2024-10-06,10,237.28,0.32,AU
ORD003209,491,Automotive,2023-09-19,4,411.4,0.24,JP
ORD003210,111,Beauty,2024-04-19,5,443.89,0.2,US
ORD003211,334,Clothing,2024-02-19,7,298.84,0.2,IT
ORD003212,393,Sports,2024-07-25,3,79.9,0.19,MX
ORD003213,153,Home & Garden,2023-08-29,6,305.27,0.32,NL
ORD003214,158,Home & Garden,2024-03-13,3,160.99,0.2,NL
ORD003215,159,Books,2024-01-30,10,182.76,0.2,ES
ORD003216,219,Automotive,2023-02-01,5,447.44,0.05,MX
ORD003217,303,Electronics,2023-01-25,8,492.74,0.1,MX
ORD003218,377,Electronics,2024-10-21,5,356.61,0.32,CA
ORD003219,182,Home & Garden,2024-04-12,8,160.85,0.33,CA
ORD003220,248,Beauty,2024-03-23,2,144.26,0.14,ES
ORD003221,387,Beauty,2024-06-26,10,26.82,0.08,NL
ORD003222,6,Books,2023-01-12,4,35.5,0.32,BR
ORD003223,97,Books,2023-06-19,5,42.89,0.37,CA
ORD003224,57,Books,2024-04-19,8,340.13,0.28,IN
ORD003225,96,Books,2024-06-08,10,100.07,0.15,NL
ORD003226,430,Sports,2024-04-04,6,46.4,0.2,IT
ORD003227,117,Automotive,2023-10-28,5,495.3,0.35,CA
ORD003228,481,Sports,2024-03-05,5,358.72,0.06,IN
ORD003229,437,Toys,2024-05-25,3,303.58,0.02,IN
ORD003230,188,Books,2023-10-24,4,276.36,0.36,US
ORD003231,46,Books,2024-02-16,8,478.93,0.23,AU
ORD003232,118,Electronics,2023-02-27,7,309.95,0.26,BR
ORD003233,301,Electronics,2023-05-04,9,23.84,0.06,IT
ORD003234,232,Home & Garden,2024-07-17,4,297.16,0.29,IT
ORD003235,432,Automotive,2023-10-05,5,218.74,0.23,MX
ORD003236,178,Beauty,2024-07-21,1,499.56,0.13,ES
ORD003237,89,Automotive,2024-05-07,7,245.74,0.27,FR
ORD003238,337,Books,2023-09-22,8,392.8,0.37,US
ORD003239,460,Toys,2024-07-16,9,410.27,0.37,CA
ORD003240,279,Sports,2023-04-03,9,31.6,0.01,BR
ORD003241,356,Electronics,2023-04-28,1,481.98,0.04,ES
ORD003242,292,Electronics,2023-10-26,2,262.66,0.22,CA
ORD003243,115,Toys,2024-04-23,8,415.78,0.25,UK
ORD003244,276,Books,2023-08-06,5,322.62,0.37,UK
ORD003245,491,Home & Garden,2023-08-24,4,228.76,0.25,SE
ORD003246,499,Beauty,2024-09-21,5,141.29,0.32,JP
ORD003247,417,Electronics,2024-10-18,10,98.85,0.28,SE
ORD003248,257,Clothing,2024-10-28,10,357.78,0.17,FR
ORD003249,29,Clothing,2023-01-17,2,44.31,0.13,US
ORD003250,218,Sports,2024-08-05,7,126.22,0.26,MX
ORD003251,413,Electronics,2024-07-10,7,265.55,0.26,ES
ORD003252,471,Toys,2023-07-08,5,114.56,0.14,JP
ORD003253,289,Electronics,2023-06-15,8,277.59,0.12,US
ORD003254,15,Sports,2023-01-26,2,184.4,0.04,IT
ORD003255,445,Sports,2024-08-23,2,139.0,0.04,CA
ORD003256,419,Beauty,2024-03-19,4,359.62,0.04,DE
ORD003257,295,Toys,2023-01-12,9,125.81,0.28,FR
ORD003258,205,Home & Garden,2023-06-14,1,103.39,0.21,US
ORD003259,398,Automotive,2024-08-29,5,89.81,0.35,ES
ORD003260,151,Clothing,2024-03-15,7,106.13,0.05,IN
ORD003261,417,Automotive,2024-09-16,1,12.21,0.4,DE
ORD003262,167,Automotive,2023-04-18,3,359.39,0.18,NL
ORD003263,399,Beauty,2024-11-26,7,285.32,0.31,CA
ORD003264,341,Sports,2023-06-01,8,29.57,0.09,JP
ORD003265,30,Electronics,2023-08-10,1,244.39,0.13,IT
ORD003266,19,Home & Garden,2024-11-07,7,418.48,0.05,BR
ORD003267,333,Home & Garden,2023-08-17,10,242.79,0.14,US
ORD003268,226,Home & Garden,2024-03-10,5,499.92,0.15,JP
ORD003269,449,Electronics,2023-09-09,6,56.56,0.13,CA
ORD003270,390,Automotive,2024-06-23,8,309.25,0.36,SE
ORD003271,469,Toys,2023-08-16,9,266.01,0.34,SG
ORD003272,99,Electronics,2023-11-19,3,295.34,0.04,BR
ORD003273,384,Clothing,2023-03-03,7,261.96,0.16,NL
ORD003274,221,Beauty,2024-11-03,8,283.81,0.13,BR
ORD003275,156,Toys,2024-10-23,10,455.4,0.37,MX
ORD003276,188,Clothing,2024-08-10,5,185.99,0.24,CA
ORD003277,430,Books,2024-09-29,6,332.02,0.36,IN
ORD003278,267,Electronics,2024-03-16,4,115.66,0.17,FR
ORD003279,13,Toys,2023-03-04,4,181.48,0.25,ES
ORD003280,240,Electronics,2023-02-21,4,271.56,0.06,ES
ORD003281,386,Toys,2024-07-27,1,356.1,0.05,IN
ORD003282,376,Home & Garden,2024-01-13,8,457.23,0.25,CA
ORD003283,243,Books,2023-07-22,3,353.64,0.23,UK
ORD003284,398,Home & Garden,2023-01-28,6,346.52,0.36,FR
ORD003285,440,Automotive,2024-12-19,10,217.26,0.27,JP
ORD003286,28,Home & Garden,2023-03-12,5,122.99,0.09,SE
ORD003287,251,Clothing,2023-09-23,10,356.75,0.21,MX
ORD003288,439,Automotive,2024-05-11,1,190.62,0.02,JP
ORD003289,212,Electronics,2024-03-30,1,438.11,0.26,BR
ORD003290,499,Books,2023-04-03,4,431.67,0.05,AU
ORD003291,423,Sports,2024-03-28,3,44.74,0.17,JP
ORD003292,96,Sports,2023-09-03,8,24.97,0.02,SE
ORD003293,165,Home & Garden,2023-05-05,3,233.59,0.27,SG
ORD003294,196,Books,2024-03-26,9,116.81,0.27,CA
ORD003295,244,Beauty,2024-10-19,6,124.28,0.06,US
ORD003296,346,Electronics,2024-07-02,3,208.85,0.07,CA
ORD003297,422,Sports,2023-04-29,5,392.03,0.13,AU
ORD003298,280,Toys,2023-05-08,7,87.64,0.4,SG
ORD003299,7,Books,2023-12-09,10,476.31,0.35,DE
ORD003300,428,Beauty,2023-01-16,1,305.33,0.19,SE
ORD003301,175,Sports,2023-01-16,4,384.11,0.32,AU
ORD003302,176,Home & Garden,2023-07-03,5,84.1,0.0,ES
ORD003303,417,Beauty,2023-03-19,6,80.1,0.05,AU
ORD003304,408,Electronics,2024-02-04,9,162.27,0.29,ES
ORD003305,440,Clothing,2023-02-01,8,448.02,0.36,US
ORD003306,458,Beauty,2023-06-27,6,419.42,0.05,FR
ORD003307,81,Electronics,2023-02-12,1,137.39,0.31,DE
ORD003308,90,Electronics,2024-01-23,3,211.62,0.02,ES
ORD003309,223,Beauty,2023-09-15,8,252.88,0.14,ES
ORD003310,492,Electronics,2023-03-02,5,166.36,0.31,UK
ORD003311,172,Beauty,2023-09-16,7,475.36,0.19,IN
ORD003312,171,Beauty,2023-01-01,7,341.6,0.3,MX
ORD003313,488,Beauty,2024-08-25,10,219.03,0.11,SE
ORD003314,485,Electronics,2023-09-23,3,9.85,0.27,JP
ORD003315,283,Books,2024-05-01,10,34.57,0.32,SG
ORD003316,300,Clothing,2024-06-01,8,276.7,0.08,ES
ORD003317,200,Beauty,2024-02-10,6,379.22,0.07,SE
ORD003318,411,Books,2024-03-05,2,310.55,0.02,SG
ORD003319,437,Books,2023-11-09,8,406.81,0.15,MX
ORD003320,132,Sports,2023-10-25,10,388.34,0.01,IT
ORD003321,355,Sports,2023-08-12,10,402.85,0.21,BR
ORD003322,261,Home & Garden,2023-02-22,3,306.91,0.11,NL
ORD003323,357,Electronics,2023-09-13,9,432.11,0.4,ES
ORD003324,213,Home & Garden,2023-12-04,10,172.59,0.35,IN
ORD003325,306,Home & Garden,2023-04-08,6,82.02,0.22,US
ORD003326,319,Sports,2024-10-24,1,401.45,0.36,SE
ORD003327,209,Automotive,2023-01-07,2,153.3,0.39,UK
ORD003328,107,Books,2023-06-13,7,119.63,0.24,NL
ORD003329,50,Electronics,2024-05-11,4,280.94,0.14,US
ORD003330,487,Electronics,2024-08-24,6,283.44,0.35,IT
ORD003331,318,Clothing,2023-12-12,9,43.18,0.11,NL
ORD003332,224,Beauty,2024-03-05,7,314.41,0.13,FR
ORD003333,208,Toys,2023-07-19,1,118.53,0.26,DE
ORD003334,205,Books,2024-11-27,5,71.82,0.01,IT
ORD003335,227,Beauty,2024-04-15,9,482.56,0.05,SE
ORD003336,224,Automotive,2023-04-06,9,150.06,0.22,FR
ORD003337,462,Home & Garden,2024-06-21,7,209.3,0.06,MX
ORD003338,227,Beauty,2023-04-04,5,76.72,0.34,SG
ORD003339,361,Beauty,2023-10-22,9,473.65,0.35,SG
ORD003340,245,Books,2023-12-25,6,13.69,0.21,MX
ORD003341,391,Automotive,2024-06-11,5,10.63,0.04,IT
ORD003342,6,Automotive,2024-12-28,2,206.42,0.11,JP
ORD003343,381,Toys,2023-09-29,4,65.75,0.23,UK
ORD003344,110,Automotive,2024-05-08,8,102.13,0.02,MX
ORD003345,217,Home & Garden,2024-05-05,10,148.07,0.14,JP
ORD003346,316,Toys,2023-05-15,6,237.75,0.07,FR
ORD003347,280,Toys,2024-04-14,6,445.64,0.23,DE
ORD003348,27,Sports,2024-10-03,7,214.57,0.35,NL
ORD003349,272,Books,2024-02-10,7,395.84,0.36,UK
ORD003350,66,Books,2023-12-17,7,480.56,0.04,ES
ORD003351,121,Electronics,2024-04-17,10,422.93,0.04,BR
ORD003352,232,Home & Garden,2024-08-11,9,427.45,0.29,DE
ORD003353,317,Clothing,2023-06-14,5,400.73,0.0,AU
ORD003354,262,Sports,2023-04-30,3,62.61,0.2,UK
ORD003355,188,Home & Garden,2024-04-20,1,90.4,0.26,IN
ORD003356,45,Clothing,2023-01-26,6,141.48,0.16,BR
ORD003357,28,Books,2024-08-25,3,339.33,0.17,IN
ORD003358,224,Automotive,2023-08-09,2,212.97,0.18,BR
ORD003359,486,Electronics,2023-03-23,7,254.26,0.12,UK
ORD003360,409,Clothing,2024-07-12,8,407.48,0.17,IN
ORD003361,209,Home & Garden,2023-06-12,8,22.27,0.32,US
ORD003362,105,Toys,2023-10-21,4,433.64,0.33,ES
ORD003363,175,Beauty,2023-10-30,6,284.76,0.24,SE
ORD003364,245,Beauty,2024-08-21,5,298.18,0.12,US
ORD003365,314,Electronics,2023-07-13,7,144.54,0.16,AU
ORD003366,277,Books,2024-04-07,4,87.43,0.28,JP
ORD003367,227,Automotive,2024-12-30,7,288.55,0.19,US
ORD003368,317,Toys,2024-03-13,3,422.06,0.05,ES
ORD003369,489,Clothing,2023-04-13,1,379.32,0.27,AU
ORD003370,208,Home & Garden,2023-07-26,5,401.04,0.04,MX
ORD003371,26,Home & Garden,2024-01-26,5,172.67,0.39,IT
ORD003372,426,Clothing,2023-08-24,6,316.6,0.13,JP
ORD003373,409,Automotive,2024-01-13,9,285.27,0.06,BR
ORD003374,295,Toys,2024-02-01,4,49.86,0.24,US
ORD003375,11,Electronics,2024-06-20,1,272.26,0.3,CA
ORD003376,446,Clothing,2024-03-30,3,6.78,0.29,CA
ORD003377,92,Sports,2024-05-24,7,369.32,0.11,CA
ORD003378,483,Toys,2023-06-09,10,445.13,0.22,BR
ORD003379,88,Beauty,2023-11-05,6,444.52,0.28,MX
ORD003380,2,Automotive,2024-08-25,3,165.99,0.33,MX
ORD003381,171,Sports,2024-07-03,8,307.62,0.19,AU
ORD003382,247,Clothing,2023-05-13,3,374.58,0.0,CA
ORD003383,438,Electronics,2023-02-16,9,322.36,0.17,MX
ORD003384,22,Electronics,2024-04-21,2,12.77,0.25,SE
ORD003385,122,Sports,2023-11-21,9,265.2,0.06,FR
ORD003386,329,Toys,2023-10-27,6,260.36,0.37,UK
ORD003387,258,Clothing,2023-01-19,9,405.87,0.07,AU
ORD003388,427,Home & Garden,2023-10-06,7,403.18,0.06,FR
ORD003389,240,Home & Garden,2023-05-11,5,331.44,0.0,NL
ORD003390,312,Books,2023-01-26,7,82.59,0.1,NL
ORD003391,119,Clothing,2023-10-19,2,282.4,0.33,BR
ORD003392,197,Books,2024-08-25,4,443.7,0.29,AU
ORD003393,232,Beauty,2024-10-12,8,86.47,0.06,AU
ORD003394,302,Toys,2023-06-23,1,429.56,0.37,FR
ORD003395,422,Beauty,2023-07-20,8,46.91,0.26,FR
ORD003396,166,Automotive,2023-03-13,2,481.84,0.2,BR
ORD003397,350,Clothing,2024-10-25,2,482.71,0.05,MX
ORD003398,103,Books,2023-02-17,2,492.09,0.36,BR
ORD003399,196,Toys,2024-11-15,8,174.28,0.24,IN
ORD003400,42,Sports,2024-04-13,1,427.64,0.06,ES
ORD003401,135,Beauty,2024-07-28,8,175.6,0.19,CA
ORD003402,397,Automotive,2023-06-10,9,55.85,0.01,IT
ORD003403,258,Home & Garden,2024-03-19,6,218.99,0.03,MX
ORD003404,454,Toys,2023-03-21,2,402.23,0.07,AU
ORD003405,113,Automotive,2024-04-25,9,18.06,0.17,BR
ORD003406,216,Sports,2024-03-14,3,223.86,0.33,FR
ORD003407,78,Clothing,2024-08-24,10,303.81,0.27,FR
ORD003408,145,Beauty,2024-04-15,7,408.89,0.27,AU
ORD003409,22,Clothing,2024-12-10,2,129.19,0.03,ES
ORD003410,107,Toys,2023-12-24,1,60.2,0.08,ES
ORD003411,6,Clothing,2024-02-07,2,106.13,0.18,ES
ORD003412,336,Books,2023-02-25,6,308.44,0.38,AU
ORD003413,487,Automotive,2023-03-21,1,311.31,0.25,MX
ORD003414,23,Clothing,2023-05-07,5,183.81,0.08,SG
ORD003415,181,Sports,2023-03-28,10,261.57,0.0,MX
ORD003416,445,Home & Garden,2023-04-11,10,190.25,0.03,ES
ORD003417,19,Electronics,2023-07-10,2,50.82,0.07,CA
ORD003418,357,Sports,2023-07-23,7,50.44,0.25,MX
ORD003419,291,Home & Garden,2024-05-22,6,257.06,0.06,AU
ORD003420,415,Automotive,2023-12-22,5,465.24,0.02,SE
ORD003421,236,Books,2024-11-07,1,222.14,0.23,NL
ORD003422,41,Sports,2023-09-08,4,263.76,0.07,NL
ORD003423,288,Automotive,2023-02-16,6,405.45,0.09,NL
ORD003424,485,Home & Garden,2024-09-08,7,275.25,0.39,BR
ORD003425,271,Books,2024-09-07,5,32.91,0.33,NL
ORD003426,26,Home & Garden,2023-09-23,10,191.78,0.33,US
ORD003427,51,Electronics,2023-02-21,3,16.99,0.01,NL
ORD003428,245,Beauty,2024-10-05,6,460.29,0.39,BR
ORD003429,375,Electronics,2024-11-12,7,490.0,0.19,NL
ORD003430,106,Beauty,2024-12-28,3,116.4,0.03,IT
ORD003431,189,Sports,2023-10-13,5,275.11,0.13,JP
ORD003432,484,Electronics,2023-04-03,2,43.61,0.04,NL
ORD003433,499,Clothing,2023-10-03,5,115.18,0.13,AU
ORD003434,446,Electronics,2024-03-03,7,49.27,0.05,IN
ORD003435,296,Automotive,2023-02-01,10,7.94,0.1,SG
ORD003436,447,Electronics,2023-07-20,1,328.68,0.03,BR
ORD003437,246,Automotive,2024-11-18,4,221.51,0.1,ES
ORD003438,496,Electronics,2023-02-02,4,349.47,0.14,IN
ORD003439,181,Sports,2023-04-21,10,485.02,0.37,US
ORD003440,458,Sports,2024-02-29,9,448.52,0.08,SG
ORD003441,270,Toys,2024-11-30,9,23.81,0.33,DE
ORD003442,466,Home & Garden,2024-11-17,9,207.99,0.33,BR
ORD003443,237,Clothing,2023-07-07,2,468.13,0.22,IT
ORD003444,444,Books,2024-03-24,2,481.4,0.18,NL
ORD003445,263,Electronics,2024-12-05,4,363.45,0.16,ES
ORD003446,409,Beauty,2024-04-04,7,131.01,0.36,NL
ORD003447,486,Electronics,2023-06-11,4,218.75,0.38,UK
ORD003448,40,Sports,2024-05-21,9,145.39,0.28,AU
ORD003449,203,Sports,2024-01-09,8,131.4,0.35,BR
ORD003450,3,Books,2023-12-27,8,133.78,0.31,NL
ORD003451,141,Clothing,2023-12-23,3,346.41,0.29,BR
ORD003452,25,Sports,2023-03-24,6,353.86,0.1,SE
ORD003453,213,Toys,2024-07-30,3,287.4,0.17,IN
ORD003454,172,Home & Garden,2023-09-11,7,470.64,0.1,AU
ORD003455,27,Toys,2023-05-15,8,381.91,0.3,BR
ORD003456,191,Sports,2023-11-18,5,213.67,0.12,UK
ORD003457,229,Automotive,2024-04-14,8,412.66,0.28,US
ORD003458,12,Books,2024-02-09,3,125.7,0.13,CA
ORD003459,461,Beauty,2024-08-20,8,211.24,0.02,IN
ORD003460,156,Home & Garden,2024-09-07,3,32.05,0.36,AU
ORD003461,101,Sports,2024-03-29,5,458.0,0.17,DE
ORD003462,28,Home & Garden,2024-02-07,9,142.32,0.09,NL
ORD003463,45,Books,2024-02-18,8,56.79,0.21,MX
ORD003464,346,Toys,2023-10-14,5,387.73,0.05,IN
ORD003465,8,Automotive,2023-12-09,6,472.75,0.0,BR
ORD003466,47,Home & Garden,2024-01-20,7,420.46,0.01,IT
ORD003467,323,Clothing,2024-08-07,9,165.7,0.4,US
ORD003468,173,Home & Garden,2024-06-28,4,498.88,0.32,SE
ORD003469,383,Clothing,2023-05-23,8,142.26,0.34,SG
ORD003470,350,Sports,2024-12-14,10,119.77,0.2,UK
ORD003471,336,Toys,2024-12-05,7,105.13,0.21,IN
ORD003472,34,Home & Garden,2023-07-23,8,13.36,0.07,NL
ORD003473,321,Automotive,2024-12-30,7,292.98,0.2,FR
ORD003474,451,Clothing,2024-01-19,10,369.19,0.23,JP
ORD003475,409,Electronics,2023-06-15,3,306.58,0.33,JP
ORD003476,469,Toys,2024-06-09,10,269.12,0.34,IT
ORD003477,427,Automotive,2023-02-05,6,322.87,0.33,MX
ORD003478,460,Electronics,2024-05-16,7,436.36,0.38,US
ORD003479,169,Home & Garden,2024-09-01,10,158.45,0.36,SG
ORD003480,128,Sports,2023-09-13,1,241.14,0.11,NL
ORD003481,290,Toys,2023-09-02,10,451.92,0.08,SG
ORD003482,95,Beauty,2023-07-18,10,140.06,0.15,US
ORD003483,330,Toys,2023-10-25,2,29.33,0.03,IT
ORD003484,496,Automotive,2024-02-23,7,170.45,0.33,JP
ORD003485,171,Sports,2024-07-10,4,333.96,0.19,ES
ORD003486,172,Clothing,2024-10-09,3,37.21,0.05,AU
ORD003487,319,Automotive,2024-02-05,3,103.02,0.18,AU
ORD003488,305,Home & Garden,2023-12-13,1,218.94,0.22,IN
ORD003489,330,Books,2023-10-01,8,191.3,0.14,CA
ORD003490,202,Toys,2024-03-10,3,461.66,0.13,SE
ORD003491,1,Toys,2023-04-16,6,267.67,0.18,AU
ORD003492,120,Toys,2023-12-07,5,444.83,0.1,CA
ORD003493,43,Sports,2024-01-07,9,203.66,0.15,AU
ORD003494,83,Toys,2024-04-04,2,293.93,0.28,CA
ORD003495,368,Beauty,2023-02-20,2,284.95,0.36,BR
ORD003496,53,Clothing,2023-11-10,8,85.42,0.02,US
ORD003497,38,Beauty,2024-07-10,7,13.32,0.39,JP
ORD003498,101,Sports,2024-07-26,6,138.8,0.17,ES
ORD003499,254,Home & Garden,2024-02-01,5,31.44,0.34,AU
ORD003500,17,Books,2024-09-28,6,374.36,0.26,CA
ORD003501,23,Electronics,2024-07-04,6,423.65,0.33,ES
ORD003502,450,Home & Garden,2024-08-05,10,174.31,0.06,DE
ORD003503,415,Beauty,2024-08-01,9,92.65,0.05,SG
ORD003504,110,Automotive,2024-06-15,10,79.85,0.02,SE
ORD003505,278,Clothing,2024-09-17,9,257.61,0.09,BR
ORD003506,383,Toys,2023-03-12,3,224.65,0.26,US
ORD003507,102,Books,2024-01-03,1,472.21,0.2,AU
ORD003508,271,Electronics,2024-08-25,6,454.32,0.27,ES
ORD003509,432,Sports,2023-03-21,9,474.82,0.39,ES
ORD003510,28,Electronics,2023-04-24,5,328.5,0.06,US
ORD003511,60,Clothing,2023-10-21,10,425.29,0.09,DE
ORD003512,420,Books,2024-02-16,3,404.76,0.09,MX
ORD003513,454,Beauty,2024-06-12,8,153.21,0.29,BR
ORD003514,335,Clothing,2024-02-14,2,310.13,0.01,UK
ORD003515,487,Books,2023-06-08,2,256.11,0.13,CA
ORD003516,372,Automotive,2024-09-10,10,287.3,0.22,IN
ORD003517,329,Books,2023-07-13,3,223.05,0.01,DE
ORD003518,12,Books,2024-09-18,10,129.2,0.37,BR
ORD003519,420,Toys,2023-12-28,1,398.96,0.38,JP
ORD003520,161,Electronics,2023-01-30,10,82.16,0.33,MX
ORD003521,412,Electronics,2023-12-17,10,139.39,0.19,UK
ORD003522,2,Home & Garden,2024-04-22,10,408.9,0.23,BR
ORD003523,227,Toys,2024-10-04,5,449.44,0.01,BR
ORD003524,311,Electronics,2024-02-29,5,468.06,0.32,MX
ORD003525,62,Electronics,2024-12-24,10,477.32,0.01,NL
ORD003526,185,Electronics,2023-10-05,2,77.55,0.25,NL
ORD003527,42,Toys,2023-06-29,8,272.52,0.04,ES
ORD003528,234,Toys,2023-11-20,1,94.5,0.32,CA
ORD003529,52,Home & Garden,2024-04-25,4,246.29,0.21,MX
ORD003530,123,Electronics,2023-03-11,8,370.78,0.06,UK
ORD003531,257,Beauty,2023-03-07,3,487.76,0.03,UK
ORD003532,227,Toys,2024-03-31,1,484.63,0.1,IN
ORD003533,18,Electronics,2023-10-08,5,291.35,0.39,UK
ORD003534,406,Toys,2024-07-25,7,199.71,0.05,MX
ORD003535,241,Automotive,2023-07-12,4,183.52,0.18,NL
ORD003536,149,Toys,2023-11-13,7,276.07,0.11,FR
ORD003537,144,Books,2024-01-11,6,63.98,0.26,ES
ORD003538,51,Clothing,2024-11-18,7,192.46,0.31,DE
ORD003539,436,Home & Garden,2023-01-06,1,71.98,0.38,DE
ORD003540,381,Books,2023-06-08,2,36.49,0.19,DE
ORD003541,46,Clothing,2023-03-09,7,480.62,0.18,JP
ORD003542,440,Automotive,2024-12-24,5,162.87,0.11,IN
ORD003543,341,Clothing,2023-04-07,9,239.64,0.3,SG
ORD003544,345,Books,2024-08-23,3,349.84,0.4,BR
ORD003545,41,Electronics,2024-01-15,3,257.86,0.14,NL
ORD003546,142,Sports,2024-07-25,1,450.33,0.28,DE
ORD003547,264,Electronics,2023-08-09,4,455.33,0.31,IN
ORD003548,337,Beauty,2023-12-14,1,143.28,0.33,US
ORD003549,168,Sports,2024-12-14,10,217.64,0.24,IN
ORD003550,401,Sports,2023-03-11,6,104.89,0.16,IN
ORD003551,275,Toys,2024-03-29,7,465.96,0.24,JP
ORD003552,421,Automotive,2024-11-30,7,35.72,0.04,SG
ORD003553,37,Electronics,2023-04-03,1,404.37,0.39,US
ORD003554,145,Toys,2024-09-05,6,416.53,0.06,MX
ORD003555,251,Clothing,2023-07-21,5,440.05,0.09,MX
ORD003556,393,Electronics,2023-05-27,9,327.08,0.24,SE
ORD003557,255,Electronics,2023-05-02,2,260.8,0.22,IN
ORD003558,146,Books,2024-06-21,5,304.15,0.03,SE
ORD003559,422,Home & Garden,2023-01-27,3,100.49,0.22,UK
ORD003560,18,Clothing,2023-11-03,4,92.69,0.27,SE
ORD003561,29,Clothing,2024-05-23,8,397.43,0.19,US
ORD003562,179,Automotive,2023-04-12,1,275.24,0.23,UK
ORD003563,62,Clothing,2023-06-13,1,466.47,0.05,MX
ORD003564,155,Electronics,2023-04-22,8,138.19,0.36,JP
ORD003565,491,Home & Garden,2023-01-20,4,145.55,0.4,BR
ORD003566,212,Toys,2023-11-30,1,258.11,0.25,AU
ORD003567,244,Sports,2023-12-29,2,44.97,0.22,ES
ORD003568,200,Toys,2024-11-21,1,372.82,0.28,IT
ORD003569,356,Clothing,2024-06-15,8,88.42,0.35,UK
ORD003570,194,Home & Garden,2024-12-09,8,283.78,0.07,MX
ORD003571,146,Beauty,2024-07-06,4,54.76,0.2,US
ORD003572,8,Books,2024-12-15,6,208.1,0.16,SE
ORD003573,316,Sports,2023-07-01,5,281.98,0.06,NL
ORD003574,399,Clothing,2023-05-03,5,267.93,0.16,DE
ORD003575,212,Beauty,2023-10-13,2,487.74,0.35,UK
ORD003576,158,Automotive,2023-12-25,2,337.1,0.05,US
ORD003577,416,Books,2024-08-25,10,269.36,0.07,UK
ORD003578,475,Electronics,2024-01-31,3,328.79,0.26,NL
ORD003579,218,Home & Garden,2024-11-26,9,371.32,0.08,SG
ORD003580,103,Beauty,2023-07-30,8,477.61,0.07,BR
ORD003581,339,Automotive,2024-02-27,8,78.76,0.37,UK
ORD003582,312,Sports,2024-04-20,3,358.77,0.18,JP
ORD003583,167,Sports,2023-04-24,9,12.33,0.09,IN
ORD003584,405,Toys,2024-07-27,6,9.12,0.2,NL
ORD003585,103,Clothing,2024-04-11,10,358.57,0.03,SE
ORD003586,24,Clothing,2023-05-21,10,279.79,0.09,MX
ORD003587,109,Toys,2023-10-29,6,400.99,0.23,FR
ORD003588,372,Home & Garden,2024-04-12,6,192.55,0.07,SE
ORD003589,283,Toys,2024-06-19,9,81.41,0.37,IN
ORD003590,344,Home & Garden,2023-11-01,6,323.84,0.1,BR
ORD003591,246,Automotive,2024-06-11,9,263.25,0.11,SG
ORD003592,58,Beauty,2023-07-10,9,153.4,0.28,IT
ORD003593,352,Sports,2023-08-11,5,236.03,0.35,CA
ORD003594,334,Beauty,2023-01-09,10,276.89,0.03,MX
ORD003595,425,Sports,2023-12-22,2,107.84,0.22,ES
ORD003596,63,Clothing,2023-05-18,5,368.47,0.29,CA
ORD003597,19,Books,2024-03-15,6,306.07,0.35,MX
ORD003598,152,Clothing,2024-12-05,9,38.55,0.04,SG
ORD003599,400,Sports,2024-12-30,8,253.25,0.4,IT
ORD003600,52,Toys,2023-10-01,1,139.29,0.04,AU
ORD003601,431,Electronics,2024-06-19,7,445.03,0.32,AU
ORD003602,474,Home & Garden,2024-12-02,3,228.58,0.06,FR
ORD003603,356,Beauty,2024-01-18,8,76.95,0.25,IT
ORD003604,480,Beauty,2023-09-01,9,334.92,0.14,SG
ORD003605,340,Toys,2023-04-24,2,136.51,0.14,BR
ORD003606,44,Books,2023-05-09,4,479.91,0.15,FR
ORD003607,470,Toys,2024-09-15,2,23.4,0.29,SE
ORD003608,398,Clothing,2023-07-09,2,70.83,0.16,US
ORD003609,445,Toys,2023-07-17,4,496.48,0.37,CA
ORD003610,60,Beauty,2024-06-29,2,474.38,0.08,JP
ORD003611,184,Clothing,2024-09-02,6,36.14,0.0,UK
ORD003612,100,Toys,2023-06-02,3,193.21,0.07,SE
ORD003613,322,Electronics,2024-05-17,3,470.66,0.38,CA
ORD003614,307,Toys,2023-11-23,10,139.75,0.26,CA
ORD003615,268,Sports,2023-07-22,2,430.55,0.25,ES
ORD003616,84,Automotive,2024-01-15,7,263.45,0.39,ES
ORD003617,54,Sports,2024-07-21,10,404.98,0.18,JP
ORD003618,492,Electronics,2023-03-14,10,333.79,0.13,JP
ORD003619,116,Beauty,2023-02-21,8,403.38,0.0,BR
ORD003620,480,Books,2024-10-27,9,176.12,0.11,BR
ORD003621,253,Toys,2024-12-04,4,492.39,0.19,DE
ORD003622,10,Beauty,2024-01-21,10,201.39,0.0,UK
ORD003623,227,Books,2023-04-15,2,24.85,0.34,DE
ORD003624,439,Electronics,2023-02-27,4,385.38,0.22,AU
ORD003625,287,Sports,2023-04-24,2,113.51,0.35,DE
ORD003626,473,Home & Garden,2023-07-26,7,51.79,0.28,SE
ORD003627,399,Sports,2024-05-14,4,344.43,0.25,IN
ORD003628,444,Automotive,2023-03-22,9,391.17,0.28,SG
ORD003629,402,Toys,2023-04-10,3,318.79,0.3,BR
ORD003630,346,Clothing,2024-06-04,3,127.16,0.16,IT
ORD003631,136,Beauty,2023-07-07,1,109.6,0.29,SG
ORD003632,312,Books,2023-06-07,3,160.69,0.35,US
ORD003633,133,Sports,2024-03-01,9,345.87,0.3,CA
ORD003634,320,Books,2023-02-27,3,35.27,0.27,BR
ORD003635,308,Beauty,2024-04-04,3,431.39,0.33,UK
ORD003636,399,Home & Garden,2023-01-15,2,481.7,0.08,US
ORD003637,190,Books,2023-06-20,9,443.17,0.13,IN
ORD003638,148,Automotive,2023-11-25,5,215.18,0.23,DE
ORD003639,480,Beauty,2024-04-05,10,266.41,0.08,JP
ORD003640,166,Clothing,2023-05-29,2,259.95,0.28,IN
ORD003641,318,Electronics,2024-10-03,5,300.98,0.3,BR
ORD003642,443,Beauty,2024-11-01,8,428.27,0.01,BR
ORD003643,129,Beauty,2023-12-17,3,433.56,0.26,SE
ORD003644,192,Books,2023-07-18,8,159.58,0.01,FR
ORD003645,53,Books,2023-03-22,7,60.81,0.02,IN
ORD003646,89,Toys,2024-11-16,8,280.58,0.06,NL
ORD003647,362,Toys,2023-04-08,10,25.04,0.09,US
ORD003648,59,Home & Garden,2023-08-07,8,340.69,0.35,JP
ORD003649,161,Toys,2023-08-29,8,358.18,0.22,SE
ORD003650,70,Books,2023-07-15,5,337.65,0.02,SG
ORD003651,96,Home & Garden,2023-01-02,2,133.69,0.38,IN
ORD003652,401,Home & Garden,2023-06-01,3,372.78,0.19,ES
ORD003653,127,Clothing,2024-06-30,9,150.62,0.22,US
ORD003654,249,Beauty,2023-05-30,2,215.64,0.28,US
ORD003655,348,Beauty,2024-07-11,6,351.36,0.34,CA
ORD003656,464,Sports,2023-10-31,8,159.3,0.24,DE
ORD003657,330,Books,2023-03-01,5,444.23,0.25,IN
ORD003658,201,Sports,2024-08-26,7,167.05,0.03,BR
ORD003659,51,Books,2024-04-08,2,430.85,0.02,SG
ORD003660,221,Clothing,2024-03-22,9,470.45,0.1,US
ORD003661,333,Toys,2023-04-20,6,191.0,0.22,US
ORD003662,7,Clothing,2024-03-31,3,31.44,0.36,US
ORD003663,309,Toys,2024-08-04,8,131.4,0.07,SE
ORD003664,6,Toys,2024-12-28,9,386.49,0.38,FR
ORD003665,401,Electronics,2024-05-04,4,53.02,0.11,UK
ORD003666,481,Clothing,2023-11-12,8,438.47,0.33,CA
ORD003667,44,Sports,2024-08-20,10,301.68,0.11,MX
ORD003668,468,Electronics,2023-02-06,9,399.71,0.16,CA
ORD003669,137,Beauty,2023-11-03,2,380.99,0.28,DE
ORD003670,39,Sports,2024-06-18,4,377.98,0.35,IN
ORD003671,402,Home & Garden,2023-09-20,1,18.06,0.1,AU
ORD003672,159,Home & Garden,2023-02-13,9,371.02,0.31,FR
ORD003673,220,Books,2023-03-22,6,340.77,0.4,NL
ORD003674,493,Toys,2023-05-03,2,303.24,0.16,JP
ORD003675,455,Sports,2024-08-29,2,429.34,0.04,BR
ORD003676,269,Electronics,2024-06-10,1,267.31,0.23,FR
ORD003677,347,Clothing,2024-07-11,7,287.77,0.1,NL
ORD003678,139,Beauty,2024-10-25,4,261.77,0.04,SE
ORD003679,28,Automotive,2023-08-09,5,373.75,0.24,FR
ORD003680,353,Beauty,2024-06-26,3,465.7,0.14,IT
ORD003681,226,Clothing,2023-09-24,5,301.98,0.12,JP
ORD003682,464,Beauty,2024-07-27,5,180.59,0.36,MX
ORD003683,149,Toys,2024-05-23,5,258.71,0.04,FR
ORD003684,111,Clothing,2024-12-23,4,473.18,0.18,SG
ORD003685,381,Toys,2024-07-06,2,96.6,0.29,NL
ORD003686,267,Beauty,2023-01-05,9,453.72,0.25,IN
ORD003687,75,Toys,2024-05-25,3,416.84,0.26,BR
ORD003688,321,Automotive,2023-03-16,1,188.04,0.32,JP
ORD003689,442,Beauty,2024-02-03,5,439.55,0.14,JP
ORD003690,314,Toys,2023-04-25,4,376.02,0.18,CA
ORD003691,365,Sports,2023-12-28,8,474.51,0.13,CA
ORD003692,83,Sports,2024-08-01,4,257.2,0.1,DE
ORD003693,293,Automotive,2023-07-31,9,360.06,0.15,UK
ORD003694,347,Home & Garden,2023-04-22,3,180.5,0.13,SG
ORD003695,281,Sports,2023-08-18,3,195.05,0.17,JP
ORD003696,470,Books,2023-05-07,1,95.01,0.34,BR
ORD003697,476,Automotive,2023-05-15,2,290.26,0.14,DE
ORD003698,271,Automotive,2024-05-23,4,7.86,0.18,BR
ORD003699,432,Electronics,2024-05-29,4,459.8,0.17,UK
ORD003700,39,Clothing,2024-01-22,3,169.75,0.11,BR
ORD003701,461,Beauty,2023-07-04,4,313.44,0.19,IT
ORD003702,75,Sports,2024-01-22,1,487.22,0.35,MX
ORD003703,412,Toys,2024-11-23,5,212.76,0.11,IT
ORD003704,223,Clothing,2023-10-08,1,41.3,0.19,DE
ORD003705,176,Automotive,2023-11-06,7,191.41,0.19,US
ORD003706,422,Beauty,2023-12-27,3,490.33,0.28,IT
ORD003707,85,Books,2023-05-11,5,479.16,0.2,NL
ORD003708,289,Automotive,2023-06-28,5,343.04,0.09,US
ORD003709,150,Toys,2024-05-19,3,341.81,0.15,SE
ORD003710,133,Beauty,2023-04-28,2,244.68,0.07,MX
ORD003711,481,Sports,2024-03-17,1,255.38,0.04,SE
ORD003712,82,Home & Garden,2023-10-09,10,279.22,0.07,JP
ORD003713,482,Beauty,2023-08-12,9,201.83,0.04,FR
ORD003714,14,Electronics,2024-02-06,1,409.58,0.04,JP
ORD003715,102,Toys,2023-06-14,8,454.72,0.06,ES
ORD003716,188,Automotive,2023-08-15,5,432.16,0.15,SE
ORD003717,114,Automotive,2024-01-18,9,145.68,0.06,IT
ORD003718,130,Books,2024-04-24,4,105.36,0.19,IN
ORD003719,329,Home & Garden,2024-09-02,2,487.98,0.1,IT
ORD003720,31,Clothing,2024-08-25,8,83.54,0.34,AU
ORD003721,277,Sports,2023-12-30,9,190.4,0.05,UK
ORD003722,204,Toys,2023-02-24,1,30.84,0.29,AU
ORD003723,283,Beauty,2023-05-18,10,109.7,0.03,IN
ORD003724,174,Beauty,2023-01-01,4,217.06,0.39,IN
ORD003725,454,Sports,2023-05-16,9,36.22,0.28,US
ORD003726,166,Books,2023-01-23,7,289.6,0.35,FR
ORD003727,279,Home & Garden,2024-06-05,1,218.64,0.04,SG
ORD003728,219,Home & Garden,2024-02-03,10,218.84,0.24,SG
ORD003729,291,Home & Garden,2023-01-27,4,382.75,0.0,FR
ORD003730,199,Books,2024-03-26,2,201.29,0.15,AU
ORD003731,331,Beauty,2024-08-17,10,39.79,0.39,SG
ORD003732,103,Toys,2023-01-21,4,343.58,0.15,DE
ORD003733,256,Automotive,2023-04-03,6,350.39,0.23,ES
ORD003734,426,Electronics,2023-12-10,5,259.82,0.21,BR
ORD003735,291,Clothing,2023-01-31,8,8.7,0.12,FR
ORD003736,102,Electronics,2023-01-16,3,474.7,0.02,NL
ORD003737,374,Clothing,2024-03-01,4,156.19,0.35,IN
ORD003738,160,Electronics,2024-02-15,10,157.19,0.27,CA
ORD003739,458,Clothing,2024-08-11,5,97.31,0.39,BR
ORD003740,413,Sports,2023-02-26,2,320.57,0.25,JP
ORD003741,467,Clothing,2024-10-16,4,300.07,0.04,US
ORD003742,418,Sports,2023-01-14,5,444.9,0.18,DE
ORD003743,334,Electronics,2023-08-08,8,314.93,0.11,BR
ORD003744,331,Toys,2023-02-05,2,140.16,0.37,ES
ORD003745,135,Beauty,2023-06-28,2,393.69,0.08,AU
ORD003746,186,Beauty,2024-08-18,6,149.15,0.18,SE
ORD003747,434,Books,2023-04-02,5,448.68,0.38,UK
ORD003748,310,Books,2023-05-28,1,58.48,0.03,IN
ORD003749,347,Home & Garden,2024-03-22,9,215.62,0.3,IT
ORD003750,108,Automotive,2023-01-16,1,490.05,0.26,DE
ORD003751,184,Beauty,2024-03-15,9,379.3,0.17,BR
ORD003752,126,Sports,2024-10-14,7,176.16,0.04,SG
ORD003753,314,Automotive,2023-02-20,9,374.14,0.33,NL
ORD003754,260,Books,2023-01-05,9,13.46,0.01,AU
ORD003755,212,Sports,2023-10-24,2,14.79,0.31,SE
ORD003756,385,Clothing,2024-09-11,7,206.02,0.24,ES
ORD003757,417,Electronics,2024-11-13,6,479.43,0.08,DE
ORD003758,465,Toys,2024-08-07,5,286.07,0.22,MX
ORD003759,169,Home & Garden,2024-04-19,4,55.85,0.28,MX
ORD003760,242,Sports,2023-11-08,7,291.33,0.16,CA
ORD003761,220,Automotive,2024-07-29,10,451.71,0.32,CA
ORD003762,467,Home & Garden,2024-07-06,10,289.66,0.38,FR
ORD003763,397,Automotive,2023-05-15,6,145.86,0.3,BR
ORD003764,463,Sports,2024-06-06,5,486.73,0.0,UK
ORD003765,101,Books,2024-08-01,10,470.9,0.14,DE
ORD003766,273,Electronics,2024-10-19,2,238.84,0.37,NL
ORD003767,283,Automotive,2024-06-16,2,419.69,0.14,FR
ORD003768,214,Beauty,2024-06-18,3,157.63,0.08,MX
ORD003769,225,Books,2024-10-20,9,114.97,0.06,NL
ORD003770,423,Toys,2023-05-22,3,229.08,0.32,US
ORD003771,184,Beauty,2024-02-06,5,445.6,0.1,FR
ORD003772,223,Electronics,2024-10-14,2,384.14,0.18,US
ORD003773,55,Automotive,2024-04-06,5,497.93,0.2,AU
ORD003774,318,Clothing,2024-11-10,5,395.28,0.39,CA
ORD003775,6,Clothing,2023-02-06,9,394.24,0.26,NL
ORD003776,374,Home & Garden,2023-06-06,1,423.95,0.38,NL
ORD003777,307,Books,2023-06-11,2,27.78,0.08,FR
ORD003778,480,Home & Garden,2023-02-27,8,358.5,0.34,CA
ORD003779,281,Sports,2024-03-30,2,44.71,0.08,JP
ORD003780,361,Home & Garden,2023-10-21,4,252.4,0.11,BR
ORD003781,469,Books,2023-06-27,1,242.05,0.39,DE
ORD003782,115,Sports,2024-06-15,7,378.33,0.2,IT
ORD003783,151,Automotive,2024-05-08,6,470.49,0.14,FR
ORD003784,261,Toys,2023-01-29,6,91.11,0.26,SE
ORD003785,21,Home & Garden,2023-11-17,7,466.63,0.31,FR
ORD003786,120,Toys,2024-06-09,4,356.61,0.18,SG
ORD003787,232,Beauty,2023-03-17,10,308.47,0.33,CA
ORD003788,123,Electronics,2024-08-03,10,371.17,0.26,CA
ORD003789,21,Clothing,2024-03-25,8,114.19,0.34,UK
ORD003790,374,Automotive,2024-06-08,10,36.49,0.38,US
ORD003791,130,Automotive,2023-07-02,7,111.87,0.26,BR
ORD003792,9,Toys,2024-06-29,10,180.46,0.28,NL
ORD003793,335,Toys,2023-05-07,6,218.0,0.03,IN
ORD003794,114,Automotive,2024-09-20,8,65.55,0.32,UK
ORD003795,229,Electronics,2023-05-31,5,379.49,0.39,US
ORD003796,381,Sports,2023-07-15,8,278.61,0.19,IT
ORD003797,164,Clothing,2024-05-04,5,332.56,0.16,US
ORD003798,293,Automotive,2023-09-01,4,48.07,0.28,US
ORD003799,400,Electronics,2023-08-14,9,253.18,0.08,ES
ORD003800,368,Electronics,2023-02-15,2,438.1,0.05,IT
ORD003801,169,Sports,2024-08-21,4,431.01,0.37,NL
ORD003802,199,Books,2023-12-02,10,352.38,0.03,JP
ORD003803,81,Beauty,2023-10-14,4,305.32,0.28,SG
ORD003804,77,Books,2023-06-29,6,462.71,0.12,US
ORD003805,140,Beauty,2024-02-10,9,58.9,0.0,US
ORD003806,472,Home & Garden,2024-02-13,10,26.04,0.1,IN
ORD003807,477,Sports,2023-01-02,9,365.18,0.33,JP
ORD003808,426,Automotive,2023-03-04,2,180.8,0.01,SE
ORD003809,126,Sports,2024-03-23,8,71.63,0.09,UK
ORD003810,296,Clothing,2023-07-27,8,468.64,0.29,SE
ORD003811,182,Automotive,2024-12-19,7,15.93,0.39,BR
ORD003812,138,Automotive,2023-07-01,9,396.09,0.27,IT
ORD003813,88,Home & Garden,2023-04-21,4,205.01,0.21,MX
ORD003814,480,Home & Garden,2023-02-02,8,193.86,0.16,IT
ORD003815,324,Beauty,2024-05-16,8,209.82,0.29,BR
ORD003816,351,Sports,2023-08-01,9,178.69,0.09,BR
ORD003817,139,Electronics,2023-07-19,8,59.46,0.03,FR
ORD003818,490,Books,2023-03-22,6,356.51,0.28,MX
ORD003819,105,Electronics,2023-02-08,6,261.43,0.36,IN
ORD003820,92,Books,2023-06-18,6,202.14,0.35,NL
ORD003821,294,Clothing,2023-10-17,4,269.42,0.15,IN
ORD003822,467,Automotive,2024-04-28,10,242.76,0.38,FR
ORD003823,383,Automotive,2023-03-15,2,127.33,0.03,SE
ORD003824,476,Electronics,2023-09-25,10,82.71,0.03,IN
ORD003825,296,Beauty,2024-12-25,6,401.06,0.22,FR
ORD003826,125,Beauty,2024-05-12,3,359.01,0.28,AU
ORD003827,250,Automotive,2024-12-30,6,101.02,0.11,JP
ORD003828,250,Automotive,2023-02-27,2,66.26,0.23,AU
ORD003829,487,Books,2023-10-23,7,277.62,0.02,SE
ORD003830,148,Home & Garden,2023-06-18,10,328.31,0.36,FR
ORD003831,143,Clothing,2024-11-18,1,295.18,0.22,AU
ORD003832,207,Beauty,2024-10-22,5,141.46,0.38,UK
ORD003833,237,Electronics,2024-02-20,7,367.54,0.23,IN
ORD003834,294,Sports,2023-08-13,7,110.62,0.34,BR
ORD003835,96,Home & Garden,2024-02-02,9,259.18,0.38,FR
ORD003836,405,Books,2024-09-27,8,99.93,0.19,BR
ORD003837,252,Automotive,2024-02-23,6,179.0,0.13,MX
ORD003838,234,Home & Garden,2024-07-12,10,252.41,0.13,ES
ORD003839,243,Electronics,2024-05-17,5,288.78,0.15,AU
ORD003840,460,Beauty,2023-03-13,3,59.45,0.11,AU
ORD003841,386,Automotive,2024-07-07,10,182.22,0.38,ES
ORD003842,283,Books,2023-06-02,8,271.62,0.21,IN
ORD003843,229,Books,2024-09-27,7,400.03,0.24,MX
ORD003844,115,Toys,2023-08-15,4,133.67,0.03,SE
ORD003845,72,Electronics,2024-02-16,8,396.42,0.35,BR
ORD003846,472,Toys,2023-07-28,1,482.54,0.03,SE
ORD003847,475,Clothing,2023-01-07,3,325.69,0.21,IT
ORD003848,139,Clothing,2024-07-23,10,370.77,0.35,CA
ORD003849,134,Electronics,2024-06-05,2,402.1,0.04,US
ORD003850,428,Toys,2024-11-05,1,433.95,0.33,SG
ORD003851,123,Toys,2024-02-22,10,54.25,0.29,FR
ORD003852,342,Home & Garden,2023-05-18,4,161.88,0.22,SE
ORD003853,451,Automotive,2023-05-05,10,256.11,0.13,AU
ORD003854,464,Electronics,2023-10-12,1,171.46,0.29,UK
ORD003855,332,Automotive,2023-08-30,2,115.06,0.38,NL
ORD003856,58,Beauty,2023-10-25,6,457.78,0.07,MX
ORD003857,443,Electronics,2023-06-14,10,386.26,0.0,UK
ORD003858,100,Home & Garden,2024-12-22,5,116.29,0.0,FR
ORD003859,144,Sports,2023-03-04,8,125.07,0.4,CA
ORD003860,89,Sports,2024-06-23,1,318.42,0.22,MX
ORD003861,27,Home & Garden,2024-02-19,3,236.4,0.2,IT
ORD003862,97,Books,2024-02-10,6,158.01,0.08,MX
ORD003863,217,Books,2024-03-23,3,418.45,0.12,MX
ORD003864,7,Sports,2024-10-21,2,467.26,0.24,SG
ORD003865,123,Sports,2024-05-07,7,185.07,0.06,ES
ORD003866,76,Home & Garden,2023-07-17,3,325.03,0.2,ES
ORD003867,366,Clothing,2023-07-16,1,171.66,0.01,IN
ORD003868,342,Sports,2024-08-27,3,477.62,0.3,JP
ORD003869,108,Clothing,2023-12-15,8,205.95,0.08,FR
ORD003870,433,Home & Garden,2024-05-29,6,108.47,0.39,BR
ORD003871,40,Automotive,2023-10-02,9,202.98,0.38,IN
ORD003872,80,Toys,2024-06-22,1,163.27,0.04,SE
ORD003873,237,Toys,2023-11-06,6,257.54,0.19,AU
ORD003874,455,Electronics,2023-12-27,10,52.09,0.11,AU
ORD003875,142,Beauty,2024-11-08,9,311.31,0.22,AU
ORD003876,482,Toys,2023-12-28,7,388.28,0.23,AU
ORD003877,128,Sports,2023-06-14,7,135.94,0.3,JP
ORD003878,317,Books,2024-01-23,1,129.8,0.26,UK
ORD003879,158,Home & Garden,2023-01-07,6,171.09,0.07,AU
ORD003880,299,Books,2023-07-23,1,259.53,0.21,NL
ORD003881,154,Home & Garden,2024-03-17,5,56.88,0.38,UK
ORD003882,123,Beauty,2023-02-21,4,278.95,0.01,NL
ORD003883,222,Clothing,2023-11-29,7,332.29,0.02,US
ORD003884,166,Toys,2024-03-13,8,489.65,0.1,ES
ORD003885,289,Automotive,2023-06-15,10,482.77,0.31,JP
ORD003886,246,Clothing,2023-06-09,10,163.0,0.4,SG
ORD003887,270,Toys,2024-05-03,2,335.25,0.07,CA
ORD003888,75,Electronics,2024-12-12,1,367.98,0.12,NL
ORD003889,298,Sports,2023-08-13,2,417.11,0.34,ES
ORD003890,364,Books,2023-06-01,9,48.35,0.26,US
ORD003891,65,Toys,2024-12-19,7,70.01,0.12,MX
ORD003892,101,Beauty,2024-09-01,7,153.37,0.28,UK
ORD003893,30,Automotive,2024-11-14,10,138.15,0.07,NL
ORD003894,114,Electronics,2023-02-03,5,392.48,0.28,IN
ORD003895,466,Books,2024-11-12,5,408.68,0.04,CA
ORD003896,48,Toys,2024-09-03,8,237.01,0.23,IN
ORD003897,112,Automotive,2023-08-07,4,240.95,0.2,BR
ORD003898,70,Home & Garden,2024-03-31,2,262.24,0.17,US
ORD003899,416,Electronics,2023-05-06,10,21.77,0.22,SG
ORD003900,291,Electronics,2023-11-01,10,202.33,0.4,IN
ORD003901,34,Electronics,2024-03-15,3,51.19,0.21,FR
ORD003902,119,Electronics,2023-03-22,2,71.79,0.06,SG
ORD003903,338,Automotive,2024-12-06,4,344.42,0.08,SG
ORD003904,377,Automotive,2024-11-09,4,274.89,0.1,FR
ORD003905,302,Electronics,2024-09-25,5,221.05,0.29,DE
ORD003906,283,Automotive,2023-04-04,10,380.93,0.07,FR
ORD003907,232,Toys,2024-05-03,6,293.05,0.08,DE
ORD003908,419,Sports,2024-10-12,8,135.75,0.39,CA
ORD003909,187,Home & Garden,2023-04-11,1,333.62,0.3,ES
ORD003910,483,Books,2024-04-17,2,147.88,0.15,NL
ORD003911,433,Home & Garden,2023-05-30,5,60.8,0.23,SG
ORD003912,465,Automotive,2024-05-18,1,477.94,0.19,SG
ORD003913,352,Automotive,2024-04-17,6,417.74,0.25,NL
ORD003914,173,Toys,2024-09-28,3,276.39,0.38,UK
ORD003915,324,Books,2023-12-21,2,53.29,0.31,US
ORD003916,231,Books,2024-07-07,2,216.15,0.21,IN
ORD003917,464,Electronics,2023-05-21,5,290.43,0.06,DE
ORD003918,454,Books,2024-04-14,4,170.2,0.03,CA
ORD003919,34,Clothing,2024-10-02,4,101.23,0.19,IT
ORD003920,377,Automotive,2024-06-11,4,256.59,0.03,ES
ORD003921,375,Automotive,2024-10-03,2,444.09,0.39,NL
ORD003922,306,Sports,2024-04-04,2,162.86,0.2,DE
ORD003923,484,Automotive,2024-02-07,10,436.84,0.06,IN
ORD003924,40,Sports,2024-10-29,2,193.64,0.09,SG
ORD003925,486,Books,2023-08-25,4,144.92,0.09,MX
ORD003926,3,Sports,2024-06-30,3,433.02,0.21,SE
ORD003927,87,Sports,2024-05-20,5,52.34,0.18,IN
ORD003928,323,Books,2024-08-17,8,383.59,0.25,IN
ORD003929,405,Sports,2023-12-30,6,241.01,0.16,JP
ORD003930,453,Automotive,2023-12-27,8,45.19,0.27,NL
ORD003931,30,Automotive,2023-01-25,2,339.03,0.15,NL
ORD003932,412,Automotive,2024-11-10,7,188.82,0.12,DE
ORD003933,347,Sports,2023-10-10,6,379.9,0.02,NL
ORD003934,201,Sports,2024-02-07,1,260.11,0.32,NL
ORD003935,321,Beauty,2023-05-25,3,403.66,0.2,BR
ORD003936,198,Books,2024-03-25,6,17.7,0.08,IN
ORD003937,228,Clothing,2023-09-10,7,245.64,0.18,FR
ORD003938,104,Electronics,2024-03-03,3,253.01,0.13,AU
ORD003939,173,Home & Garden,2024-06-20,2,428.47,0.09,IN
ORD003940,332,Clothing,2024-03-21,2,429.98,0.27,ES
ORD003941,120,Beauty,2023-01-23,8,243.03,0.19,IT
ORD003942,397,Clothing,2024-08-11,1,142.22,0.17,DE
ORD003943,175,Electronics,2024-02-14,9,223.46,0.19,US
ORD003944,462,Home & Garden,2023-06-24,2,364.23,0.26,IT
ORD003945,50,Home & Garden,2023-08-25,10,44.03,0.32,MX
ORD003946,176,Sports,2024-08-15,7,488.8,0.19,IN
ORD003947,152,Automotive,2024-11-14,9,321.04,0.22,MX
ORD003948,286,Sports,2024-08-16,5,216.74,0.26,MX
ORD003949,254,Beauty,2024-10-08,7,299.48,0.07,BR
ORD003950,33,Toys,2023-12-24,4,447.37,0.31,IN
ORD003951,258,Clothing,2023-11-01,2,204.74,0.01,JP
ORD003952,267,Clothing,2024-08-20,8,117.84,0.09,US
ORD003953,289,Home & Garden,2023-10-16,1,335.98,0.39,IN
ORD003954,268,Books,2024-05-30,5,33.14,0.25,UK
ORD003955,364,Home & Garden,2024-03-23,1,191.62,0.17,MX
ORD003956,361,Clothing,2023-04-22,6,108.95,0.29,US
ORD003957,59,Electronics,2023-08-14,9,377.46,0.16,AU
ORD003958,319,Home & Garden,2023-06-05,2,430.3,0.14,IN
ORD003959,426,Books,2023-04-02,8,403.77,0.3,SE
ORD003960,234,Sports,2023-11-03,4,56.58,0.19,AU
ORD003961,183,Clothing,2023-05-25,3,76.31,0.19,US
ORD003962,261,Toys,2023-02-22,10,465.45,0.04,BR
ORD003963,96,Automotive,2023-06-01,3,312.62,0.33,SE
ORD003964,227,Home & Garden,2024-03-27,6,141.39,0.14,IN
ORD003965,90,Sports,2024-08-13,1,301.65,0.23,SE
ORD003966,180,Electronics,2023-12-04,2,366.34,0.16,JP
ORD003967,403,Clothing,2024-03-20,10,338.58,0.24,IT
ORD003968,461,Electronics,2024-04-19,5,187.37,0.21,BR
ORD003969,240,Home & Garden,2024-04-20,3,311.45,0.38,NL
ORD003970,467,Home & Garden,2024-12-21,9,49.47,0.38,CA
ORD003971,129,Electronics,2024-03-20,9,457.62,0.07,IN
ORD003972,127,Home & Garden,2024-02-03,3,401.59,0.36,MX
ORD003973,466,Beauty,2024-09-24,8,441.32,0.18,FR
ORD003974,311,Beauty,2024-03-29,3,134.66,0.19,SG
ORD003975,294,Toys,2023-12-01,9,123.3,0.3,IN
ORD003976,181,Beauty,2024-06-25,3,283.15,0.2,SG
ORD003977,318,Sports,2023-06-13,7,191.35,0.29,NL
ORD003978,471,Books,2024-05-05,10,103.81,0.17,JP
ORD003979,124,Toys,2024-07-14,3,399.93,0.29,BR
ORD003980,381,Beauty,2024-04-11,3,48.34,0.2,BR
ORD003981,200,Books,2023-05-18,3,19.07,0.04,NL
ORD003982,176,Home & Garden,2024-01-11,5,415.38,0.24,IT
ORD003983,154,Home & Garden,2024-08-14,10,113.73,0.27,ES
ORD003984,431,Toys,2023-10-22,9,439.03,0.1,AU
ORD003985,123,Electronics,2024-11-08,6,281.52,0.27,DE
ORD003986,214,Toys,2023-02-05,5,303.95,0.4,SG
ORD003987,450,Clothing,2024-04-30,7,16.23,0.19,NL
ORD003988,244,Home & Garden,2023-06-19,9,224.11,0.12,IT
ORD003989,65,Electronics,2024-04-18,6,457.47,0.07,US
ORD003990,489,Beauty,2024-11-24,6,374.07,0.08,DE
ORD003991,45,Electronics,2024-02-24,4,133.14,0.09,SG
ORD003992,449,Clothing,2023-11-15,10,26.1,0.14,UK
ORD003993,191,Toys,2024-09-18,8,76.16,0.01,FR
ORD003994,326,Books,2023-12-05,7,398.34,0.19,AU
ORD003995,329,Clothing,2024-02-16,9,250.04,0.35,CA
ORD003996,134,Sports,2023-08-13,7,246.49,0.19,SE
ORD003997,158,Electronics,2024-02-06,3,430.05,0.2,CA
ORD003998,67,Books,2024-06-06,7,231.0,0.23,SG
ORD003999,102,Clothing,2024-01-07,2,226.34,0.39,SG
ORD004000,28,Sports,2023-06-03,2,37.52,0.12,US
ORD004001,28,Books,2023-01-15,1,395.66,0.38,MX
ORD004002,209,Toys,2023-06-09,2,225.78,0.31,ES
ORD004003,417,Clothing,2024-09-12,10,470.82,0.18,CA
ORD004004,197,Electronics,2024-12-01,1,117.28,0.34,SG
ORD004005,369,Clothing,2024-02-15,7,99.59,0.38,CA
ORD004006,164,Beauty,2024-08-28,9,7.59,0.38,SG
ORD004007,323,Automotive,2023-02-04,8,346.68,0.18,NL
ORD004008,261,Electronics,2024-09-15,3,272.0,0.36,BR
ORD004009,367,Electronics,2023-07-29,1,145.86,0.28,UK
ORD004010,340,Clothing,2023-05-09,5,169.42,0.03,CA
ORD004011,421,Sports,2023-07-22,4,155.67,0.01,ES
ORD004012,277,Automotive,2023-12-30,8,195.42,0.16,MX
ORD004013,133,Beauty,2024-03-04,1,157.43,0.26,ES
ORD004014,42,Clothing,2023-01-06,8,221.52,0.36,CA
ORD004015,396,Automotive,2023-09-08,7,423.91,0.01,AU
ORD004016,101,Books,2024-05-29,4,268.24,0.11,UK
ORD004017,52,Books,2024-07-01,4,389.65,0.3,MX
ORD004018,213,Beauty,2023-06-21,7,288.78,0.15,FR
ORD004019,467,Books,2023-06-29,10,142.68,0.24,NL
ORD004020,161,Toys,2024-05-11,4,484.8,0.16,IN
ORD004021,283,Home & Garden,2024-03-20,8,96.86,0.08,DE
ORD004022,233,Beauty,2023-12-29,6,475.18,0.02,MX
ORD004023,382,Toys,2024-02-03,2,468.43,0.22,SG
ORD004024,409,Automotive,2023-12-31,9,97.07,0.07,NL
ORD004025,244,Home & Garden,2023-10-25,2,86.04,0.03,FR
ORD004026,218,Books,2024-07-29,1,150.53,0.12,SG
ORD004027,201,Books,2024-10-10,2,305.99,0.37,MX
ORD004028,354,Sports,2024-04-12,4,218.25,0.22,MX
ORD004029,353,Automotive,2023-07-16,3,426.52,0.1,IT
ORD004030,131,Clothing,2024-12-12,5,490.37,0.25,US
ORD004031,165,Home & Garden,2023-03-06,10,224.99,0.31,FR
ORD004032,359,Clothing,2024-11-26,1,13.09,0.34,JP
ORD004033,300,Clothing,2024-02-10,10,488.66,0.4,UK
ORD004034,366,Toys,2024-06-02,4,213.93,0.25,UK
ORD004035,1,Automotive,2023-11-06,3,254.09,0.17,ES
ORD004036,443,Automotive,2023-09-18,1,315.62,0.27,UK
ORD004037,420,Sports,2023-06-13,3,382.92,0.04,IN
ORD004038,447,Electronics,2023-03-23,10,243.58,0.3,MX
ORD004039,84,Beauty,2023-08-17,3,25.14,0.11,IT
ORD004040,282,Toys,2023-07-05,9,313.4,0.27,NL
ORD004041,307,Books,2024-01-25,6,227.88,0.19,US
ORD004042,145,Automotive,2024-09-17,1,273.57,0.1,DE
ORD004043,428,Clothing,2023-03-03,5,141.58,0.31,ES
ORD004044,30,Sports,2024-06-29,1,8.25,0.35,US
ORD004045,341,Clothing,2023-07-15,5,70.87,0.23,ES
ORD004046,286,Sports,2024-04-12,5,293.07,0.34,SE
ORD004047,237,Beauty,2024-04-02,1,324.94,0.34,IN
ORD004048,386,Toys,2024-06-22,7,67.43,0.1,ES
ORD004049,253,Automotive,2023-01-12,3,221.92,0.24,CA
ORD004050,34,Beauty,2023-01-02,8,316.65,0.4,FR
ORD004051,220,Automotive,2023-05-04,5,216.49,0.05,US
ORD004052,467,Automotive,2024-12-16,9,351.13,0.26,BR
ORD004053,18,Toys,2023-09-07,3,467.46,0.15,CA
ORD004054,30,Books,2024-04-01,7,167.17,0.16,US
ORD004055,388,Toys,2023-08-13,7,397.76,0.02,AU
ORD004056,55,Electronics,2023-12-23,1,123.22,0.11,MX
ORD004057,479,Books,2023-11-16,2,291.45,0.34,FR
ORD004058,271,Home & Garden,2023-05-18,3,437.97,0.02,FR
ORD004059,361,Home & Garden,2023-09-19,4,439.69,0.12,US
ORD004060,350,Books,2023-05-20,9,211.91,0.39,IT
ORD004061,450,Electronics,2023-07-24,8,413.81,0.06,UK
ORD004062,500,Automotive,2023-11-01,3,238.97,0.3,SE
ORD004063,436,Sports,2024-08-03,6,325.68,0.4,MX
ORD004064,339,Home & Garden,2023-05-24,1,268.72,0.36,IT
ORD004065,178,Automotive,2023-05-23,10,282.77,0.34,CA
ORD004066,162,Beauty,2023-06-30,7,39.42,0.4,UK
ORD004067,182,Toys,2024-07-30,3,425.06,0.11,NL
ORD004068,486,Home & Garden,2023-06-30,7,158.22,0.38,FR
ORD004069,230,Home & Garden,2024-08-21,1,59.15,0.22,FR
ORD004070,21,Home & Garden,2023-08-24,3,184.46,0.04,SE
ORD004071,46,Books,2023-08-10,6,45.9,0.35,DE
ORD004072,279,Automotive,2023-10-04,7,19.36,0.05,UK
ORD004073,23,Home & Garden,2023-11-24,3,190.88,0.07,AU
ORD004074,342,Home & Garden,2023-11-03,6,251.78,0.0,UK
ORD004075,2,Books,2023-10-15,2,451.08,0.15,MX
ORD004076,334,Home & Garden,2024-12-29,2,197.42,0.17,IT
ORD004077,265,Automotive,2024-05-20,1,405.11,0.1,NL
ORD004078,334,Beauty,2024-10-05,8,313.94,0.33,MX
ORD004079,270,Toys,2024-10-14,6,235.52,0.35,ES
ORD004080,199,Toys,2023-11-08,3,29.45,0.12,IT
ORD004081,39,Books,2024-07-19,4,426.97,0.21,MX
ORD004082,298,Clothing,2023-12-10,8,311.03,0.38,JP
ORD004083,89,Home & Garden,2024-03-10,4,113.24,0.07,AU
ORD004084,444,Toys,2024-06-20,3,142.89,0.09,IN
ORD004085,371,Electronics,2024-02-29,4,373.73,0.15,SG
ORD004086,474,Electronics,2024-01-06,3,409.85,0.1,JP
ORD004087,266,Electronics,2023-01-09,8,364.81,0.01,FR
ORD004088,462,Electronics,2024-12-08,9,108.75,0.36,CA
ORD004089,390,Home & Garden,2023-01-28,3,42.25,0.02,FR
ORD004090,416,Sports,2023-03-29,10,222.04,0.15,CA
ORD004091,101,Home & Garden,2023-02-01,6,272.47,0.04,BR
ORD004092,390,Electronics,2024-04-02,7,272.91,0.14,US
ORD004093,286,Electronics,2023-08-09,10,278.25,0.04,ES
ORD004094,394,Sports,2024-10-14,10,356.44,0.04,IT
ORD004095,120,Books,2024-03-08,1,286.52,0.26,SG
ORD004096,129,Electronics,2024-07-24,2,123.01,0.18,BR
ORD004097,481,Books,2023-04-17,7,25.55,0.11,AU
ORD004098,205,Books,2023-10-27,7,243.11,0.38,IT
ORD004099,463,Books,2024-03-31,7,99.56,0.39,AU
ORD004100,112,Clothing,2023-05-18,2,208.05,0.25,DE
ORD004101,163,Books,2023-10-06,5,118.94,0.08,NL
ORD004102,208,Clothing,2024-07-04,5,244.64,0.37,US
ORD004103,78,Sports,2024-05-12,9,121.43,0.15,SE
ORD004104,211,Home & Garden,2024-10-20,7,154.61,0.19,NL
ORD004105,74,Toys,2024-02-12,7,99.98,0.3,BR
ORD004106,73,Beauty,2023-06-01,4,300.02,0.3,JP
ORD004107,89,Home & Garden,2024-10-03,8,343.93,0.18,US
ORD004108,179,Automotive,2024-12-03,1,272.1,0.22,CA
ORD004109,316,Automotive,2023-12-21,2,498.81,0.39,JP
ORD004110,190,Home & Garden,2023-03-03,5,216.45,0.2,SE
ORD004111,90,Sports,2023-07-04,6,96.88,0.28,AU
ORD004112,477,Home & Garden,2024-07-03,3,413.52,0.08,UK
ORD004113,92,Toys,2023-01-01,2,230.26,0.25,JP
ORD004114,319,Electronics,2023-08-04,6,193.72,0.07,FR
ORD004115,202,Home & Garden,2023-09-27,1,271.89,0.15,DE
ORD004116,28,Home & Garden,2024-07-29,3,72.8,0.18,AU
ORD004117,397,Automotive,2023-11-16,5,456.78,0.27,IT
ORD004118,53,Beauty,2024-01-19,6,412.28,0.03,BR
ORD004119,67,Sports,2024-05-05,1,464.55,0.04,SG
ORD004120,24,Sports,2024-07-26,9,240.7,0.02,AU
ORD004121,79,Toys,2023-09-04,1,169.8,0.15,MX
ORD004122,158,Electronics,2023-05-06,5,75.3,0.08,MX
ORD004123,38,Sports,2023-05-13,10,334.46,0.31,CA
ORD004124,91,Home & Garden,2023-04-27,9,122.23,0.33,IT
ORD004125,32,Beauty,2023-03-25,9,155.98,0.1,IN
ORD004126,111,Toys,2023-11-18,8,13.21,0.25,SG
ORD004127,83,Beauty,2023-05-14,2,481.17,0.2,MX
ORD004128,142,Electronics,2024-07-25,7,422.57,0.08,ES
ORD004129,398,Beauty,2023-01-01,2,359.6,0.25,ES
ORD004130,60,Toys,2024-11-27,10,379.84,0.29,BR
ORD004131,493,Electronics,2023-01-10,4,416.77,0.34,SE
ORD004132,256,Toys,2023-08-26,1,115.18,0.12,JP
ORD004133,103,Sports,2024-07-04,2,236.97,0.06,IN
ORD004134,81,Clothing,2024-09-28,1,222.41,0.37,SE
ORD004135,92,Sports,2023-03-05,4,27.41,0.37,SE
ORD004136,383,Beauty,2024-08-07,2,309.02,0.11,CA
ORD004137,83,Home & Garden,2024-07-02,8,70.17,0.02,SE
ORD004138,277,Books,2023-12-02,7,288.22,0.28,IT
ORD004139,22,Books,2024-04-02,3,375.85,0.15,ES
ORD004140,222,Toys,2023-09-26,2,55.95,0.3,SE
ORD004141,421,Beauty,2023-08-16,8,91.82,0.03,SE
ORD004142,401,Beauty,2023-01-25,1,436.16,0.18,IN
ORD004143,256,Books,2023-01-05,10,364.73,0.13,BR
ORD004144,130,Home & Garden,2024-01-20,3,392.89,0.26,BR
ORD004145,166,Sports,2023-01-09,1,82.57,0.28,US
ORD004146,164,Toys,2023-03-31,8,344.49,0.38,UK
ORD004147,105,Home & Garden,2023-03-12,6,73.92,0.14,JP
ORD004148,332,Toys,2024-04-07,9,211.85,0.05,BR
ORD004149,88,Sports,2024-05-03,1,26.42,0.38,JP
ORD004150,483,Electronics,2024-07-04,5,167.7,0.23,SG
ORD004151,56,Automotive,2024-12-11,6,484.06,0.37,UK
ORD004152,313,Books,2024-12-16,4,349.67,0.33,SG
ORD004153,334,Automotive,2023-06-01,1,24.45,0.2,CA
ORD004154,329,Home & Garden,2023-09-14,2,385.04,0.04,IN
ORD004155,330,Sports,2024-02-14,5,198.14,0.12,AU
ORD004156,225,Automotive,2023-02-02,6,149.81,0.28,DE
ORD004157,64,Clothing,2023-05-21,5,100.75,0.29,MX
ORD004158,310,Electronics,2024-09-15,7,213.98,0.1,NL
ORD004159,106,Clothing,2023-10-25,10,133.78,0.26,JP
ORD004160,102,Beauty,2023-12-20,1,460.13,0.04,IT
ORD004161,410,Electronics,2024-06-21,2,352.33,0.09,US
ORD004162,70,Toys,2024-08-13,6,456.82,0.05,DE
ORD004163,268,Home & Garden,2024-09-23,2,23.3,0.08,SG
ORD004164,183,Electronics,2024-10-15,4,27.04,0.07,NL
ORD004165,89,Clothing,2023-08-04,1,316.16,0.29,CA
ORD004166,478,Beauty,2024-04-18,1,310.12,0.37,IT
ORD004167,326,Home & Garden,2023-03-23,2,360.8,0.39,IN
ORD004168,241,Sports,2024-12-08,2,285.75,0.16,IN
ORD004169,421,Books,2023-07-15,6,23.38,0.34,MX
ORD004170,172,Sports,2023-10-12,6,345.99,0.04,SE
ORD004171,165,Electronics,2024-11-10,10,415.71,0.23,SG
ORD004172,17,Automotive,2024-04-05,9,352.64,0.24,AU
ORD004173,381,Beauty,2023-07-30,6,411.48,0.16,AU
ORD004174,484,Sports,2023-03-04,10,225.0,0.01,SG
ORD004175,421,Automotive,2023-12-23,7,57.45,0.13,AU
ORD004176,10,Automotive,2024-03-07,10,449.43,0.0,US
ORD004177,174,Home & Garden,2024-05-02,7,383.64,0.32,BR
ORD004178,480,Automotive,2023-05-01,9,271.4,0.4,SE
ORD004179,463,Books,2024-05-30,2,75.95,0.08,FR
ORD004180,106,Beauty,2023-09-22,10,89.98,0.31,US
ORD004181,202,Electronics,2024-11-20,10,101.45,0.36,UK
ORD004182,277,Books,2024-04-22,1,82.0,0.12,IN
ORD004183,54,Electronics,2024-11-01,10,411.29,0.26,JP
ORD004184,196,Beauty,2023-01-22,5,226.31,0.1,JP
ORD004185,379,Toys,2024-10-21,2,149.77,0.03,SG
ORD004186,376,Electronics,2024-10-02,8,171.82,0.23,SE
ORD004187,87,Sports,2024-01-08,3,138.53,0.12,JP
ORD004188,262,Clothing,2024-12-13,7,267.98,0.35,IN
ORD004189,104,Beauty,2024-06-30,6,226.68,0.38,AU
ORD004190,373,Clothing,2024-12-27,7,450.14,0.07,SE
ORD004191,328,Sports,2024-07-06,10,91.82,0.06,UK
ORD004192,346,Toys,2024-10-30,8,429.13,0.08,NL
ORD004193,254,Clothing,2023-05-24,6,160.58,0.19,BR
ORD004194,186,Electronics,2023-05-24,3,488.59,0.13,US
ORD004195,40,Beauty,2024-01-06,4,347.13,0.26,JP
ORD004196,376,Electronics,2024-06-16,2,463.96,0.19,AU
ORD004197,401,Automotive,2023-07-13,4,451.37,0.01,IN
ORD004198,213,Clothing,2023-11-01,1,246.98,0.3,US
ORD004199,11,Beauty,2023-05-06,5,217.75,0.14,ES
ORD004200,278,Sports,2024-11-06,1,92.14,0.27,IT
ORD004201,96,Automotive,2024-06-27,10,177.11,0.34,FR
ORD004202,464,Home & Garden,2023-01-29,3,155.49,0.04,AU
ORD004203,313,Automotive,2023-01-17,8,178.37,0.24,NL
ORD004204,494,Home & Garden,2024-12-26,2,93.99,0.37,IN
ORD004205,385,Home & Garden,2023-10-17,9,110.28,0.05,ES
ORD004206,441,Beauty,2024-03-15,1,405.73,0.24,BR
ORD004207,228,Beauty,2024-11-22,1,398.13,0.09,UK
ORD004208,473,Electronics,2024-11-28,3,431.57,0.17,NL
ORD004209,227,Toys,2023-03-12,4,94.83,0.29,SG
ORD004210,197,Automotive,2024-04-08,9,476.46,0.34,IT
ORD004211,470,Home & Garden,2024-12-25,8,129.51,0.37,FR
ORD004212,179,Sports,2023-05-12,6,101.89,0.32,US
ORD004213,152,Home & Garden,2024-04-28,2,71.34,0.35,JP
ORD004214,260,Automotive,2024-07-19,9,73.38,0.04,FR
ORD004215,275,Toys,2023-02-25,3,140.4,0.28,AU
ORD004216,271,Beauty,2023-10-10,7,490.45,0.28,NL
ORD004217,323,Electronics,2023-05-30,9,361.87,0.03,BR
ORD004218,230,Clothing,2023-02-11,3,269.7,0.13,FR
ORD004219,464,Toys,2023-03-14,6,177.6,0.14,BR
ORD004220,448,Electronics,2023-09-07,8,297.67,0.26,SE
ORD004221,383,Home & Garden,2024-02-27,6,238.17,0.22,SG
ORD004222,179,Automotive,2024-11-27,4,447.75,0.37,NL
ORD004223,60,Home & Garden,2024-11-14,3,139.27,0.06,SE
ORD004224,2,Electronics,2024-09-28,7,99.62,0.24,DE
ORD004225,383,Home & Garden,2024-07-17,1,142.06,0.05,FR
ORD004226,80,Clothing,2023-01-30,6,375.75,0.34,IN
ORD004227,311,Automotive,2023-10-24,9,279.99,0.15,AU
ORD004228,221,Toys,2024-07-22,3,363.13,0.11,NL
ORD004229,388,Automotive,2024-12-07,2,249.11,0.11,SE
ORD004230,428,Home & Garden,2023-12-04,6,206.89,0.05,NL
ORD004231,49,Automotive,2024-05-26,6,131.68,0.08,MX
ORD004232,242,Beauty,2024-12-27,2,404.23,0.15,US
ORD004233,461,Toys,2024-03-30,6,180.91,0.01,ES
ORD004234,191,Books,2024-07-22,1,26.36,0.2,ES
ORD004235,397,Beauty,2024-12-06,5,153.37,0.07,BR
ORD004236,371,Automotive,2024-06-02,1,83.33,0.22,FR
ORD004237,424,Clothing,2023-04-07,9,281.89,0.05,SG
ORD004238,37,Beauty,2024-12-15,10,252.84,0.1,CA
ORD004239,441,Sports,2024-08-09,1,242.87,0.32,JP
ORD004240,8,Home & Garden,2023-07-13,7,130.14,0.4,BR
ORD004241,48,Books,2024-12-21,4,56.41,0.14,JP
ORD004242,91,Clothing,2023-02-28,2,65.51,0.19,FR
ORD004243,400,Clothing,2024-11-17,8,181.55,0.18,DE
ORD004244,74,Clothing,2024-09-06,9,315.96,0.14,MX
ORD004245,351,Toys,2023-07-20,1,14.45,0.1,FR
ORD004246,146,Books,2024-09-20,2,9.65,0.26,IN
ORD004247,341,Electronics,2023-02-14,10,70.61,0.09,SG
ORD004248,349,Clothing,2024-11-26,1,256.47,0.18,NL
ORD004249,192,Beauty,2024-03-17,4,170.47,0.16,MX
ORD004250,482,Home & Garden,2024-01-16,10,224.99,0.3,CA
ORD004251,132,Automotive,2024-12-24,6,157.31,0.33,JP
ORD004252,41,Books,2023-01-20,2,345.19,0.01,BR
ORD004253,305,Books,2024-01-10,1,155.87,0.23,ES
ORD004254,28,Home & Garden,2024-06-20,6,107.61,0.05,ES
ORD004255,143,Clothing,2023-03-23,6,383.15,0.04,SE
ORD004256,257,Clothing,2023-01-11,6,482.75,0.14,SE
ORD004257,459,Beauty,2024-03-25,3,283.42,0.03,BR
ORD004258,354,Books,2023-09-04,10,34.4,0.37,DE
ORD004259,305,Beauty,2023-12-18,4,401.94,0.28,NL
ORD004260,266,Books,2024-03-30,10,217.78,0.26,NL
ORD004261,180,Beauty,2023-10-09,10,348.19,0.07,FR
ORD004262,415,Clothing,2023-06-06,3,294.11,0.34,NL
ORD004263,11,Toys,2023-06-24,8,253.31,0.1,FR
ORD004264,80,Clothing,2023-05-17,5,187.78,0.11,IT
ORD004265,81,Beauty,2024-06-06,7,108.52,0.36,US
ORD004266,312,Books,2023-04-09,6,196.33,0.25,MX
ORD004267,146,Beauty,2024-12-10,10,85.65,0.27,FR
ORD004268,33,Sports,2023-01-04,6,337.95,0.39,BR
ORD004269,82,Electronics,2023-08-10,2,49.51,0.16,ES
ORD004270,330,Toys,2024-08-08,9,359.42,0.11,IN
ORD004271,273,Automotive,2023-03-07,1,400.39,0.11,MX
ORD004272,269,Clothing,2024-03-05,8,309.54,0.08,MX
ORD004273,361,Beauty,2023-08-01,8,412.99,0.33,ES
ORD004274,260,Books,2024-12-05,6,175.95,0.12,US
ORD004275,443,Sports,2023-06-09,1,252.89,0.05,JP
ORD004276,285,Clothing,2023-02-21,4,254.33,0.31,JP
ORD004277,323,Home & Garden,2024-03-24,8,320.77,0.39,AU
ORD004278,159,Toys,2023-10-02,9,238.26,0.31,SG
ORD004279,290,Automotive,2024-10-21,6,35.44,0.13,UK
ORD004280,92,Books,2024-10-29,5,260.38,0.07,BR
ORD004281,120,Electronics,2024-08-03,3,19.56,0.31,AU
ORD004282,480,Toys,2023-04-04,5,221.58,0.27,MX
ORD004283,437,Beauty,2024-04-25,7,21.96,0.08,SE
ORD004284,204,Books,2023-03-09,10,243.87,0.38,ES
ORD004285,158,Clothing,2023-01-19,5,189.53,0.24,IN
ORD004286,309,Clothing,2023-05-24,1,257.69,0.24,US
ORD004287,352,Sports,2023-12-27,2,268.0,0.16,BR
ORD004288,17,Clothing,2023-11-26,5,398.1,0.08,CA
ORD004289,374,Home & Garden,2024-07-20,9,471.52,0.23,SE
ORD004290,19,Books,2024-01-18,6,128.12,0.17,IT
ORD004291,23,Electronics,2023-07-12,3,456.65,0.07,MX
ORD004292,237,Electronics,2023-04-12,10,191.66,0.01,CA
ORD004293,326,Clothing,2024-02-20,3,87.04,0.35,BR
ORD004294,172,Toys,2024-05-07,1,303.31,0.37,AU
ORD004295,466,Books,2023-06-05,7,199.56,0.04,SE
ORD004296,207,Books,2024-04-06,1,164.3,0.12,MX
ORD004297,347,Books,2024-09-19,5,314.1,0.29,CA
ORD004298,257,Electronics,2023-06-26,2,349.66,0.26,MX
ORD004299,239,Clothing,2024-08-21,4,226.82,0.16,SG
ORD004300,147,Beauty,2024-11-24,4,143.08,0.13,IN
ORD004301,202,Home & Garden,2024-11-14,6,394.38,0.4,NL
ORD004302,186,Toys,2023-04-14,10,325.67,0.04,NL
ORD004303,75,Sports,2023-02-05,7,317.14,0.33,BR
ORD004304,374,Electronics,2024-06-14,2,460.03,0.15,AU
ORD004305,113,Toys,2023-10-06,2,498.33,0.01,AU
ORD004306,2,Home & Garden,2023-05-10,4,28.91,0.32,IT
ORD004307,445,Books,2023-11-23,9,131.72,0.39,UK
ORD004308,350,Electronics,2024-02-01,5,406.44,0.33,SE
ORD004309,196,Toys,2023-04-29,4,55.69,0.25,AU
ORD004310,370,Sports,2023-01-28,3,19.94,0.3,BR
ORD004311,82,Sports,2024-07-24,2,168.95,0.11,AU
ORD004312,181,Sports,2023-11-29,5,395.1,0.11,SG
ORD004313,200,Toys,2023-06-28,2,208.83,0.34,FR
ORD004314,236,Beauty,2024-11-28,5,111.66,0.24,JP
ORD004315,220,Automotive,2024-07-08,9,90.11,0.18,JP
ORD004316,213,Automotive,2023-10-21,2,278.09,0.25,IT
ORD004317,170,Automotive,2023-07-19,1,179.69,0.15,SG
ORD004318,200,Automotive,2024-06-16,2,316.91,0.36,SG
ORD004319,9,Beauty,2024-06-12,8,397.61,0.12,AU
ORD004320,7,Home & Garden,2024-10-07,1,7.96,0.06,IN
ORD004321,184,Toys,2023-01-10,1,166.25,0.07,CA
ORD004322,338,Sports,2024-04-04,1,275.85,0.37,SG
ORD004323,449,Books,2023-07-25,9,339.92,0.12,CA
ORD004324,453,Electronics,2024-12-12,1,156.22,0.39,IN
ORD004325,138,Clothing,2023-01-19,10,240.05,0.02,US
ORD004326,273,Automotive,2023-12-22,6,58.08,0.02,UK
ORD004327,182,Toys,2024-06-02,3,54.04,0.33,DE
ORD004328,32,Beauty,2024-07-02,10,431.33,0.16,BR
ORD004329,358,Sports,2024-04-07,1,272.29,0.28,FR
ORD004330,23,Clothing,2023-12-11,2,234.66,0.24,BR
ORD004331,78,Sports,2024-10-25,1,222.04,0.27,NL
ORD004332,432,Automotive,2024-02-26,3,476.89,0.21,IN
ORD004333,421,Toys,2024-01-16,10,214.68,0.28,ES
ORD004334,297,Books,2024-09-17,6,134.7,0.23,BR
ORD004335,273,Toys,2023-11-20,7,53.27,0.16,IT
ORD004336,369,Toys,2024-03-19,3,402.97,0.28,BR
ORD004337,267,Clothing,2023-08-29,10,472.72,0.05,DE
ORD004338,371,Home & Garden,2023-06-04,10,465.03,0.11,DE
ORD004339,64,Automotive,2023-12-03,5,89.69,0.08,SG
ORD004340,491,Sports,2023-09-03,5,324.17,0.34,UK
ORD004341,34,Automotive,2023-01-28,9,268.78,0.25,SG
ORD004342,369,Toys,2023-12-22,5,207.54,0.0,AU
ORD004343,425,Clothing,2024-04-24,10,408.16,0.33,MX
ORD004344,16,Sports,2023-02-07,3,450.08,0.11,NL
ORD004345,111,Sports,2024-02-19,3,73.15,0.0,SG
ORD004346,139,Toys,2023-08-15,2,8.57,0.03,DE
ORD004347,218,Automotive,2023-01-30,1,102.48,0.22,ES
ORD004348,85,Books,2023-03-12,9,405.91,0.07,CA
ORD004349,254,Toys,2024-06-06,3,458.6,0.25,UK
ORD004350,479,Beauty,2024-01-29,6,342.13,0.34,IN
ORD004351,12,Sports,2024-11-28,6,14.68,0.16,BR
ORD004352,443,Electronics,2024-05-12,2,291.73,0.35,SG
ORD004353,352,Automotive,2024-12-03,7,213.54,0.09,CA
ORD004354,220,Clothing,2023-07-28,2,391.92,0.26,SE
ORD004355,272,Beauty,2024-03-01,10,377.79,0.36,CA
ORD004356,78,Toys,2024-02-12,5,104.18,0.22,JP
ORD004357,455,Toys,2024-01-18,8,162.38,0.31,IT
ORD004358,24,Beauty,2024-10-17,6,112.7,0.24,AU
ORD004359,66,Home & Garden,2024-01-21,1,266.97,0.06,MX
ORD004360,354,Electronics,2023-07-12,9,46.42,0.37,JP
ORD004361,85,Beauty,2024-05-27,10,299.45,0.08,BR
ORD004362,40,Sports,2023-07-13,6,242.45,0.31,FR
ORD004363,130,Beauty,2023-03-02,9,282.94,0.04,SG
ORD004364,285,Books,2024-03-05,4,420.16,0.2,SE
ORD004365,153,Clothing,2023-04-11,3,246.83,0.23,FR
ORD004366,421,Clothing,2024-06-05,8,394.79,0.27,NL
ORD004367,472,Toys,2023-11-16,9,468.13,0.28,SE
ORD004368,209,Electronics,2024-09-24,3,50.96,0.02,IN
ORD004369,284,Toys,2023-10-23,3,44.0,0.13,IT
ORD004370,300,Clothing,2023-10-17,3,97.13,0.27,BR
ORD004371,136,Clothing,2023-11-10,6,365.2,0.15,US
ORD004372,241,Books,2024-06-05,7,320.38,0.18,FR
ORD004373,108,Beauty,2023-04-24,8,303.76,0.04,JP
ORD004374,484,Electronics,2023-09-07,2,338.59,0.24,CA
ORD004375,262,Beauty,2023-07-15,1,232.35,0.13,DE
ORD004376,211,Automotive,2023-10-11,8,149.51,0.05,UK
ORD004377,101,Clothing,2024-10-27,8,97.49,0.2,UK
ORD004378,73,Books,2024-04-05,5,470.1,0.16,IT
ORD004379,41,Toys,2024-01-03,6,128.54,0.25,IT
ORD004380,151,Home & Garden,2023-04-05,2,174.51,0.09,MX
ORD004381,312,Clothing,2024-02-25,6,362.31,0.06,SE
ORD004382,468,Sports,2024-08-06,4,376.9,0.14,SG
ORD004383,335,Clothing,2023-09-21,7,266.83,0.37,IT
ORD004384,81,Electronics,2024-10-21,10,261.79,0.09,BR
ORD004385,38,Clothing,2023-09-14,1,483.54,0.12,AU
ORD004386,258,Automotive,2023-04-28,10,234.46,0.31,NL
ORD004387,253,Toys,2024-08-27,2,449.98,0.3,US
ORD004388,37,Beauty,2024-02-17,2,493.39,0.16,AU
ORD004389,286,Automotive,2024-01-13,2,37.24,0.32,JP
ORD004390,54,Clothing,2024-11-06,1,330.22,0.3,AU
ORD004391,318,Sports,2024-08-25,2,481.9,0.11,DE
ORD004392,493,Books,2024-12-25,8,225.31,0.25,SG
ORD004393,5,Books,2024-05-19,5,193.65,0.1,NL
ORD004394,138,Books,2024-02-28,5,190.98,0.21,NL
ORD004395,398,Clothing,2024-01-29,7,382.27,0.18,AU
ORD004396,367,Sports,2023-09-17,3,336.89,0.19,IT
ORD004397,265,Clothing,2023-05-13,2,222.96,0.38,SE
ORD004398,467,Electronics,2024-08-25,4,294.92,0.32,IT
ORD004399,207,Clothing,2023-01-05,8,301.88,0.25,UK
ORD004400,333,Sports,2024-10-10,2,150.17,0.02,CA
ORD004401,220,Sports,2023-07-11,9,9.05,0.05,US
ORD004402,485,Beauty,2023-06-24,1,7.85,0.26,DE
ORD004403,227,Automotive,2023-01-06,1,227.86,0.37,US
ORD004404,57,Clothing,2023-09-20,4,345.07,0.02,CA
ORD004405,426,Automotive,2023-03-06,2,461.52,0.4,SG
ORD004406,205,Books,2023-05-15,5,420.58,0.19,UK
ORD004407,344,Electronics,2024-05-17,4,176.91,0.15,JP
ORD004408,203,Beauty,2023-10-31,6,272.45,0.27,IT
ORD004409,144,Clothing,2023-01-08,7,227.85,0.4,IT
ORD004410,125,Books,2023-08-20,3,108.2,0.08,MX
ORD004411,7,Toys,2023-01-05,1,108.55,0.39,UK
ORD004412,46,Beauty,2024-10-30,1,422.05,0.05,FR
ORD004413,189,Toys,2024-09-20,4,67.52,0.32,UK
ORD004414,388,Clothing,2023-09-15,8,40.61,0.28,JP
ORD004415,95,Clothing,2023-06-25,10,142.4,0.2,CA
ORD004416,349,Sports,2023-03-20,8,247.58,0.22,US
ORD004417,304,Automotive,2024-05-29,6,29.26,0.39,UK
ORD004418,345,Clothing,2023-03-29,6,174.26,0.31,US
ORD004419,321,Sports,2024-05-03,2,415.92,0.4,US
ORD004420,427,Automotive,2023-07-08,4,188.81,0.05,DE
ORD004421,162,Sports,2024-06-16,7,299.46,0.16,US
ORD004422,335,Books,2023-10-15,1,481.03,0.1,US
ORD004423,432,Beauty,2023-04-10,4,353.57,0.13,IN
ORD004424,331,Clothing,2023-07-22,7,342.15,0.39,UK
ORD004425,492,Home & Garden,2024-05-18,9,485.97,0.22,IN
ORD004426,412,Clothing,2024-05-15,9,52.13,0.33,AU
ORD004427,235,Toys,2024-03-11,10,468.58,0.0,JP
ORD004428,387,Automotive,2023-08-24,7,81.23,0.21,MX
ORD004429,237,Automotive,2024-04-08,3,23.51,0.38,MX
ORD004430,455,Electronics,2023-01-31,3,235.88,0.14,AU
ORD004431,40,Automotive,2024-03-17,10,443.04,0.2,CA
ORD004432,496,Sports,2024-07-24,7,160.77,0.12,FR
ORD004433,440,Electronics,2023-04-11,8,50.84,0.28,JP
ORD004434,150,Clothing,2024-08-19,6,15.4,0.0,BR
ORD004435,72,Electronics,2024-10-22,2,199.38,0.23,SG
ORD004436,290,Home & Garden,2024-12-01,6,492.41,0.04,AU
ORD004437,315,Toys,2023-01-22,9,341.0,0.18,MX
ORD004438,186,Home & Garden,2024-10-15,3,257.19,0.2,IT
ORD004439,323,Electronics,2023-02-16,2,107.41,0.16,NL
ORD004440,268,Books,2023-10-04,5,475.47,0.02,BR
ORD004441,173,Toys,2024-02-05,1,26.82,0.22,SE
ORD004442,240,Home & Garden,2023-06-11,1,23.14,0.1,ES
ORD004443,50,Beauty,2023-09-09,8,153.42,0.18,FR
ORD004444,272,Beauty,2024-10-24,9,230.65,0.04,IT
ORD004445,328,Electronics,2023-05-08,4,445.43,0.07,FR
ORD004446,483,Toys,2024-01-29,1,357.67,0.25,MX
ORD004447,171,Electronics,2024-08-26,10,201.41,0.4,FR
ORD004448,44,Electronics,2023-06-26,10,327.24,0.39,CA
ORD004449,77,Sports,2024-11-13,5,364.0,0.05,IN
ORD004450,440,Automotive,2024-12-16,10,98.42,0.23,CA
ORD004451,457,Automotive,2023-07-14,7,173.19,0.36,SE
ORD004452,393,Beauty,2023-12-12,7,125.19,0.16,IT
ORD004453,244,Sports,2023-01-09,8,416.02,0.32,NL
ORD004454,492,Toys,2024-12-02,3,444.45,0.06,MX
ORD004455,351,Automotive,2023-04-11,9,448.0,0.39,IN
ORD004456,113,Automotive,2023-11-09,2,298.55,0.26,US
ORD004457,151,Toys,2024-05-06,2,181.5,0.25,JP
ORD004458,473,Clothing,2024-04-19,2,256.93,0.23,BR
ORD004459,75,Books,2024-04-21,3,440.3,0.36,SE
ORD004460,360,Books,2023-01-13,8,342.53,0.12,UK
ORD004461,18,Clothing,2024-06-19,9,417.48,0.09,BR
ORD004462,350,Automotive,2024-06-28,2,49.41,0.21,CA
ORD004463,173,Sports,2024-02-03,3,267.91,0.39,AU
ORD004464,9,Home & Garden,2024-06-17,3,407.99,0.39,IN
ORD004465,26,Books,2023-01-01,7,268.26,0.04,US
ORD004466,94,Beauty,2023-05-02,9,156.87,0.02,BR
ORD004467,496,Clothing,2023-02-24,1,179.8,0.32,IN
ORD004468,488,Toys,2023-08-17,4,38.56,0.26,BR
ORD004469,117,Home & Garden,2023-05-29,7,441.16,0.25,DE
ORD004470,151,Electronics,2023-05-16,10,350.02,0.28,SE
ORD004471,63,Sports,2023-11-03,2,451.69,0.01,US
ORD004472,251,Electronics,2024-03-31,6,86.4,0.16,IN
ORD004473,411,Automotive,2024-02-01,8,121.44,0.19,US
ORD004474,267,Clothing,2024-09-02,9,274.47,0.26,NL
ORD004475,400,Automotive,2023-10-15,8,51.83,0.23,BR
ORD004476,486,Toys,2023-10-25,8,313.34,0.3,MX
ORD004477,499,Toys,2023-01-08,6,165.97,0.22,IN
ORD004478,166,Electronics,2024-07-08,1,89.16,0.25,MX
ORD004479,122,Clothing,2024-03-15,2,174.13,0.0,NL
ORD004480,245,Electronics,2023-04-02,9,471.71,0.25,CA
ORD004481,25,Home & Garden,2023-05-20,3,307.43,0.2,MX
ORD004482,226,Books,2023-05-05,7,313.08,0.17,FR
ORD004483,362,Electronics,2023-10-25,1,381.85,0.28,UK
ORD004484,97,Books,2023-01-28,6,416.47,0.0,JP
ORD004485,404,Sports,2024-07-22,4,293.06,0.31,JP
ORD004486,428,Sports,2023-08-21,6,230.56,0.35,AU
ORD004487,176,Toys,2024-11-01,4,54.23,0.05,BR
ORD004488,154,Beauty,2023-07-18,8,388.53,0.14,AU
ORD004489,468,Home & Garden,2023-09-25,5,125.95,0.35,NL
ORD004490,409,Automotive,2024-11-03,8,85.29,0.02,ES
ORD004491,386,Clothing,2023-05-03,10,467.72,0.09,SG
ORD004492,169,Sports,2024-09-09,5,334.51,0.32,IN
ORD004493,205,Automotive,2023-04-21,8,298.47,0.14,IN
ORD004494,348,Electronics,2023-12-28,5,347.29,0.14,BR
ORD004495,360,Electronics,2024-09-30,4,180.69,0.16,FR
ORD004496,122,Sports,2023-04-27,7,442.97,0.39,IT
ORD004497,1,Toys,2023-01-28,9,252.18,0.02,JP
ORD004498,29,Clothing,2023-06-24,4,274.57,0.15,FR
ORD004499,170,Toys,2023-07-11,4,172.87,0.14,FR
ORD004500,234,Electronics,2023-10-25,5,489.53,0.39,MX
ORD004501,85,Sports,2024-06-26,4,248.96,0.12,CA
ORD004502,16,Clothing,2023-02-04,2,23.53,0.38,IT
ORD004503,153,Clothing,2024-02-22,1,449.49,0.16,DE
ORD004504,436,Automotive,2024-06-13,3,211.59,0.18,ES
ORD004505,105,Beauty,2024-08-12,8,296.05,0.27,MX
ORD004506,332,Books,2024-12-06,10,137.27,0.19,IT
ORD004507,358,Sports,2024-08-25,3,21.98,0.09,IT
ORD004508,311,Automotive,2023-03-17,5,52.46,0.34,JP
ORD004509,415,Toys,2023-05-09,3,147.26,0.11,AU
ORD004510,144,Toys,2024-06-10,9,417.52,0.34,BR
ORD004511,91,Toys,2023-06-04,4,495.81,0.39,US
ORD004512,82,Sports,2023-06-30,2,60.87,0.21,ES
ORD004513,209,Electronics,2024-09-11,9,324.35,0.07,MX
ORD004514,262,Electronics,2023-12-03,2,468.51,0.07,MX
ORD004515,300,Home & Garden,2023-10-17,9,159.1,0.34,FR
ORD004516,442,Sports,2023-12-09,6,464.02,0.11,SG
ORD004517,73,Beauty,2023-07-07,6,236.43,0.2,UK
ORD004518,306,Electronics,2023-03-05,5,177.0,0.31,MX
ORD004519,181,Home & Garden,2024-12-14,10,408.87,0.02,JP
ORD004520,346,Books,2023-08-02,2,56.23,0.17,CA
ORD004521,98,Toys,2024-01-09,5,247.08,0.27,CA
ORD004522,9,Sports,2023-02-12,1,106.75,0.23,IN
ORD004523,282,Home & Garden,2023-04-19,7,233.92,0.16,AU
ORD004524,153,Toys,2023-03-16,7,266.33,0.14,ES
ORD004525,452,Beauty,2023-02-07,10,314.42,0.03,ES
ORD004526,366,Toys,2024-04-20,7,76.04,0.24,BR
ORD004527,232,Beauty,2023-01-13,6,403.42,0.02,SE
ORD004528,191,Sports,2023-11-30,7,459.79,0.21,IN
ORD004529,336,Beauty,2024-04-30,5,443.23,0.05,NL
ORD004530,231,Toys,2023-09-23,10,289.56,0.02,BR
ORD004531,361,Toys,2023-04-20,1,339.09,0.19,BR
ORD004532,366,Home & Garden,2023-06-13,4,453.83,0.12,NL
ORD004533,496,Sports,2023-04-23,9,58.9,0.2,DE
ORD004534,156,Toys,2023-08-04,7,355.17,0.07,SG
ORD004535,314,Beauty,2023-09-18,2,286.82,0.39,AU
ORD004536,248,Toys,2023-10-17,8,360.72,0.01,ES
ORD004537,93,Home & Garden,2023-06-12,5,102.89,0.05,IN
ORD004538,116,Electronics,2023-06-20,7,152.94,0.28,BR
ORD004539,6,Automotive,2024-04-11,8,458.83,0.37,BR
ORD004540,150,Books,2023-01-17,8,52.09,0.02,BR
ORD004541,70,Beauty,2023-11-19,6,463.2,0.01,DE
ORD004542,93,Electronics,2024-11-09,8,362.01,0.22,AU
ORD004543,63,Books,2024-07-09,8,132.95,0.18,CA
ORD004544,1,Electronics,2023-09-01,6,348.92,0.08,CA
ORD004545,262,Home & Garden,2024-02-05,9,450.39,0.05,NL
ORD004546,466,Electronics,2024-12-17,5,105.6,0.34,FR
ORD004547,220,Automotive,2024-06-06,9,347.56,0.05,SG
ORD004548,253,Home & Garden,2024-03-06,8,480.75,0.28,UK
ORD004549,308,Books,2024-02-13,1,130.65,0.33,FR
ORD004550,291,Books,2024-10-14,5,458.28,0.01,DE
ORD004551,39,Electronics,2023-05-23,3,69.77,0.3,ES
ORD004552,223,Clothing,2024-02-27,3,365.34,0.27,US
ORD004553,411,Electronics,2023-09-13,10,29.69,0.22,CA
ORD004554,109,Electronics,2023-12-08,9,267.3,0.03,UK
ORD004555,55,Beauty,2023-01-30,3,33.0,0.36,DE
ORD004556,322,Toys,2024-08-02,7,488.55,0.36,AU
ORD004557,342,Books,2023-05-15,8,420.56,0.14,DE
ORD004558,363,Books,2024-02-15,2,431.66,0.13,MX
ORD004559,347,Clothing,2024-11-05,6,463.1,0.22,NL
ORD004560,149,Books,2023-07-07,7,361.81,0.35,SG
ORD004561,284,Books,2023-08-28,10,149.36,0.37,IN
ORD004562,426,Beauty,2023-10-24,5,499.94,0.1,ES
ORD004563,88,Sports,2024-02-02,3,178.88,0.22,MX
ORD004564,347,Electronics,2023-06-17,5,435.99,0.15,UK
ORD004565,307,Home & Garden,2024-06-23,9,376.92,0.09,SE
ORD004566,137,Clothing,2024-04-04,2,319.83,0.0,ES
ORD004567,463,Clothing,2023-03-10,5,337.98,0.12,BR
ORD004568,83,Toys,2024-01-08,2,6.08,0.13,IT
ORD004569,403,Home & Garden,2023-09-20,3,289.22,0.26,US
ORD004570,285,Clothing,2023-09-13,1,52.83,0.26,IN
ORD004571,65,Toys,2024-12-18,5,499.51,0.39,MX
ORD004572,221,Home & Garden,2023-10-23,7,110.12,0.27,BR
ORD004573,166,Home & Garden,2023-01-18,6,425.32,0.06,UK
ORD004574,209,Electronics,2023-09-17,2,396.78,0.24,MX
ORD004575,395,Sports,2024-03-13,2,337.33,0.07,IN
ORD004576,322,Books,2024-01-21,5,290.55,0.06,SG
ORD004577,99,Toys,2023-02-26,2,217.44,0.37,ES
ORD004578,372,Books,2023-05-03,2,382.78,0.07,CA
ORD004579,358,Toys,2024-07-15,10,197.88,0.19,NL
ORD004580,47,Sports,2023-01-06,4,378.95,0.36,MX
ORD004581,460,Clothing,2023-06-18,7,96.39,0.24,IN
ORD004582,4,Electronics,2024-12-16,5,410.51,0.18,BR
ORD004583,143,Home & Garden,2024-04-23,8,386.4,0.13,BR
ORD004584,146,Books,2023-06-29,4,382.44,0.05,CA
ORD004585,48,Automotive,2023-05-22,4,207.83,0.34,ES
ORD004586,332,Electronics,2023-11-01,9,352.82,0.32,FR
ORD004587,231,Clothing,2024-04-16,6,257.76,0.37,CA
ORD004588,408,Home & Garden,2023-05-05,8,138.97,0.31,JP
ORD004589,157,Automotive,2024-06-30,1,237.88,0.2,BR
ORD004590,428,Home & Garden,2023-01-31,4,203.72,0.08,SG
ORD004591,255,Home & Garden,2023-05-22,2,85.92,0.35,FR
ORD004592,3,Automotive,2024-03-06,1,13.45,0.08,NL
ORD004593,152,Sports,2024-05-30,10,329.29,0.19,FR
ORD004594,181,Beauty,2024-05-05,9,372.08,0.26,SG
ORD004595,252,Books,2023-07-11,3,158.98,0.34,FR
ORD004596,353,Clothing,2023-10-09,3,498.48,0.34,NL
ORD004597,79,Toys,2023-01-28,5,114.48,0.15,JP
ORD004598,404,Books,2023-01-01,3,306.87,0.05,BR
ORD004599,87,Clothing,2023-11-01,10,409.13,0.2,UK
ORD004600,498,Sports,2024-02-01,5,361.74,0.35,US
ORD004601,193,Beauty,2024-08-22,7,201.86,0.12,ES
ORD004602,469,Automotive,2024-12-03,8,429.34,0.22,CA
ORD004603,45,Clothing,2024-03-13,2,373.8,0.06,CA
ORD004604,102,Automotive,2024-08-19,6,132.37,0.3,IN
ORD004605,492,Clothing,2023-04-06,5,370.56,0.24,NL
ORD004606,84,Toys,2024-08-19,8,169.26,0.3,IN
ORD004607,162,Electronics,2023-07-04,5,136.05,0.12,UK
ORD004608,281,Sports,2023-10-27,1,193.39,0.27,SG
ORD004609,100,Beauty,2023-01-16,5,203.29,0.07,IT
ORD004610,174,Clothing,2023-12-08,9,12.81,0.17,AU
ORD004611,352,Beauty,2024-04-20,9,135.96,0.34,SG
ORD004612,240,Electronics,2023-07-04,3,343.78,0.2,IT
ORD004613,211,Home & Garden,2024-08-13,6,190.43,0.36,SE
ORD004614,336,Clothing,2024-11-07,7,318.55,0.33,BR
ORD004615,479,Electronics,2024-02-21,8,329.53,0.21,SE
ORD004616,422,Books,2023-06-28,4,489.56,0.14,AU
ORD004617,27,Automotive,2024-05-29,4,216.93,0.3,FR
ORD004618,315,Automotive,2023-08-04,9,298.39,0.3,MX
ORD004619,240,Clothing,2023-04-29,7,360.5,0.21,JP
ORD004620,216,Sports,2023-07-28,2,340.0,0.05,CA
ORD004621,118,Clothing,2023-11-17,5,268.23,0.13,SG
ORD004622,134,Automotive,2023-06-14,1,398.35,0.19,IT
ORD004623,352,Clothing,2023-09-04,8,329.54,0.38,UK
ORD004624,488,Automotive,2023-10-16,4,336.43,0.31,DE
ORD004625,273,Books,2024-07-04,8,147.23,0.31,NL
ORD004626,105,Clothing,2024-09-18,10,397.81,0.08,IT
ORD004627,120,Automotive,2024-08-25,4,284.45,0.06,MX
ORD004628,95,Clothing,2023-05-22,10,423.26,0.39,US
ORD004629,263,Toys,2024-08-14,4,83.6,0.11,CA
ORD004630,355,Toys,2024-04-12,4,198.42,0.26,JP
ORD004631,390,Books,2023-06-23,9,352.04,0.3,FR
ORD004632,323,Toys,2023-10-02,1,454.39,0.21,SE
ORD004633,488,Beauty,2023-09-10,6,433.85,0.03,SG
ORD004634,447,Sports,2023-11-14,2,307.73,0.13,DE
ORD004635,114,Beauty,2024-09-08,7,370.51,0.37,US
ORD004636,457,Books,2023-10-28,3,208.93,0.22,AU
ORD004637,28,Clothing,2023-02-09,10,90.92,0.38,MX
ORD004638,373,Home & Garden,2024-06-22,4,246.64,0.06,CA
ORD004639,283,Clothing,2024-07-28,3,477.63,0.03,CA
ORD004640,15,Electronics,2024-02-22,8,190.72,0.26,NL
ORD004641,155,Clothing,2023-12-13,6,267.1,0.11,IT
ORD004642,434,Electronics,2024-07-17,7,471.85,0.23,UK
ORD004643,373,Books,2023-01-17,2,56.01,0.15,NL
ORD004644,284,Books,2024-03-02,3,31.65,0.1,IN
ORD004645,385,Electronics,2024-11-25,3,312.3,0.04,NL
ORD004646,98,Toys,2024-08-02,8,178.01,0.22,MX
ORD004647,95,Home & Garden,2023-07-21,7,334.2,0.02,NL
ORD004648,309,Books,2024-10-31,4,201.19,0.29,DE
ORD004649,224,Clothing,2023-05-28,2,258.24,0.11,SG
ORD004650,114,Home & Garden,2024-02-04,7,483.06,0.06,AU
ORD004651,12,Beauty,2024-04-01,2,236.89,0.33,ES
ORD004652,220,Electronics,2023-01-25,10,340.95,0.36,NL
ORD004653,363,Books,2023-04-03,3,498.36,0.05,BR
ORD004654,191,Home & Garden,2024-02-02,4,202.72,0.38,DE
ORD004655,274,Toys,2023-05-13,6,10.49,0.19,FR
ORD004656,97,Beauty,2023-11-02,3,353.57,0.05,ES
ORD004657,490,Toys,2024-05-30,10,323.11,0.15,CA
ORD004658,405,Sports,2024-04-01,6,181.19,0.22,DE
ORD004659,170,Beauty,2024-09-30,7,367.36,0.11,DE
ORD004660,244,Toys,2024-11-03,2,383.75,0.31,IN
ORD004661,329,Home & Garden,2024-11-07,7,119.73,0.05,IT
ORD004662,73,Toys,2023-10-14,8,101.62,0.35,BR
ORD004663,287,Home & Garden,2023-03-31,4,342.61,0.17,UK
ORD004664,119,Automotive,2024-05-02,8,216.67,0.39,MX
ORD004665,278,Books,2024-11-01,1,67.91,0.18,UK
ORD004666,250,Toys,2024-07-15,7,61.23,0.01,FR
ORD004667,213,Electronics,2024-05-23,8,9.27,0.16,JP
ORD004668,319,Toys,2024-08-08,6,45.6,0.16,MX
ORD004669,187,Clothing,2023-10-27,1,338.39,0.14,CA
ORD004670,386,Sports,2024-01-02,5,469.14,0.3,JP
ORD004671,116,Clothing,2023-05-26,8,398.98,0.23,SE
ORD004672,23,Electronics,2024-05-05,1,243.72,0.36,CA
ORD004673,346,Toys,2023-09-12,4,349.17,0.25,NL
ORD004674,300,Toys,2023-07-15,8,297.65,0.23,UK
ORD004675,352,Beauty,2023-07-02,5,120.57,0.11,AU
ORD004676,195,Beauty,2024-01-08,5,203.29,0.26,US
ORD004677,334,Home & Garden,2024-01-30,6,242.28,0.28,SE
ORD004678,24,Automotive,2024-08-26,6,140.24,0.02,US
ORD004679,489,Beauty,2024-10-30,3,470.44,0.02,BR
ORD004680,442,Electronics,2023-08-14,1,143.45,0.08,ES
ORD004681,163,Books,2023-08-31,7,349.1,0.23,IN
ORD004682,152,Toys,2023-07-25,9,168.13,0.25,CA
ORD004683,81,Toys,2023-08-09,3,242.39,0.14,NL
ORD004684,484,Beauty,2024-06-15,3,354.71,0.1,IT
ORD004685,30,Sports,2024-04-04,2,382.17,0.07,SG
ORD004686,413,Home & Garden,2023-02-26,3,121.71,0.12,FR
ORD004687,67,Clothing,2024-02-22,4,276.74,0.18,IT
ORD004688,485,Automotive,2024-09-10,9,321.33,0.24,FR
ORD004689,133,Home & Garden,2023-02-13,9,23.29,0.35,IT
ORD004690,220,Beauty,2024-10-22,9,380.32,0.25,MX
ORD004691,30,Automotive,2023-07-07,5,314.87,0.22,ES
ORD004692,148,Toys,2023-08-28,2,322.15,0.14,ES
ORD004693,472,Clothing,2023-10-19,10,106.45,0.17,IN
ORD004694,296,Sports,2023-04-14,1,249.35,0.26,IN
ORD004695,163,Home & Garden,2023-03-13,1,286.97,0.25,ES
ORD004696,446,Sports,2023-06-25,8,177.07,0.08,DE
ORD004697,466,Books,2023-01-04,1,344.02,0.32,JP
ORD004698,206,Clothing,2024-02-26,6,25.41,0.33,AU
ORD004699,189,Toys,2023-04-09,9,256.21,0.39,SE
ORD004700,418,Automotive,2023-03-10,10,35.41,0.36,CA
ORD004701,271,Electronics,2024-02-16,2,222.28,0.04,NL
ORD004702,143,Clothing,2024-03-08,2,446.54,0.17,SE
ORD004703,298,Home & Garden,2024-04-26,3,228.01,0.02,UK
ORD004704,182,Toys,2024-01-03,5,490.84,0.31,US
ORD004705,200,Books,2024-10-07,8,378.66,0.35,IN
ORD004706,332,Sports,2023-04-02,2,473.63,0.2,IN
ORD004707,179,Books,2024-07-27,2,438.46,0.07,IT
ORD004708,264,Books,2023-10-28,5,429.2,0.18,NL
ORD004709,332,Home & Garden,2024-10-21,7,169.03,0.05,UK
ORD004710,455,Home & Garden,2023-06-21,4,412.4,0.04,IN
ORD004711,451,Books,2024-11-22,1,172.32,0.05,CA
ORD004712,444,Clothing,2024-09-25,10,424.7,0.04,UK
ORD004713,374,Sports,2023-05-07,9,237.72,0.36,AU
ORD004714,229,Beauty,2023-11-14,5,10.11,0.01,SE
ORD004715,221,Books,2023-06-27,6,457.47,0.11,MX
ORD004716,34,Books,2023-04-14,4,350.19,0.08,UK
ORD004717,393,Automotive,2023-10-11,5,345.22,0.18,UK
ORD004718,467,Books,2024-01-26,8,438.98,0.1,IT
ORD004719,317,Home & Garden,2023-10-21,4,480.99,0.1,NL
ORD004720,466,Books,2023-08-31,8,384.62,0.36,SG
ORD004721,256,Clothing,2023-08-28,4,287.54,0.26,IN
ORD004722,57,Home & Garden,2023-04-28,3,94.12,0.12,IN
ORD004723,443,Books,2023-06-12,3,360.37,0.13,US
ORD004724,204,Books,2024-01-22,5,253.78,0.15,JP
ORD004725,253,Beauty,2023-04-27,10,265.73,0.16,SE
ORD004726,307,Automotive,2024-08-28,7,328.95,0.08,UK
ORD004727,220,Electronics,2024-06-21,4,380.83,0.14,MX
ORD004728,220,Clothing,2024-12-22,2,134.77,0.35,UK
ORD004729,334,Home & Garden,2023-08-20,3,162.73,0.29,DE
ORD004730,160,Sports,2023-05-14,4,124.99,0.02,IT
ORD004731,217,Automotive,2023-02-25,5,378.95,0.32,NL
ORD004732,75,Beauty,2023-09-13,3,235.25,0.16,DE
ORD004733,144,Electronics,2024-11-03,3,300.15,0.29,NL
ORD004734,362,Toys,2024-03-07,2,268.81,0.16,UK
ORD004735,258,Automotive,2024-11-30,3,424.84,0.31,NL
ORD004736,184,Clothing,2024-10-29,9,293.6,0.27,SE
ORD004737,469,Books,2023-10-05,3,490.14,0.27,BR
ORD004738,101,Books,2023-11-16,2,300.84,0.35,SE
ORD004739,251,Clothing,2023-08-07,2,254.19,0.33,BR
ORD004740,34,Home & Garden,2024-06-25,1,36.64,0.2,US
ORD004741,495,Beauty,2024-02-20,9,215.24,0.26,NL
ORD004742,421,Electronics,2023-02-16,8,171.77,0.15,DE
ORD004743,411,Home & Garden,2024-11-01,2,293.59,0.26,MX
ORD004744,135,Automotive,2024-07-27,3,178.48,0.11,FR
ORD004745,243,Electronics,2024-11-12,1,158.8,0.23,US
ORD004746,227,Beauty,2023-07-02,1,499.48,0.33,NL
ORD004747,169,Toys,2024-07-03,8,164.12,0.2,IT
ORD004748,12,Clothing,2024-04-07,4,426.48,0.27,JP
ORD004749,323,Beauty,2023-03-31,5,405.91,0.12,SG
ORD004750,10,Clothing,2023-07-09,8,166.29,0.33,CA
ORD004751,478,Home & Garden,2023-05-20,4,193.86,0.19,JP
ORD004752,73,Automotive,2023-04-22,10,372.17,0.16,IT
ORD004753,208,Toys,2024-04-19,6,196.62,0.01,DE
ORD004754,151,Home & Garden,2024-09-24,2,26.46,0.04,SG
ORD004755,107,Electronics,2024-12-22,6,254.59,0.05,SG
ORD004756,493,Electronics,2023-06-06,4,268.29,0.19,NL
ORD004757,66,Electronics,2024-05-07,4,170.36,0.03,JP
ORD004758,402,Electronics,2023-02-27,7,32.37,0.25,BR
ORD004759,259,Clothing,2023-06-24,9,222.3,0.06,AU
ORD004760,339,Sports,2024-09-10,6,481.27,0.25,IN
ORD004761,223,Automotive,2024-11-18,9,465.36,0.21,SE
ORD004762,4,Beauty,2024-12-09,4,418.18,0.11,IN
ORD004763,258,Clothing,2023-12-06,4,188.77,0.19,IT
ORD004764,14,Beauty,2024-06-21,9,96.58,0.18,CA
ORD004765,244,Automotive,2023-09-27,3,487.75,0.05,IN
ORD004766,290,Sports,2024-05-26,2,430.43,0.19,IT
ORD004767,288,Books,2023-04-22,5,102.48,0.26,AU
ORD004768,355,Books,2023-03-31,2,216.28,0.28,AU
ORD004769,157,Home & Garden,2024-12-19,2,303.37,0.36,SE
ORD004770,493,Clothing,2023-08-16,7,306.73,0.29,SE
ORD004771,238,Toys,2024-10-16,3,324.66,0.21,CA
ORD004772,347,Toys,2023-01-17,2,475.47,0.12,UK
ORD004773,214,Clothing,2024-08-29,4,82.38,0.19,IN
ORD004774,183,Electronics,2024-11-14,9,448.01,0.39,MX
ORD004775,264,Clothing,2023-01-12,4,142.62,0.38,IN
ORD004776,418,Home & Garden,2023-10-12,4,278.48,0.29,US
ORD004777,225,Books,2024-08-13,2,279.51,0.01,SG
ORD004778,34,Sports,2023-01-04,3,350.66,0.03,DE
ORD004779,326,Home & Garden,2023-08-11,6,179.34,0.39,SE
ORD004780,175,Home & Garden,2023-07-08,4,62.83,0.32,JP
ORD004781,356,Books,2023-04-08,7,423.54,0.2,IT
ORD004782,417,Toys,2023-03-06,5,95.12,0.16,ES
ORD004783,201,Electronics,2023-07-01,7,124.42,0.07,BR
ORD004784,464,Books,2023-05-26,9,45.13,0.21,SG
ORD004785,366,Books,2024-12-12,9,257.65,0.26,JP
ORD004786,337,Beauty,2023-01-17,10,305.25,0.05,ES
ORD004787,457,Beauty,2023-04-05,1,263.6,0.19,UK
ORD004788,440,Beauty,2024-08-12,3,47.77,0.14,SE
ORD004789,385,Sports,2024-07-10,2,419.77,0.36,SE
ORD004790,495,Automotive,2023-12-08,8,36.7,0.28,US
ORD004791,388,Automotive,2023-10-09,5,490.95,0.36,SG
ORD004792,427,Automotive,2023-09-10,1,190.53,0.14,FR
ORD004793,367,Books,2024-12-11,5,287.66,0.06,ES
ORD004794,230,Books,2024-09-24,6,346.37,0.33,SG
ORD004795,197,Books,2023-07-11,3,266.15,0.17,CA
ORD004796,404,Toys,2023-12-03,4,421.81,0.23,ES
ORD004797,478,Home & Garden,2024-06-28,3,392.31,0.29,AU
ORD004798,292,Toys,2024-08-25,6,292.57,0.25,IT
ORD004799,97,Electronics,2023-03-31,2,13.58,0.32,NL
ORD004800,406,Clothing,2024-11-28,5,321.59,0.07,FR
ORD004801,147,Books,2024-08-21,6,395.88,0.03,NL
ORD004802,367,Automotive,2024-01-03,6,408.28,0.13,MX
ORD004803,104,Books,2024-01-01,5,274.83,0.21,CA
ORD004804,430,Books,2024-01-06,8,175.09,0.3,NL
ORD004805,243,Sports,2024-08-18,7,183.2,0.32,IT
ORD004806,186,Automotive,2024-02-03,5,187.14,0.23,US
ORD004807,374,Clothing,2024-08-16,7,348.62,0.31,SG
ORD004808,354,Books,2024-09-22,1,351.89,0.23,BR
ORD004809,130,Automotive,2024-05-27,3,299.45,0.1,ES
ORD004810,34,Automotive,2023-02-04,3,384.5,0.3,AU
ORD004811,481,Automotive,2023-11-23,8,243.02,0.24,IN
ORD004812,486,Books,2023-07-06,5,269.93,0.23,AU
ORD004813,331,Sports,2023-02-01,2,434.47,0.32,JP
ORD004814,56,Beauty,2024-04-18,6,253.21,0.02,ES
ORD004815,469,Home & Garden,2024-01-10,7,153.97,0.09,ES
ORD004816,231,Automotive,2023-02-14,9,212.66,0.27,BR
ORD004817,303,Toys,2024-03-29,7,131.59,0.09,US
ORD004818,338,Clothing,2023-05-19,10,116.91,0.08,UK
ORD004819,294,Clothing,2024-11-15,3,306.52,0.38,SE
ORD004820,116,Sports,2024-05-23,5,14.05,0.37,SG
ORD004821,483,Sports,2023-01-03,2,159.48,0.19,DE
ORD004822,265,Automotive,2024-09-28,5,322.66,0.04,JP
ORD004823,473,Books,2023-02-17,2,111.28,0.31,SE
ORD004824,68,Toys,2023-01-09,4,498.92,0.31,US
ORD004825,347,Automotive,2023-10-16,7,316.11,0.14,SG
ORD004826,91,Toys,2023-04-24,4,316.76,0.3,DE
ORD004827,58,Home & Garden,2024-08-20,4,269.47,0.04,US
ORD004828,440,Automotive,2024-11-20,6,384.58,0.18,JP
ORD004829,60,Sports,2024-07-25,10,349.52,0.02,SG
ORD004830,21,Home & Garden,2023-09-26,2,419.76,0.35,ES
ORD004831,17,Beauty,2023-08-02,7,132.59,0.14,FR
ORD004832,184,Clothing,2023-09-08,10,217.04,0.07,MX
ORD004833,74,Beauty,2023-03-05,1,270.51,0.06,IN
ORD004834,37,Clothing,2024-10-21,4,181.53,0.04,IN
ORD004835,274,Clothing,2023-06-28,4,135.51,0.04,UK
ORD004836,104,Electronics,2023-07-02,10,14.51,0.19,CA
ORD004837,223,Sports,2024-06-06,1,189.66,0.07,FR
ORD004838,51,Clothing,2024-03-26,10,231.47,0.31,SG
ORD004839,347,Beauty,2024-11-30,7,402.12,0.2,FR
ORD004840,210,Electronics,2024-12-17,1,344.69,0.35,NL
ORD004841,447,Home & Garden,2023-11-01,10,173.93,0.33,DE
ORD004842,404,Home & Garden,2024-11-03,8,370.0,0.3,US
ORD004843,189,Electronics,2024-11-28,8,82.42,0.07,NL
ORD004844,167,Automotive,2024-09-16,3,153.58,0.18,JP
ORD004845,435,Beauty,2024-11-11,3,169.45,0.37,SG
ORD004846,183,Automotive,2024-03-13,8,19.47,0.31,DE
ORD004847,449,Automotive,2023-03-25,2,436.59,0.22,CA
ORD004848,49,Electronics,2024-09-19,5,217.24,0.22,SG
ORD004849,340,Clothing,2023-08-13,9,156.89,0.14,ES
ORD004850,224,Automotive,2024-11-06,10,373.04,0.34,DE
ORD004851,418,Clothing,2024-01-15,2,269.11,0.36,DE
ORD004852,44,Toys,2023-12-24,8,443.04,0.27,IN
ORD004853,463,Clothing,2024-08-29,8,342.27,0.4,SG
ORD004854,500,Toys,2023-10-11,9,447.87,0.31,UK
ORD004855,229,Beauty,2023-03-19,3,362.33,0.33,IT
ORD004856,329,Clothing,2024-07-26,9,391.65,0.2,DE
ORD004857,252,Automotive,2023-08-01,4,218.41,0.19,IT
ORD004858,306,Books,2024-09-09,5,57.78,0.15,NL
ORD004859,259,Home & Garden,2024-10-30,1,244.47,0.2,FR
ORD004860,332,Automotive,2023-10-14,7,273.58,0.24,IT
ORD004861,231,Automotive,2024-05-04,2,129.94,0.22,JP
ORD004862,495,Toys,2023-01-13,4,119.56,0.08,US
ORD004863,475,Electronics,2024-08-02,1,188.5,0.18,IN
ORD004864,400,Books,2023-12-02,6,213.37,0.2,ES
ORD004865,46,Home & Garden,2023-07-12,6,312.84,0.22,SE
ORD004866,116,Automotive,2024-09-30,7,150.15,0.02,NL
ORD004867,182,Electronics,2023-10-26,5,40.13,0.29,MX
ORD004868,63,Automotive,2024-08-24,8,170.52,0.39,IT
ORD004869,454,Automotive,2023-11-04,6,115.97,0.08,CA
ORD004870,138,Clothing,2024-11-24,2,311.46,0.35,IT
ORD004871,388,Clothing,2024-05-04,1,192.26,0.08,UK
ORD004872,453,Automotive,2024-05-02,2,294.22,0.02,FR
ORD004873,145,Automotive,2023-04-01,9,184.15,0.3,NL
ORD004874,363,Home & Garden,2024-06-29,5,289.52,0.34,FR
ORD004875,332,Beauty,2024-01-15,2,7.79,0.34,US
ORD004876,320,Automotive,2024-06-08,4,299.57,0.04,DE
ORD004877,1,Automotive,2024-09-25,9,30.78,0.0,IN
ORD004878,275,Books,2024-05-28,9,384.14,0.35,JP
ORD004879,267,Sports,2023-12-31,4,455.36,0.1,MX
ORD004880,3,Electronics,2024-09-14,3,268.4,0.09,BR
ORD004881,460,Sports,2024-06-22,5,18.0,0.34,MX
ORD004882,380,Electronics,2024-07-12,3,157.53,0.12,DE
ORD004883,310,Clothing,2024-10-27,7,58.22,0.2,UK
ORD004884,182,Home & Garden,2023-04-11,7,41.1,0.37,CA
ORD004885,455,Electronics,2023-12-31,7,322.0,0.28,MX
ORD004886,213,Books,2023-04-01,9,335.45,0.17,JP
ORD004887,38,Toys,2024-07-01,6,313.38,0.2,FR
ORD004888,500,Automotive,2023-11-12,7,80.95,0.13,ES
ORD004889,267,Books,2024-06-09,5,94.27,0.34,BR
ORD004890,295,Toys,2023-03-30,3,154.71,0.22,NL
ORD004891,343,Home & Garden,2024-03-28,5,207.95,0.33,FR
ORD004892,83,Toys,2023-03-24,7,119.43,0.4,ES
ORD004893,17,Electronics,2023-09-15,1,445.72,0.19,AU
ORD004894,229,Toys,2024-01-27,5,19.3,0.01,DE
ORD004895,434,Sports,2024-05-19,2,244.71,0.36,ES
ORD004896,497,Sports,2024-01-01,3,474.82,0.1,SE
ORD004897,129,Electronics,2024-06-17,8,493.42,0.1,FR
ORD004898,494,Automotive,2023-05-07,4,166.39,0.14,US
ORD004899,433,Clothing,2024-04-13,7,317.49,0.39,NL
ORD004900,409,Electronics,2023-10-09,6,403.47,0.26,BR
ORD004901,140,Clothing,2023-04-23,4,118.42,0.3,IN
ORD004902,367,Toys,2024-09-14,5,280.02,0.05,CA
ORD004903,491,Clothing,2024-12-13,8,484.94,0.15,SG
ORD004904,291,Automotive,2023-06-24,6,447.51,0.1,CA
ORD004905,444,Toys,2023-04-26,9,443.34,0.01,MX
ORD004906,139,Books,2024-07-12,3,306.5,0.26,FR
ORD004907,429,Electronics,2024-12-24,6,313.83,0.0,DE
ORD004908,89,Electronics,2023-11-02,4,120.76,0.35,JP
ORD004909,344,Toys,2024-07-31,10,405.94,0.26,ES
ORD004910,182,Home & Garden,2023-04-18,9,386.09,0.21,US
ORD004911,201,Toys,2023-06-16,3,218.75,0.18,MX
ORD004912,368,Home & Garden,2023-04-13,2,429.36,0.17,FR
ORD004913,230,Clothing,2024-05-01,3,126.99,0.13,UK
ORD004914,422,Automotive,2024-03-04,1,424.71,0.27,SG
ORD004915,294,Home & Garden,2024-04-28,1,314.81,0.24,UK
ORD004916,257,Automotive,2023-05-04,1,28.38,0.13,DE
ORD004917,134,Clothing,2023-03-01,2,181.46,0.38,NL
ORD004918,323,Sports,2024-01-25,7,345.26,0.15,UK
ORD004919,129,Books,2024-01-22,9,363.65,0.29,JP
ORD004920,375,Books,2023-11-04,1,187.96,0.18,CA
ORD004921,243,Beauty,2024-05-13,7,118.95,0.04,IT
ORD004922,266,Electronics,2023-11-02,6,92.04,0.36,SE
ORD004923,265,Sports,2024-09-17,2,489.01,0.32,JP
ORD004924,22,Home & Garden,2024-07-21,7,200.1,0.07,DE
ORD004925,399,Automotive,2023-09-03,7,205.98,0.17,NL
ORD004926,497,Electronics,2024-10-14,10,89.12,0.34,NL
ORD004927,373,Automotive,2023-12-26,2,191.57,0.29,DE
ORD004928,91,Automotive,2023-12-06,1,489.56,0.26,US
ORD004929,313,Clothing,2024-06-10,5,253.14,0.33,UK
ORD004930,81,Sports,2024-11-29,8,355.29,0.13,IN
ORD004931,328,Beauty,2023-01-25,10,471.02,0.34,AU
ORD004932,222,Automotive,2023-05-08,7,462.69,0.36,SG
ORD004933,436,Books,2024-08-10,4,440.98,0.02,JP
ORD004934,291,Books,2023-11-19,3,454.57,0.37,SG
ORD004935,30,Home & Garden,2024-09-18,7,307.89,0.39,MX
ORD004936,436,Books,2023-09-14,7,434.47,0.15,SG
ORD004937,286,Sports,2024-12-13,1,397.89,0.36,FR
ORD004938,445,Automotive,2023-06-07,10,495.9,0.02,ES
ORD004939,31,Sports,2024-11-23,3,441.07,0.28,ES
ORD004940,119,Beauty,2024-07-30,6,271.74,0.19,NL
ORD004941,56,Automotive,2024-12-12,4,7.2,0.19,ES
ORD004942,149,Automotive,2023-04-29,4,496.83,0.37,CA
ORD004943,238,Automotive,2023-09-15,9,269.91,0.25,JP
ORD004944,328,Books,2023-05-25,6,472.0,0.36,CA
ORD004945,196,Home & Garden,2024-08-28,2,214.47,0.07,JP
ORD004946,240,Books,2023-07-15,4,326.99,0.29,JP
ORD004947,367,Beauty,2024-01-19,4,440.24,0.09,IT
ORD004948,207,Sports,2023-05-22,8,82.9,0.06,DE
ORD004949,410,Automotive,2024-05-31,2,186.31,0.35,SG
ORD004950,58,Automotive,2024-06-26,4,438.35,0.24,AU
ORD004951,396,Toys,2023-03-26,5,251.15,0.06,AU
ORD004952,401,Automotive,2024-05-15,2,331.32,0.22,BR
ORD004953,290,Toys,2023-05-01,3,274.45,0.26,CA
ORD004954,150,Clothing,2024-11-27,6,237.3,0.36,IN
ORD004955,4,Sports,2024-10-04,2,183.21,0.08,JP
ORD004956,493,Toys,2023-05-28,6,481.45,0.07,US
ORD004957,12,Toys,2023-09-06,5,363.86,0.29,FR
ORD004958,44,Home & Garden,2024-03-10,9,476.45,0.16,US
ORD004959,96,Clothing,2024-08-11,5,431.87,0.29,US
ORD004960,97,Home & Garden,2024-11-19,5,27.71,0.08,SG
ORD004961,135,Clothing,2023-11-02,4,433.86,0.26,SG
ORD004962,108,Beauty,2023-12-23,1,49.86,0.08,JP
ORD004963,231,Books,2023-04-25,10,470.82,0.17,AU
ORD004964,450,Automotive,2023-09-13,3,262.79,0.36,MX
ORD004965,191,Automotive,2024-12-25,2,154.53,0.09,JP
ORD004966,71,Beauty,2024-11-15,1,335.31,0.09,SE
ORD004967,76,Books,2023-10-30,8,453.61,0.28,UK
ORD004968,425,Books,2023-06-13,4,495.59,0.1,SG
ORD004969,49,Clothing,2024-02-23,6,116.22,0.22,ES
ORD004970,476,Electronics,2023-11-05,2,372.37,0.23,SG
ORD004971,11,Home & Garden,2024-07-03,4,111.92,0.35,JP
ORD004972,21,Books,2024-04-04,4,25.97,0.02,IT
ORD004973,35,Books,2024-04-27,7,87.73,0.37,DE
ORD004974,462,Toys,2023-10-01,8,385.34,0.27,ES
ORD004975,1,Automotive,2024-03-26,2,66.44,0.34,FR
ORD004976,443,Electronics,2024-05-18,9,366.07,0.18,US
ORD004977,17,Home & Garden,2024-04-18,10,477.12,0.06,MX
ORD004978,359,Clothing,2024-05-22,1,368.8,0.35,CA
ORD004979,224,Sports,2024-10-11,9,138.77,0.16,NL
ORD004980,123,Clothing,2023-07-15,9,439.9,0.22,FR
ORD004981,338,Automotive,2023-04-25,8,399.43,0.16,UK
ORD004982,357,Sports,2023-01-26,10,304.07,0.03,CA
ORD004983,210,Automotive,2024-05-26,10,486.36,0.09,DE
ORD004984,54,Toys,2023-09-02,4,93.91,0.38,SE
ORD004985,132,Automotive,2024-01-05,10,9.99,0.24,NL
ORD004986,10,Books,2023-02-23,2,135.41,0.2,MX
ORD004987,308,Beauty,2024-11-07,3,150.17,0.02,IT
ORD004988,179,Books,2024-03-05,8,90.81,0.35,FR
ORD004989,317,Books,2023-04-02,9,277.96,0.39,SE
ORD004990,270,Home & Garden,2023-10-24,3,58.67,0.03,ES
ORD004991,356,Beauty,2023-08-17,8,312.88,0.29,DE
ORD004992,228,Beauty,2024-09-24,8,67.26,0.38,JP
ORD004993,143,Sports,2024-10-01,5,201.25,0.37,MX
ORD004994,312,Books,2024-07-31,9,235.4,0.26,UK
ORD004995,479,Books,2023-10-11,6,85.22,0.22,FR
ORD004996,347,Sports,2024-11-19,6,482.98,0.03,US
ORD004997,87,Sports,2023-07-20,6,53.95,0.22,CA
ORD004998,129,Home & Garden,2024-04-27,6,104.32,0.35,UK
ORD004999,482,Beauty,2024-01-18,6,195.9,0.06,BR
ORD005000,359,Electronics,2023-11-16,10,409.75,0.06,DE
ORD005001,317,Electronics,2023-05-18,5,275.28,0.32,AU
ORD005002,362,Clothing,2023-06-25,3,182.27,0.39,FR
ORD005003,137,Automotive,2024-08-22,7,240.26,0.03,BR
ORD005004,461,Clothing,2024-05-03,5,427.48,0.06,IN
ORD005005,100,Toys,2024-11-10,9,223.45,0.16,AU
ORD005006,472,Automotive,2024-05-12,9,121.43,0.37,JP
ORD005007,116,Books,2023-02-14,10,108.73,0.04,ES
ORD005008,157,Beauty,2023-03-26,9,421.86,0.02,ES
ORD005009,324,Home & Garden,2024-06-12,7,129.43,0.37,FR
ORD005010,249,Home & Garden,2023-07-03,5,269.85,0.17,NL
ORD005011,479,Home & Garden,2023-07-01,10,350.58,0.23,UK
ORD005012,427,Books,2023-10-24,4,81.81,0.14,BR
ORD005013,434,Home & Garden,2024-06-28,10,15.68,0.25,ES
ORD005014,285,Clothing,2024-04-11,10,494.67,0.21,ES
ORD005015,491,Electronics,2023-05-22,7,408.17,0.01,SE
ORD005016,364,Books,2024-10-16,10,473.61,0.07,AU
ORD005017,162,Clothing,2024-12-10,3,285.83,0.02,NL
ORD005018,299,Home & Garden,2024-08-01,1,116.78,0.04,SE
ORD005019,194,Home & Garden,2023-05-21,6,263.86,0.06,IN
ORD005020,138,Sports,2024-08-02,4,382.57,0.36,JP
ORD005021,374,Electronics,2024-01-16,10,301.37,0.08,IN
ORD005022,205,Toys,2023-01-21,7,240.47,0.4,AU
ORD005023,126,Clothing,2024-05-02,2,281.98,0.36,CA
ORD005024,429,Clothing,2024-12-14,7,116.26,0.17,FR
ORD005025,169,Automotive,2023-11-12,8,197.77,0.03,JP
ORD005026,371,Beauty,2023-02-16,4,230.06,0.39,SG
ORD005027,144,Sports,2023-06-18,10,381.66,0.3,US
ORD005028,192,Clothing,2024-02-12,8,269.45,0.13,DE
ORD005029,204,Automotive,2024-07-31,8,227.75,0.11,IT
ORD005030,242,Automotive,2023-05-16,4,476.67,0.35,ES
ORD005031,386,Toys,2023-06-10,10,109.73,0.31,IT
ORD005032,177,Books,2024-11-04,7,406.01,0.08,FR
ORD005033,5,Books,2024-10-05,8,8.06,0.08,NL
ORD005034,78,Electronics,2024-10-30,9,199.62,0.32,US
ORD005035,14,Beauty,2023-05-09,10,101.55,0.35,MX
ORD005036,457,Automotive,2024-11-11,7,243.36,0.21,SG
ORD005037,2,Sports,2023-09-06,10,249.39,0.06,DE
ORD005038,461,Sports,2024-01-13,3,198.87,0.1,SG
ORD005039,320,Sports,2023-11-30,7,32.98,0.26,NL
ORD005040,5,Books,2024-12-14,5,120.2,0.07,CA
ORD005041,184,Electronics,2023-07-11,7,134.99,0.01,AU
ORD005042,388,Books,2024-11-30,9,235.42,0.12,FR
ORD005043,236,Clothing,2024-12-01,9,215.21,0.26,MX
ORD005044,404,Beauty,2024-10-31,1,105.6,0.2,ES
ORD005045,234,Electronics,2023-09-18,8,306.47,0.38,FR
ORD005046,181,Beauty,2023-10-01,10,237.94,0.05,IT
ORD005047,102,Electronics,2023-05-29,6,115.2,0.37,IN
ORD005048,333,Sports,2023-12-14,7,44.22,0.19,FR
ORD005049,396,Automotive,2023-07-01,8,66.56,0.38,MX
ORD005050,344,Books,2024-04-02,10,40.67,0.07,IN
ORD005051,94,Beauty,2024-09-25,1,27.16,0.1,MX
ORD005052,178,Electronics,2024-11-24,9,53.74,0.14,MX
ORD005053,343,Clothing,2023-11-16,10,173.81,0.05,CA
ORD005054,107,Automotive,2023-11-12,1,268.65,0.08,CA
ORD005055,370,Clothing,2024-01-11,5,239.28,0.16,BR
ORD005056,461,Toys,2024-10-27,8,451.27,0.22,UK
ORD005057,128,Home & Garden,2023-02-27,1,453.08,0.23,US
ORD005058,184,Clothing,2023-08-12,2,96.7,0.0,UK
ORD005059,355,Books,2023-05-24,4,434.32,0.32,BR
ORD005060,372,Sports,2024-07-19,10,284.48,0.12,IT
ORD005061,109,Sports,2023-10-04,6,370.55,0.29,SE
ORD005062,243,Beauty,2024-12-04,9,396.7,0.11,ES
ORD005063,263,Clothing,2024-12-15,10,204.69,0.11,JP
ORD005064,417,Home & Garden,2024-10-05,7,215.76,0.24,IT
ORD005065,359,Home & Garden,2024-01-07,7,378.86,0.01,IN
ORD005066,73,Clothing,2024-11-10,7,412.58,0.05,NL
ORD005067,73,Automotive,2023-10-03,1,222.94,0.39,JP
ORD005068,452,Books,2023-10-14,4,127.91,0.18,SE
ORD005069,339,Home & Garden,2023-12-12,1,336.72,0.33,UK
ORD005070,432,Toys,2024-05-23,2,391.04,0.33,AU
ORD005071,67,Automotive,2023-02-16,5,383.89,0.0,IN
ORD005072,265,Clothing,2024-01-27,10,198.89,0.18,AU
ORD005073,36,Sports,2024-12-06,9,96.06,0.25,NL
ORD005074,239,Electronics,2023-02-19,4,253.17,0.32,AU
ORD005075,175,Home & Garden,2023-03-04,4,145.75,0.39,SG
ORD005076,158,Automotive,2024-11-19,10,161.68,0.06,AU
ORD005077,110,Sports,2024-08-29,10,344.36,0.28,DE
ORD005078,65,Automotive,2023-01-01,6,165.6,0.18,SG
ORD005079,75,Toys,2023-11-26,1,402.73,0.16,IT
ORD005080,268,Books,2023-08-14,4,200.13,0.0,JP
ORD005081,130,Automotive,2023-05-03,6,90.05,0.4,JP
ORD005082,151,Toys,2023-02-08,8,229.37,0.25,IN
ORD005083,382,Electronics,2023-07-02,10,179.02,0.25,SG
ORD005084,204,Beauty,2024-04-21,7,164.16,0.37,NL
ORD005085,431,Sports,2023-08-10,5,104.55,0.09,IN
ORD005086,315,Automotive,2023-08-13,6,124.4,0.28,IT
ORD005087,469,Toys,2023-07-11,6,378.51,0.18,FR
ORD005088,351,Clothing,2023-03-12,7,383.68,0.2,IN
ORD005089,476,Home & Garden,2024-03-08,4,214.93,0.31,US
ORD005090,364,Beauty,2024-06-17,2,148.85,0.11,CA
ORD005091,315,Sports,2024-12-16,9,314.3,0.37,ES
ORD005092,189,Electronics,2023-06-15,8,332.1,0.2,AU
ORD005093,347,Electronics,2023-04-29,10,277.93,0.21,IT
ORD005094,204,Books,2024-05-31,8,378.55,0.16,SG
ORD005095,153,Books,2023-08-24,5,213.83,0.03,SE
ORD005096,15,Sports,2024-01-07,9,326.76,0.22,AU
ORD005097,448,Home & Garden,2024-06-01,10,259.26,0.26,US
ORD005098,149,Books,2023-11-03,7,163.55,0.02,SE
ORD005099,175,Home & Garden,2023-09-29,2,70.79,0.12,SG
ORD005100,396,Clothing,2023-11-17,9,99.52,0.33,SG
ORD005101,368,Toys,2023-11-30,7,248.48,0.2,DE
ORD005102,335,Electronics,2023-01-01,3,104.73,0.24,UK
ORD005103,393,Automotive,2023-05-18,4,481.54,0.15,BR
ORD005104,488,Beauty,2024-03-20,2,184.57,0.02,MX
ORD005105,489,Electronics,2023-01-13,2,82.59,0.22,BR
ORD005106,237,Toys,2023-07-21,4,466.82,0.1,US
ORD005107,17,Home & Garden,2023-11-18,7,420.55,0.28,US
ORD005108,62,Sports,2023-11-19,7,130.11,0.16,AU
ORD005109,126,Home & Garden,2023-02-04,6,336.06,0.2,MX
ORD005110,269,Books,2024-10-01,6,362.68,0.22,FR
ORD005111,236,Automotive,2023-03-08,6,250.1,0.29,AU
ORD005112,306,Clothing,2024-10-01,7,296.6,0.32,BR
ORD005113,399,Toys,2024-12-24,8,422.5,0.04,NL
ORD005114,359,Sports,2023-05-11,9,248.21,0.04,JP
ORD005115,363,Automotive,2023-02-21,5,231.62,0.06,JP
ORD005116,425,Home & Garden,2023-03-30,7,371.89,0.26,FR
ORD005117,38,Sports,2024-09-14,4,472.21,0.1,UK
ORD005118,196,Automotive,2024-12-10,9,461.81,0.31,IT
ORD005119,429,Toys,2024-03-07,8,310.54,0.15,BR
ORD005120,63,Home & Garden,2024-11-22,2,275.5,0.17,DE
ORD005121,207,Beauty,2024-07-15,8,315.45,0.22,SG
ORD005122,393,Beauty,2024-02-20,2,34.24,0.25,IN
ORD005123,428,Electronics,2024-10-29,6,445.63,0.01,NL
ORD005124,412,Clothing,2023-12-08,9,24.12,0.17,CA
ORD005125,442,Automotive,2023-10-28,7,41.71,0.33,ES
ORD005126,29,Automotive,2024-06-09,1,25.49,0.24,FR
ORD005127,459,Home & Garden,2024-06-30,6,366.15,0.11,SE
ORD005128,246,Books,2023-09-16,9,144.51,0.37,ES
ORD005129,393,Automotive,2023-12-14,7,207.95,0.39,IT
ORD005130,135,Electronics,2023-06-07,9,128.65,0.19,AU
ORD005131,377,Electronics,2023-03-29,4,461.58,0.14,DE
ORD005132,70,Toys,2023-09-14,5,497.75,0.35,MX
ORD005133,256,Electronics,2023-12-26,9,223.28,0.11,AU
ORD005134,19,Clothing,2023-04-25,7,409.44,0.29,MX
ORD005135,279,Electronics,2023-04-29,8,130.84,0.27,UK
ORD005136,496,Automotive,2023-04-01,3,326.45,0.25,FR
ORD005137,259,Electronics,2024-10-01,8,71.54,0.06,JP
ORD005138,21,Automotive,2024-05-21,4,432.75,0.07,BR
ORD005139,258,Clothing,2023-04-17,10,218.69,0.16,FR
ORD005140,102,Automotive,2024-04-27,5,363.91,0.22,JP
ORD005141,106,Books,2023-12-21,6,322.52,0.15,IT
ORD005142,291,Home & Garden,2024-02-17,1,392.12,0.29,US
ORD005143,164,Clothing,2024-08-27,10,192.71,0.11,UK
ORD005144,192,Books,2023-12-14,2,303.69,0.24,JP
ORD005145,89,Clothing,2023-07-30,4,308.0,0.1,UK
ORD005146,318,Clothing,2024-07-23,4,104.38,0.18,UK
ORD005147,359,Home & Garden,2023-04-27,10,98.3,0.17,SG
ORD005148,447,Home & Garden,2024-11-06,7,356.62,0.2,DE
ORD005149,211,Toys,2024-11-18,6,121.17,0.3,NL
ORD005150,13,Automotive,2023-09-09,7,315.56,0.14,IN
ORD005151,122,Electronics,2024-07-17,6,480.57,0.26,AU
ORD005152,493,Books,2024-11-04,5,139.82,0.36,MX
ORD005153,400,Sports,2024-11-02,9,439.5,0.13,US
ORD005154,267,Home & Garden,2023-03-25,6,265.4,0.21,CA
ORD005155,448,Sports,2023-05-03,10,296.38,0.12,CA
ORD005156,127,Books,2023-12-24,1,138.43,0.33,US
ORD005157,3,Books,2024-02-08,2,463.28,0.12,FR
ORD005158,328,Toys,2023-09-09,5,357.34,0.39,AU
ORD005159,440,Clothing,2023-02-25,2,356.5,0.03,ES
ORD005160,67,Electronics,2023-11-10,3,428.92,0.36,IN
ORD005161,14,Toys,2023-07-25,8,60.69,0.32,JP
ORD005162,370,Sports,2023-11-23,4,55.65,0.06,FR
ORD005163,355,Beauty,2023-07-19,4,46.81,0.27,BR
ORD005164,21,Toys,2023-11-15,2,441.61,0.01,SE
ORD005165,439,Books,2024-03-05,2,451.61,0.02,SE
ORD005166,490,Home & Garden,2023-09-21,9,217.69,0.23,SG
ORD005167,118,Sports,2023-06-03,3,335.05,0.23,IN
ORD005168,423,Electronics,2023-10-17,1,425.29,0.12,NL
ORD005169,472,Electronics,2023-07-10,4,183.8,0.35,US
ORD005170,224,Automotive,2023-02-16,4,136.07,0.24,IN
ORD005171,361,Beauty,2024-04-07,8,483.95,0.26,SG
ORD005172,238,Beauty,2024-04-07,4,101.03,0.24,BR
ORD005173,492,Toys,2023-08-21,1,253.69,0.16,JP
ORD005174,46,Beauty,2024-12-01,10,296.88,0.03,SG
ORD005175,100,Home & Garden,2024-07-29,6,191.75,0.23,UK
ORD005176,118,Clothing,2024-10-20,4,249.02,0.33,ES
ORD005177,65,Sports,2023-12-09,1,404.69,0.36,NL
ORD005178,36,Electronics,2024-01-18,3,361.51,0.05,MX
ORD005179,331,Automotive,2024-05-19,7,398.89,0.29,DE
ORD005180,298,Sports,2024-03-05,9,145.61,0.08,SG
ORD005181,258,Sports,2024-05-02,10,137.06,0.08,IT
ORD005182,372,Toys,2023-11-12,7,129.61,0.03,MX
ORD005183,408,Home & Garden,2023-04-07,4,270.41,0.39,AU
ORD005184,135,Toys,2024-08-15,4,85.74,0.3,US
ORD005185,215,Home & Garden,2023-10-10,10,482.85,0.14,SG
ORD005186,326,Clothing,2024-03-20,4,411.38,0.34,NL
ORD005187,1,Clothing,2023-09-27,9,491.92,0.06,BR
ORD005188,255,Clothing,2023-12-18,9,126.99,0.14,AU
ORD005189,243,Automotive,2024-04-11,4,325.7,0.02,CA
ORD005190,137,Books,2024-02-27,5,454.13,0.17,AU
ORD005191,333,Sports,2023-04-13,3,224.04,0.1,AU
ORD005192,166,Clothing,2023-06-21,7,245.36,0.4,IN
ORD005193,157,Home & Garden,2023-05-07,4,26.04,0.08,JP
ORD005194,363,Home & Garden,2024-02-25,3,478.86,0.07,US
ORD005195,252,Automotive,2023-10-16,10,372.45,0.02,SE
ORD005196,100,Automotive,2023-06-29,6,483.47,0.2,AU
ORD005197,302,Sports,2023-02-02,5,116.04,0.03,IN
ORD005198,164,Books,2024-07-14,2,387.59,0.31,SG
ORD005199,360,Clothing,2023-02-09,5,108.99,0.17,BR
ORD005200,241,Automotive,2023-10-05,1,81.04,0.4,CA
ORD005201,118,Toys,2023-11-29,2,458.79,0.03,DE
ORD005202,42,Books,2023-11-27,2,69.29,0.18,AU
ORD005203,135,Automotive,2023-04-12,3,337.93,0.39,DE
ORD005204,330,Toys,2024-06-01,10,211.44,0.17,MX
ORD005205,344,Beauty,2023-06-15,10,465.51,0.14,UK
ORD005206,414,Books,2024-04-04,6,260.96,0.05,US
ORD005207,178,Home & Garden,2023-10-03,10,322.46,0.24,DE
ORD005208,459,Home & Garden,2024-01-16,5,382.35,0.13,JP
ORD005209,376,Beauty,2023-11-27,3,179.67,0.23,AU
ORD005210,166,Beauty,2024-11-28,7,470.29,0.37,SE
ORD005211,134,Home & Garden,2023-09-10,8,42.66,0.23,CA
ORD005212,286,Sports,2023-04-22,5,69.68,0.03,DE
ORD005213,378,Home & Garden,2023-09-21,7,335.42,0.2,ES
ORD005214,236,Home & Garden,2023-12-31,7,220.84,0.28,IT
ORD005215,79,Sports,2023-02-18,5,174.99,0.24,MX
ORD005216,384,Automotive,2024-11-01,9,379.61,0.05,JP
ORD005217,227,Electronics,2023-05-26,8,384.99,0.17,FR
ORD005218,15,Books,2024-11-10,1,435.64,0.21,IT
ORD005219,96,Books,2023-10-23,9,91.62,0.15,FR
ORD005220,289,Sports,2024-02-10,10,406.68,0.37,JP
ORD005221,258,Sports,2024-05-13,8,339.13,0.39,CA
ORD005222,84,Automotive,2023-02-17,5,427.32,0.3,JP
ORD005223,351,Electronics,2023-10-30,6,300.1,0.37,AU
ORD005224,318,Toys,2023-07-25,2,441.82,0.38,UK
ORD005225,264,Home & Garden,2023-05-04,7,389.05,0.14,JP
ORD005226,38,Electronics,2024-05-03,5,466.06,0.14,BR
ORD005227,81,Beauty,2023-05-01,9,326.14,0.02,IT
ORD005228,91,Electronics,2024-03-01,5,209.68,0.09,IT
ORD005229,461,Automotive,2023-10-13,8,202.13,0.06,BR
ORD005230,113,Books,2024-12-13,6,206.75,0.07,MX
ORD005231,3,Clothing,2024-10-23,10,341.24,0.06,CA
ORD005232,143,Books,2023-01-06,9,171.54,0.13,FR
ORD005233,366,Automotive,2024-08-14,9,11.24,0.26,JP
ORD005234,106,Beauty,2023-05-04,3,54.78,0.35,DE
ORD005235,362,Home & Garden,2023-12-10,1,399.09,0.07,SE
ORD005236,14,Books,2024-08-15,6,462.04,0.26,SE
ORD005237,449,Clothing,2023-07-29,8,41.39,0.21,BR
ORD005238,274,Sports,2024-06-19,8,166.75,0.26,ES
ORD005239,431,Beauty,2023-06-25,2,266.24,0.0,UK
ORD005240,360,Electronics,2024-09-29,9,385.13,0.34,AU
ORD005241,76,Electronics,2023-11-17,9,350.56,0.16,JP
ORD005242,332,Beauty,2023-05-26,10,494.66,0.31,UK
ORD005243,474,Toys,2023-02-08,2,294.87,0.14,SG
ORD005244,239,Home & Garden,2024-03-18,6,213.8,0.38,SG
ORD005245,76,Toys,2024-05-13,3,455.19,0.27,BR
ORD005246,276,Sports,2024-05-11,8,152.89,0.37,SG
ORD005247,282,Toys,2023-12-30,4,110.05,0.17,DE
ORD005248,391,Clothing,2023-10-22,10,139.92,0.12,IT
ORD005249,79,Beauty,2024-03-27,10,159.18,0.18,NL
ORD005250,328,Beauty,2023-01-25,9,242.82,0.06,DE
ORD005251,190,Beauty,2023-06-24,10,148.9,0.09,CA
ORD005252,121,Clothing,2023-07-06,6,426.87,0.15,CA
ORD005253,397,Home & Garden,2024-07-22,6,495.66,0.14,AU
ORD005254,275,Books,2023-11-19,5,482.63,0.02,CA
ORD005255,469,Sports,2023-02-03,6,343.04,0.09,SG
ORD005256,118,Home & Garden,2024-10-15,6,352.08,0.25,UK
ORD005257,161,Home & Garden,2023-10-09,6,31.5,0.36,DE
ORD005258,459,Automotive,2023-02-26,3,246.52,0.08,JP
ORD005259,218,Sports,2023-11-02,7,303.38,0.08,AU
ORD005260,197,Automotive,2024-11-24,4,457.55,0.3,NL
ORD005261,402,Sports,2024-08-08,1,48.73,0.26,SG
ORD005262,55,Toys,2024-03-09,10,258.75,0.35,CA
ORD005263,299,Books,2024-07-08,3,219.47,0.06,SE
ORD005264,177,Home & Garden,2024-01-12,6,80.55,0.36,MX
ORD005265,449,Home & Garden,2024-08-09,7,479.97,0.11,US
ORD005266,65,Beauty,2024-09-05,2,460.11,0.11,US
ORD005267,165,Sports,2023-09-04,3,77.66,0.17,ES
ORD005268,95,Books,2023-11-22,5,127.67,0.38,US
ORD005269,94,Beauty,2023-06-15,7,288.35,0.04,UK
ORD005270,127,Beauty,2024-05-15,10,132.28,0.25,IT
ORD005271,275,Clothing,2023-04-11,10,341.34,0.34,BR
ORD005272,248,Home & Garden,2023-12-11,10,401.29,0.38,JP
ORD005273,234,Sports,2024-12-06,8,212.8,0.31,IT
ORD005274,440,Automotive,2023-12-07,8,479.21,0.03,UK
ORD005275,441,Automotive,2023-02-19,6,80.35,0.33,JP
ORD005276,106,Clothing,2023-01-14,4,106.68,0.31,CA
ORD005277,45,Home & Garden,2024-11-24,3,363.11,0.38,SG
ORD005278,338,Clothing,2024-05-31,8,271.22,0.07,US
ORD005279,23,Electronics,2024-06-02,5,313.88,0.2,JP
ORD005280,303,Books,2023-09-28,10,272.31,0.16,US
ORD005281,87,Beauty,2024-01-01,1,435.17,0.28,DE
ORD005282,86,Home & Garden,2024-02-12,6,194.37,0.06,AU
ORD005283,336,Clothing,2024-07-13,2,35.93,0.02,US
ORD005284,386,Clothing,2024-01-07,5,344.22,0.13,MX
ORD005285,163,Toys,2023-08-12,10,258.48,0.29,IT
ORD005286,179,Sports,2024-01-24,3,308.62,0.26,NL
ORD005287,49,Home & Garden,2024-05-12,10,122.13,0.12,IN
ORD005288,448,Books,2023-02-12,10,395.98,0.24,BR
ORD005289,444,Automotive,2023-12-12,7,37.17,0.21,IT
ORD005290,79,Clothing,2023-09-09,10,103.52,0.12,NL
ORD005291,382,Beauty,2024-10-16,7,9.96,0.01,MX
ORD005292,461,Automotive,2023-10-11,9,346.72,0.2,UK
ORD005293,443,Beauty,2024-04-04,3,384.42,0.0,AU
ORD005294,213,Sports,2023-11-29,3,273.01,0.28,UK
ORD005295,56,Sports,2024-08-16,4,94.39,0.09,AU
ORD005296,260,Beauty,2024-11-09,10,29.82,0.13,JP
ORD005297,158,Clothing,2023-03-03,3,150.62,0.05,JP
ORD005298,175,Beauty,2023-01-15,10,196.62,0.22,UK
ORD005299,313,Clothing,2024-05-29,10,240.16,0.05,IN
ORD005300,287,Clothing,2024-04-05,6,382.53,0.18,US
ORD005301,40,Electronics,2024-02-09,9,471.87,0.27,FR
ORD005302,313,Electronics,2023-11-11,1,402.9,0.39,ES
ORD005303,496,Toys,2024-07-01,3,179.51,0.2,US
ORD005304,98,Electronics,2024-05-28,4,15.6,0.09,IN
ORD005305,497,Toys,2023-11-01,4,487.37,0.27,NL
ORD005306,53,Electronics,2023-08-26,2,341.92,0.12,US
ORD005307,260,Clothing,2024-12-03,1,164.8,0.11,NL
ORD005308,48,Books,2023-10-24,4,465.98,0.25,NL
ORD005309,497,Beauty,2023-06-02,3,50.95,0.02,ES
ORD005310,396,Clothing,2024-12-01,10,175.67,0.16,FR
ORD005311,469,Books,2024-05-30,3,252.41,0.15,AU
ORD005312,21,Electronics,2024-02-12,8,144.45,0.06,IT
ORD005313,305,Clothing,2024-07-14,2,62.75,0.24,JP
ORD005314,414,Sports,2023-06-12,10,67.59,0.31,CA
ORD005315,43,Beauty,2024-02-12,10,333.49,0.12,US
ORD005316,466,Sports,2023-07-19,1,483.63,0.15,ES
ORD005317,64,Toys,2024-09-21,1,492.61,0.15,SG
ORD005318,56,Books,2023-04-10,9,240.22,0.23,SE
ORD005319,149,Clothing,2023-06-08,6,383.94,0.31,CA
ORD005320,459,Toys,2023-06-27,7,109.72,0.06,IT
ORD005321,412,Beauty,2023-11-16,5,348.23,0.01,IT
ORD005322,217,Sports,2023-04-08,1,231.21,0.3,BR
ORD005323,270,Electronics,2024-02-02,5,324.76,0.14,IN
ORD005324,20,Automotive,2024-06-18,8,21.63,0.21,IT
ORD005325,416,Clothing,2023-01-06,2,382.9,0.27,UK
ORD005326,26,Sports,2024-10-09,4,282.17,0.4,BR
ORD005327,356,Beauty,2024-09-14,8,277.15,0.31,IT
ORD005328,186,Automotive,2023-02-07,6,115.92,0.13,JP
ORD005329,408,Sports,2023-02-19,4,182.96,0.07,FR
ORD005330,14,Automotive,2024-02-23,7,31.2,0.22,AU
ORD005331,133,Home & Garden,2023-08-17,7,177.32,0.2,MX
ORD005332,326,Electronics,2023-12-25,7,140.87,0.05,SG
ORD005333,351,Clothing,2024-02-19,4,392.1,0.18,NL
ORD005334,3,Automotive,2024-04-10,10,72.65,0.39,MX
ORD005335,39,Electronics,2024-06-18,10,87.32,0.22,AU
ORD005336,183,Automotive,2024-09-17,7,401.52,0.4,BR
ORD005337,345,Home & Garden,2024-03-18,3,295.59,0.08,NL
ORD005338,316,Automotive,2023-03-18,4,326.07,0.23,IN
ORD005339,244,Automotive,2023-04-10,9,69.78,0.04,AU
ORD005340,294,Electronics,2024-03-24,9,327.76,0.3,SG
ORD005341,168,Sports,2024-06-01,8,324.83,0.12,AU
ORD005342,286,Electronics,2024-07-04,5,237.71,0.38,IN
ORD005343,349,Books,2024-01-14,9,479.68,0.01,SE
ORD005344,106,Automotive,2024-03-14,4,140.2,0.23,CA
ORD005345,4,Automotive,2024-12-12,10,290.45,0.28,IT
ORD005346,144,Clothing,2023-09-12,10,69.99,0.17,JP
ORD005347,386,Automotive,2023-06-06,6,196.97,0.39,BR
ORD005348,420,Clothing,2024-12-08,10,136.98,0.12,BR
ORD005349,268,Books,2024-11-01,8,349.76,0.01,DE
ORD005350,428,Sports,2023-01-06,3,382.71,0.27,IN
ORD005351,216,Clothing,2023-10-21,6,430.47,0.21,US
ORD005352,363,Electronics,2024-06-20,3,128.59,0.24,IN
ORD005353,265,Clothing,2023-05-10,9,326.39,0.22,IT
ORD005354,1,Electronics,2023-01-24,10,256.27,0.29,BR
ORD005355,136,Sports,2023-01-27,7,270.45,0.19,IN
ORD005356,336,Toys,2024-02-17,1,117.06,0.03,CA
ORD005357,309,Books,2023-06-18,9,355.97,0.02,UK
ORD005358,369,Beauty,2023-07-08,3,313.84,0.01,CA
ORD005359,115,Beauty,2023-01-12,3,453.84,0.39,UK
ORD005360,92,Books,2024-06-13,1,302.61,0.38,SE
ORD005361,464,Books,2024-09-07,1,349.0,0.16,US
ORD005362,184,Home & Garden,2024-06-19,10,176.3,0.27,CA
ORD005363,390,Sports,2023-04-10,1,98.82,0.02,JP
ORD005364,29,Beauty,2024-11-29,6,473.81,0.28,AU
ORD005365,442,Clothing,2024-12-03,7,304.04,0.18,ES
ORD005366,432,Books,2023-07-09,7,242.33,0.2,MX
ORD005367,358,Home & Garden,2024-12-18,9,499.27,0.04,ES
ORD005368,146,Books,2023-11-21,9,136.83,0.16,NL
ORD005369,41,Toys,2023-01-31,3,354.77,0.07,FR
ORD005370,105,Electronics,2024-02-25,7,117.29,0.0,SE
ORD005371,261,Automotive,2024-01-20,6,223.42,0.17,IT
ORD005372,477,Books,2024-09-18,3,193.33,0.04,DE
ORD005373,352,Books,2023-09-17,6,378.62,0.07,SG
ORD005374,240,Books,2024-07-13,8,236.92,0.12,SE
ORD005375,309,Beauty,2024-07-28,7,177.08,0.18,NL
ORD005376,370,Clothing,2023-01-26,6,150.21,0.1,JP
ORD005377,343,Sports,2024-05-06,3,420.03,0.38,IN
ORD005378,54,Toys,2023-12-17,8,108.97,0.37,JP
ORD005379,268,Beauty,2023-05-28,3,232.89,0.1,IT
ORD005380,450,Sports,2023-11-01,5,215.17,0.18,FR
ORD005381,317,Sports,2024-09-17,8,238.8,0.24,DE
ORD005382,190,Home & Garden,2024-05-18,10,335.64,0.07,JP
ORD005383,281,Electronics,2024-04-02,1,444.04,0.25,ES
ORD005384,360,Electronics,2023-03-01,9,83.87,0.17,NL
ORD005385,40,Clothing,2024-05-01,7,360.0,0.01,FR
ORD005386,92,Toys,2024-07-07,2,76.59,0.1,AU
ORD005387,293,Toys,2024-11-24,1,9.28,0.07,AU
ORD005388,47,Sports,2024-08-05,2,9.91,0.33,IT
ORD005389,233,Toys,2023-02-28,2,448.65,0.2,BR
ORD005390,381,Beauty,2024-11-19,4,424.08,0.07,CA
ORD005391,253,Toys,2024-08-01,3,167.03,0.23,BR
ORD005392,403,Home & Garden,2023-01-03,2,326.62,0.17,FR
ORD005393,38,Clothing,2024-06-04,4,80.08,0.17,BR
ORD005394,232,Electronics,2023-08-10,9,378.51,0.08,SG
ORD005395,452,Electronics,2024-03-17,10,499.2,0.26,ES
ORD005396,301,Electronics,2023-07-26,9,472.66,0.33,MX
ORD005397,420,Toys,2024-06-16,5,319.15,0.19,FR
ORD005398,202,Toys,2023-05-17,7,226.8,0.06,UK
ORD005399,26,Toys,2024-09-01,5,187.0,0.1,SE
ORD005400,153,Sports,2023-02-23,6,142.65,0.13,JP
ORD005401,450,Sports,2023-01-18,8,48.27,0.35,US
ORD005402,111,Books,2023-04-07,4,109.51,0.25,IN
ORD005403,422,Electronics,2023-10-08,3,281.96,0.37,DE
ORD005404,318,Beauty,2024-04-24,9,140.27,0.13,JP
ORD005405,389,Sports,2023-12-17,6,364.4,0.35,SG
ORD005406,474,Automotive,2023-12-14,6,385.28,0.32,DE
ORD005407,466,Beauty,2024-09-23,7,241.45,0.38,ES
ORD005408,254,Home & Garden,2024-02-13,1,453.33,0.1,BR
ORD005409,330,Home & Garden,2024-01-06,9,408.74,0.38,DE
ORD005410,57,Home & Garden,2023-11-03,9,44.41,0.26,CA
ORD005411,62,Electronics,2024-12-15,2,402.42,0.29,IN
ORD005412,463,Clothing,2023-06-27,3,415.9,0.07,NL
ORD005413,80,Books,2023-04-24,7,177.21,0.09,US
ORD005414,26,Automotive,2023-12-26,9,249.53,0.4,BR
ORD005415,36,Clothing,2024-05-09,1,40.63,0.31,JP
ORD005416,8,Electronics,2023-01-16,2,137.35,0.36,BR
ORD005417,210,Sports,2024-09-17,5,476.01,0.1,SG
ORD005418,43,Books,2023-07-26,2,466.92,0.2,IT
ORD005419,82,Electronics,2024-04-16,4,343.35,0.21,MX
ORD005420,441,Home & Garden,2023-05-07,6,15.03,0.11,CA
ORD005421,18,Electronics,2024-09-28,9,17.81,0.06,MX
ORD005422,59,Home & Garden,2023-09-19,3,299.95,0.07,SE
ORD005423,259,Beauty,2023-05-17,8,119.73,0.13,NL
ORD005424,104,Sports,2023-01-15,3,327.93,0.17,FR
ORD005425,154,Automotive,2023-08-14,7,53.36,0.01,BR
ORD005426,233,Automotive,2023-10-04,2,493.8,0.19,IN
ORD005427,100,Beauty,2023-01-26,2,62.65,0.21,MX
ORD005428,365,Beauty,2024-02-10,8,172.32,0.19,BR
ORD005429,351,Sports,2023-11-28,4,54.25,0.24,CA
ORD005430,9,Electronics,2023-12-26,10,195.71,0.04,SE
ORD005431,287,Books,2023-04-08,3,172.19,0.35,BR
ORD005432,167,Automotive,2023-10-07,3,324.97,0.09,SG
ORD005433,276,Electronics,2024-12-07,2,430.47,0.18,ES
ORD005434,328,Beauty,2023-09-18,4,406.24,0.34,MX
ORD005435,177,Home & Garden,2024-08-01,5,368.03,0.29,JP
ORD005436,305,Automotive,2023-04-01,3,498.91,0.29,UK
ORD005437,378,Clothing,2023-03-31,5,27.53,0.32,IN
ORD005438,402,Home & Garden,2024-12-30,7,396.03,0.39,MX
ORD005439,77,Beauty,2024-04-18,4,70.36,0.02,FR
ORD005440,278,Home & Garden,2024-04-30,1,306.4,0.4,IT
ORD005441,223,Beauty,2023-11-07,8,406.7,0.37,FR
ORD005442,451,Books,2024-07-09,1,332.72,0.06,MX
ORD005443,194,Home & Garden,2024-11-08,7,62.58,0.12,SE
ORD005444,118,Toys,2023-03-01,3,96.81,0.26,FR
ORD005445,399,Books,2023-05-06,8,444.17,0.35,UK
ORD005446,197,Beauty,2024-09-24,6,455.87,0.22,SG
ORD005447,94,Toys,2023-02-27,9,374.74,0.21,MX
ORD005448,269,Beauty,2023-09-20,4,151.02,0.05,SE
ORD005449,494,Toys,2023-03-02,3,129.72,0.29,ES
ORD005450,149,Beauty,2023-10-25,1,41.6,0.2,UK
ORD005451,80,Sports,2023-11-23,10,237.12,0.04,DE
ORD005452,236,Home & Garden,2023-05-12,9,200.93,0.36,MX
ORD005453,221,Automotive,2023-03-01,7,127.05,0.09,DE
ORD005454,150,Home & Garden,2023-11-01,9,327.2,0.21,SE
ORD005455,304,Books,2024-01-11,8,108.29,0.33,FR
ORD005456,11,Beauty,2024-06-22,1,49.91,0.27,FR
ORD005457,212,Books,2024-06-13,10,219.56,0.09,BR
ORD005458,67,Electronics,2023-02-21,10,365.16,0.4,IN
ORD005459,438,Electronics,2023-11-16,9,96.86,0.04,DE
ORD005460,276,Toys,2024-09-07,7,296.38,0.32,NL
ORD005461,323,Clothing,2024-03-11,6,49.17,0.19,CA
ORD005462,301,Home & Garden,2024-09-16,5,138.72,0.03,JP
ORD005463,341,Home & Garden,2024-11-25,5,418.44,0.1,AU
ORD005464,341,Home & Garden,2023-09-02,3,78.53,0.03,ES
ORD005465,441,Beauty,2023-04-08,6,335.08,0.08,US
ORD005466,307,Beauty,2023-03-03,4,13.04,0.35,BR
ORD005467,65,Clothing,2023-04-03,9,277.18,0.12,US
ORD005468,186,Electronics,2024-05-13,1,125.74,0.24,FR
ORD005469,224,Sports,2023-03-29,1,115.9,0.08,US
ORD005470,453,Beauty,2024-11-26,9,255.1,0.1,JP
ORD005471,201,Books,2024-04-26,4,493.92,0.14,SE
ORD005472,434,Home & Garden,2024-11-28,6,121.74,0.38,AU
ORD005473,376,Beauty,2024-02-16,3,278.57,0.08,SE
ORD005474,196,Home & Garden,2023-05-28,3,193.27,0.26,FR
ORD005475,422,Toys,2023-05-03,5,349.26,0.15,BR
ORD005476,237,Automotive,2024-07-14,2,465.22,0.06,DE
ORD005477,225,Electronics,2023-01-01,7,214.61,0.22,US
ORD005478,66,Electronics,2024-09-30,2,454.87,0.15,DE
ORD005479,59,Clothing,2023-01-22,8,458.93,0.35,JP
ORD005480,276,Sports,2024-03-17,4,436.49,0.37,IT
ORD005481,381,Beauty,2023-10-11,1,128.47,0.23,SE
ORD005482,425,Electronics,2024-03-22,5,352.52,0.12,JP
ORD005483,392,Toys,2024-07-24,5,173.15,0.21,NL
ORD005484,226,Electronics,2023-03-23,1,99.52,0.35,IN
ORD005485,138,Electronics,2024-11-21,3,233.93,0.27,BR
ORD005486,204,Automotive,2024-03-10,3,243.76,0.03,SE
ORD005487,86,Books,2023-10-06,8,325.3,0.03,UK
ORD005488,262,Home & Garden,2024-12-15,8,164.64,0.06,SG
ORD005489,71,Books,2024-08-15,3,45.57,0.23,AU
ORD005490,379,Books,2023-04-29,10,149.06,0.07,UK
ORD005491,51,Home & Garden,2023-03-06,3,410.35,0.1,SG
ORD005492,205,Clothing,2024-11-04,6,432.63,0.21,DE
ORD005493,146,Electronics,2024-03-02,2,40.38,0.23,NL
ORD005494,313,Toys,2023-12-05,2,106.33,0.33,IN
ORD005495,359,Sports,2023-02-26,6,35.63,0.17,IT
ORD005496,196,Sports,2024-01-31,3,252.9,0.31,ES
ORD005497,143,Clothing,2023-07-18,1,91.5,0.03,CA
ORD005498,460,Toys,2023-05-21,10,390.45,0.22,JP
ORD005499,419,Toys,2023-10-13,7,412.02,0.17,DE
ORD005500,422,Home & Garden,2023-01-27,7,251.77,0.37,FR
ORD005501,168,Sports,2024-03-12,9,235.89,0.29,IN
ORD005502,22,Home & Garden,2024-03-29,8,270.95,0.28,US
ORD005503,353,Beauty,2024-05-22,2,124.5,0.36,FR
ORD005504,105,Automotive,2023-01-17,9,348.19,0.1,SE
ORD005505,106,Toys,2023-05-09,5,340.11,0.3,AU
ORD005506,399,Electronics,2024-07-17,9,76.58,0.35,SG
ORD005507,58,Automotive,2024-02-24,9,157.69,0.4,NL
ORD005508,418,Sports,2023-01-07,1,241.81,0.17,BR
ORD005509,121,Automotive,2024-06-17,9,456.25,0.27,DE
ORD005510,166,Toys,2023-11-01,1,86.37,0.08,ES
ORD005511,314,Sports,2023-07-12,8,41.86,0.22,FR
ORD005512,346,Books,2024-07-04,7,71.74,0.18,MX
ORD005513,333,Toys,2023-09-21,2,121.8,0.06,FR
ORD005514,254,Clothing,2023-11-28,10,307.49,0.37,JP
ORD005515,311,Books,2024-09-20,5,21.15,0.36,SE
ORD005516,190,Toys,2023-04-20,4,22.64,0.38,BR
ORD005517,212,Automotive,2024-02-17,10,445.31,0.07,UK
ORD005518,62,Sports,2023-03-17,6,64.87,0.01,FR
ORD005519,280,Beauty,2024-12-14,3,167.91,0.3,IN
ORD005520,173,Home & Garden,2023-08-16,9,184.13,0.11,UK
ORD005521,471,Clothing,2024-10-26,2,398.57,0.25,SE
ORD005522,482,Electronics,2023-09-25,7,456.57,0.21,UK
ORD005523,38,Books,2024-09-09,5,387.09,0.23,NL
ORD005524,320,Electronics,2024-07-12,9,253.65,0.2,ES
ORD005525,42,Toys,2023-06-19,2,273.4,0.0,MX
ORD005526,179,Electronics,2024-04-17,6,222.65,0.11,AU
ORD005527,247,Books,2023-06-20,5,490.23,0.37,IT
ORD005528,145,Automotive,2023-01-14,5,480.74,0.17,CA
ORD005529,401,Beauty,2023-08-08,7,381.89,0.13,IT
ORD005530,5,Beauty,2024-06-02,4,441.13,0.01,IN
ORD005531,440,Automotive,2023-05-11,4,280.13,0.15,UK
ORD005532,491,Sports,2024-04-03,4,284.06,0.09,ES
ORD005533,366,Electronics,2024-07-12,3,373.89,0.21,US
ORD005534,496,Clothing,2023-08-15,10,179.34,0.28,IN
ORD005535,111,Sports,2023-03-16,5,332.76,0.02,US
ORD005536,310,Clothing,2024-03-11,4,214.89,0.28,DE
ORD005537,380,Automotive,2023-04-06,8,461.37,0.01,JP
ORD005538,174,Home & Garden,2023-01-02,2,181.75,0.27,AU
ORD005539,109,Sports,2023-04-06,9,320.26,0.06,IT
ORD005540,193,Electronics,2023-07-14,1,15.69,0.14,MX
ORD005541,8,Clothing,2024-05-09,1,293.47,0.05,JP
ORD005542,263,Beauty,2023-08-31,3,389.12,0.22,ES
ORD005543,77,Beauty,2024-11-01,1,417.49,0.32,US
ORD005544,158,Sports,2024-06-25,5,439.46,0.22,FR
ORD005545,485,Clothing,2024-12-21,10,255.51,0.36,IT
ORD005546,35,Home & Garden,2024-04-30,2,295.75,0.01,SG
ORD005547,358,Home & Garden,2023-01-16,3,163.12,0.14,AU
ORD005548,123,Books,2023-04-19,2,477.03,0.15,JP
ORD005549,74,Automotive,2023-07-16,5,318.35,0.13,NL
ORD005550,275,Home & Garden,2024-05-28,5,132.53,0.17,BR
ORD005551,156,Automotive,2024-04-16,2,446.58,0.23,SG
ORD005552,342,Sports,2023-05-30,10,320.72,0.08,CA
ORD005553,442,Sports,2024-05-24,4,344.14,0.08,IN
ORD005554,360,Automotive,2023-07-23,3,68.44,0.06,NL
ORD005555,357,Clothing,2024-05-02,8,16.29,0.12,IN
ORD005556,317,Sports,2023-08-15,7,296.21,0.26,AU
ORD005557,122,Home & Garden,2023-06-03,1,89.09,0.21,AU
ORD005558,226,Clothing,2023-12-28,10,346.05,0.11,US
ORD005559,489,Clothing,2024-12-16,5,304.31,0.38,IN
ORD005560,265,Clothing,2024-04-17,9,167.12,0.25,AU
ORD005561,292,Toys,2023-09-14,7,221.37,0.11,MX
ORD005562,314,Toys,2024-01-14,8,415.68,0.02,SE
ORD005563,275,Beauty,2023-11-17,3,341.87,0.09,ES
ORD005564,58,Beauty,2023-01-23,3,159.13,0.2,SG
ORD005565,294,Sports,2024-05-07,9,253.8,0.08,AU
ORD005566,80,Books,2023-05-31,9,230.36,0.13,IN
ORD005567,367,Sports,2024-01-25,1,29.85,0.4,FR
ORD005568,449,Sports,2023-02-21,1,183.08,0.37,BR
ORD005569,132,Books,2024-07-30,5,66.26,0.2,UK
ORD005570,147,Automotive,2023-01-13,4,90.22,0.34,FR
ORD005571,12,Home & Garden,2023-08-23,9,172.58,0.11,IT
ORD005572,161,Home & Garden,2023-10-07,6,497.85,0.3,UK
ORD005573,326,Automotive,2024-07-17,2,299.88,0.36,IN
ORD005574,88,Home & Garden,2024-12-11,5,159.0,0.33,US
ORD005575,237,Automotive,2023-05-20,2,87.18,0.25,IT
ORD005576,404,Books,2023-04-12,8,194.44,0.33,AU
ORD005577,406,Toys,2024-03-29,7,141.95,0.0,AU
ORD005578,18,Automotive,2023-06-08,6,437.41,0.15,UK
ORD005579,464,Beauty,2023-01-18,4,266.1,0.31,MX
ORD005580,423,Clothing,2023-06-19,7,467.75,0.16,DE
ORD005581,306,Toys,2023-06-21,3,166.7,0.07,IN
ORD005582,402,Clothing,2024-02-07,3,69.57,0.31,CA
ORD005583,298,Toys,2023-11-25,6,427.22,0.24,SG
ORD005584,207,Toys,2023-09-01,2,321.81,0.21,ES
ORD005585,319,Beauty,2023-07-31,7,347.54,0.14,JP
ORD005586,445,Beauty,2023-07-15,9,82.42,0.04,NL
ORD005587,40,Clothing,2024-09-21,8,161.04,0.35,IT
ORD005588,367,Clothing,2023-12-03,2,34.72,0.08,CA
ORD005589,182,Automotive,2024-09-16,4,140.88,0.25,BR
ORD005590,426,Toys,2024-12-27,8,338.41,0.12,UK
ORD005591,329,Home & Garden,2023-12-28,6,404.99,0.09,NL
ORD005592,50,Home & Garden,2024-11-08,8,468.26,0.18,FR
ORD005593,264,Electronics,2023-05-08,10,176.95,0.29,IT
ORD005594,419,Automotive,2023-08-15,8,134.38,0.09,IN
ORD005595,393,Clothing,2024-04-26,10,426.23,0.04,IN
ORD005596,344,Toys,2023-06-23,4,183.57,0.19,US
ORD005597,60,Toys,2024-03-07,7,208.68,0.22,DE
ORD005598,498,Automotive,2024-10-18,4,113.45,0.26,NL
ORD005599,319,Toys,2024-12-11,6,32.14,0.18,IN
ORD005600,407,Automotive,2024-01-26,6,101.09,0.15,US
ORD005601,420,Sports,2024-06-21,8,96.99,0.06,SE
ORD005602,496,Sports,2024-03-16,7,372.56,0.12,NL
ORD005603,332,Sports,2023-11-03,10,321.82,0.1,ES
ORD005604,275,Automotive,2023-09-18,7,38.37,0.05,JP
ORD005605,39,Toys,2024-03-24,3,14.27,0.38,IN
ORD005606,68,Automotive,2023-09-10,6,239.68,0.07,BR
ORD005607,332,Toys,2024-06-30,4,286.2,0.23,AU
ORD005608,464,Sports,2023-04-03,6,337.61,0.16,DE
ORD005609,426,Clothing,2024-06-08,1,155.55,0.22,US
ORD005610,426,Toys,2024-01-09,10,283.61,0.23,IN
ORD005611,75,Clothing,2023-03-01,10,305.02,0.21,CA
ORD005612,225,Toys,2024-09-04,6,21.16,0.13,JP
ORD005613,310,Electronics,2024-02-06,9,495.48,0.14,MX
ORD005614,310,Home & Garden,2024-06-20,8,472.85,0.07,JP
ORD005615,244,Sports,2023-04-01,1,191.78,0.17,SE
ORD005616,470,Books,2023-04-24,2,299.18,0.14,CA
ORD005617,113,Books,2024-10-03,9,193.47,0.4,IT
ORD005618,419,Electronics,2023-12-07,2,420.43,0.04,SE
ORD005619,221,Automotive,2023-08-05,8,50.68,0.23,US
ORD005620,322,Electronics,2024-01-14,10,92.25,0.4,BR
ORD005621,212,Books,2023-09-29,9,365.01,0.37,CA
ORD005622,180,Automotive,2024-12-11,10,127.06,0.28,MX
ORD005623,286,Sports,2023-05-24,9,493.4,0.16,ES
ORD005624,268,Home & Garden,2024-01-22,1,418.62,0.29,BR
ORD005625,375,Books,2023-08-31,3,415.73,0.37,NL
ORD005626,37,Electronics,2023-05-01,10,88.85,0.22,US
ORD005627,49,Books,2024-05-12,3,104.68,0.14,UK
ORD005628,191,Sports,2023-04-10,1,406.86,0.01,NL
ORD005629,101,Books,2023-07-20,4,215.2,0.2,FR
ORD005630,359,Home & Garden,2023-12-22,1,374.01,0.04,IT
ORD005631,322,Sports,2023-11-06,7,314.95,0.13,CA
ORD005632,71,Home & Garden,2024-10-26,9,435.89,0.25,DE
ORD005633,62,Books,2024-04-20,7,399.87,0.11,SE
ORD005634,422,Beauty,2023-02-20,7,336.81,0.09,IN
ORD005635,329,Clothing,2023-04-15,5,319.69,0.24,BR
ORD005636,448,Sports,2024-03-03,8,400.27,0.03,SE
ORD005637,329,Clothing,2023-06-14,6,250.92,0.37,DE
ORD005638,202,Clothing,2023-05-23,4,263.91,0.39,IT
ORD005639,169,Sports,2024-12-21,5,470.84,0.4,BR
ORD005640,416,Electronics,2024-06-01,1,398.15,0.0,NL
ORD005641,495,Home & Garden,2023-08-09,4,441.38,0.0,IT
ORD005642,218,Books,2023-01-21,7,338.88,0.04,JP
ORD005643,237,Beauty,2024-08-03,9,191.37,0.37,AU
ORD005644,199,Clothing,2024-02-26,3,462.98,0.35,IT
ORD005645,481,Electronics,2023-08-16,6,130.45,0.01,SG
ORD005646,61,Electronics,2024-01-20,7,162.91,0.03,IT
ORD005647,90,Books,2024-10-16,8,117.93,0.12,NL
ORD005648,411,Electronics,2023-02-16,3,358.94,0.11,AU
ORD005649,468,Toys,2024-06-18,2,295.86,0.0,MX
ORD005650,138,Electronics,2024-09-21,9,289.54,0.03,NL
ORD005651,289,Toys,2024-01-15,3,352.53,0.27,AU
ORD005652,143,Clothing,2024-12-02,2,415.14,0.24,DE
ORD005653,495,Electronics,2023-06-19,5,134.92,0.14,US
ORD005654,35,Home & Garden,2024-06-10,4,382.81,0.1,IN
ORD005655,299,Clothing,2023-11-07,3,263.49,0.19,UK
ORD005656,296,Sports,2023-10-04,1,446.23,0.26,SE
ORD005657,466,Clothing,2024-04-09,7,25.69,0.12,NL
ORD005658,283,Automotive,2024-03-20,3,121.8,0.05,IT
ORD005659,175,Automotive,2023-09-26,8,94.8,0.37,SE
ORD005660,247,Books,2023-10-02,4,33.62,0.05,IN
ORD005661,317,Automotive,2023-12-17,3,336.21,0.34,UK
ORD005662,425,Automotive,2024-12-25,9,396.41,0.23,IT
ORD005663,17,Automotive,2024-08-05,1,265.81,0.19,UK
ORD005664,359,Books,2023-09-25,1,417.9,0.1,UK
ORD005665,292,Clothing,2023-09-23,7,321.36,0.28,IT
ORD005666,99,Toys,2024-10-16,1,324.8,0.2,CA
ORD005667,188,Toys,2024-07-22,10,121.0,0.04,BR
ORD005668,278,Home & Garden,2024-04-22,5,482.97,0.33,DE
ORD005669,413,Sports,2024-06-05,4,250.08,0.27,AU
ORD005670,421,Books,2023-02-11,4,481.71,0.31,JP
ORD005671,249,Beauty,2023-03-09,7,205.13,0.09,CA
ORD005672,350,Beauty,2023-08-19,4,228.62,0.13,SG
ORD005673,262,Clothing,2023-12-11,1,355.66,0.13,FR
ORD005674,342,Automotive,2024-06-03,1,402.78,0.06,BR
ORD005675,492,Electronics,2024-07-24,6,121.69,0.35,DE
ORD005676,44,Toys,2024-10-07,2,497.18,0.15,JP
ORD005677,446,Electronics,2023-07-17,6,25.29,0.12,FR
ORD005678,91,Clothing,2024-06-30,10,30.79,0.19,DE
ORD005679,466,Sports,2024-12-27,6,62.63,0.38,CA
ORD005680,207,Books,2023-06-01,8,284.59,0.15,NL
ORD005681,85,Automotive,2023-02-20,5,320.53,0.37,JP
ORD005682,24,Toys,2024-10-16,2,450.45,0.37,IN
ORD005683,441,Electronics,2023-04-09,5,227.83,0.13,SG
ORD005684,363,Books,2024-06-09,7,393.27,0.24,IT
ORD005685,214,Sports,2023-10-10,9,308.91,0.26,US
ORD005686,467,Clothing,2023-09-17,5,210.55,0.11,IN
ORD005687,427,Clothing,2024-11-17,1,289.37,0.4,ES
ORD005688,89,Electronics,2023-09-14,6,112.07,0.24,FR
ORD005689,255,Electronics,2023-10-25,4,383.16,0.29,UK
ORD005690,322,Automotive,2023-01-12,9,273.67,0.28,AU
ORD005691,334,Sports,2023-05-14,5,412.9,0.09,BR
ORD005692,253,Books,2023-09-21,7,187.3,0.24,AU
ORD005693,126,Books,2024-05-01,9,100.34,0.35,DE
ORD005694,118,Sports,2023-02-16,6,245.22,0.3,SE
ORD005695,98,Toys,2023-09-13,4,248.84,0.18,US
ORD005696,241,Books,2023-09-24,4,163.53,0.22,FR
ORD005697,279,Books,2024-07-31,1,304.56,0.26,UK
ORD005698,473,Home & Garden,2023-07-20,2,154.03,0.15,FR
ORD005699,72,Electronics,2024-10-13,2,298.79,0.13,FR
ORD005700,238,Clothing,2024-11-20,3,269.03,0.18,MX
ORD005701,313,Toys,2023-06-11,2,16.67,0.4,CA
ORD005702,216,Beauty,2023-10-03,7,335.43,0.28,MX
ORD005703,17,Toys,2024-06-19,7,208.46,0.05,DE
ORD005704,338,Automotive,2023-07-16,8,402.31,0.05,SG
ORD005705,100,Automotive,2024-08-25,6,364.42,0.05,CA
ORD005706,370,Toys,2024-12-11,4,396.58,0.35,JP
ORD005707,138,Toys,2024-04-05,3,136.07,0.06,CA
ORD005708,339,Books,2023-04-28,1,374.88,0.18,CA
ORD005709,85,Electronics,2023-01-02,2,331.29,0.26,SE
ORD005710,310,Books,2023-10-27,6,460.49,0.32,IN
ORD005711,60,Beauty,2023-06-15,10,327.98,0.13,ES
ORD005712,149,Toys,2024-07-18,4,61.53,0.09,ES
ORD005713,382,Sports,2023-12-09,6,272.2,0.04,DE
ORD005714,135,Sports,2024-04-06,3,322.21,0.03,DE
ORD005715,210,Electronics,2024-03-18,9,460.61,0.06,MX
ORD005716,217,Clothing,2023-01-27,1,145.1,0.27,FR
ORD005717,128,Beauty,2024-05-31,3,184.4,0.03,IN
ORD005718,290,Automotive,2024-08-25,10,412.78,0.26,SE
ORD005719,153,Beauty,2023-12-10,5,307.22,0.34,IN
ORD005720,264,Clothing,2024-02-29,8,226.13,0.21,AU
ORD005721,397,Automotive,2023-04-15,3,362.75,0.38,CA
ORD005722,377,Home & Garden,2024-04-25,9,20.77,0.19,IT
ORD005723,113,Home & Garden,2024-11-16,2,196.83,0.19,MX
ORD005724,344,Home & Garden,2024-06-03,5,210.96,0.06,IT
ORD005725,381,Beauty,2023-01-11,4,47.99,0.25,US
ORD005726,281,Toys,2023-08-14,10,482.63,0.3,DE
ORD005727,365,Toys,2024-11-27,1,489.35,0.08,AU
ORD005728,210,Electronics,2024-05-02,10,301.71,0.25,IT
ORD005729,34,Home & Garden,2023-08-26,9,171.05,0.17,ES
ORD005730,289,Clothing,2024-03-14,4,326.89,0.39,IN
ORD005731,454,Clothing,2023-04-30,5,463.95,0.03,SG
ORD005732,241,Toys,2024-11-05,8,437.58,0.16,BR
ORD005733,283,Home & Garden,2023-10-12,2,165.48,0.17,DE
ORD005734,337,Automotive,2023-05-21,3,357.51,0.19,SE
ORD005735,420,Clothing,2023-02-24,5,82.05,0.12,AU
ORD005736,246,Automotive,2023-01-26,9,338.44,0.11,CA
ORD005737,160,Books,2024-04-15,9,122.76,0.14,AU
ORD005738,316,Toys,2024-05-12,6,406.56,0.06,SE
ORD005739,345,Beauty,2024-04-25,10,350.49,0.05,BR
ORD005740,336,Clothing,2023-08-18,10,11.52,0.36,IN
ORD005741,302,Books,2024-08-01,1,283.42,0.2,JP
ORD005742,500,Books,2024-09-05,6,229.57,0.31,SG
ORD005743,136,Beauty,2024-03-16,10,469.67,0.14,NL
ORD005744,159,Automotive,2024-03-25,3,276.91,0.37,UK
ORD005745,426,Electronics,2023-05-21,4,61.3,0.32,MX
ORD005746,91,Beauty,2024-09-18,4,397.97,0.38,NL
ORD005747,407,Home & Garden,2023-03-03,8,439.7,0.31,NL
ORD005748,124,Toys,2024-08-08,5,279.87,0.29,CA
ORD005749,336,Toys,2023-11-02,8,438.47,0.24,IT
ORD005750,427,Toys,2023-03-13,4,159.66,0.32,BR
ORD005751,435,Beauty,2023-02-14,10,150.26,0.13,SG
ORD005752,303,Clothing,2024-12-22,3,443.31,0.03,BR
ORD005753,110,Electronics,2024-02-20,5,212.22,0.14,ES
ORD005754,170,Sports,2023-11-21,9,497.12,0.31,FR
ORD005755,356,Beauty,2024-11-06,8,468.08,0.04,UK
ORD005756,319,Clothing,2023-12-05,4,271.13,0.36,MX
ORD005757,145,Automotive,2024-09-10,7,393.49,0.21,IT
ORD005758,287,Electronics,2024-09-15,5,401.05,0.32,SE
ORD005759,470,Clothing,2024-07-01,4,181.98,0.2,US
ORD005760,29,Automotive,2023-03-11,3,233.96,0.34,JP
ORD005761,283,Electronics,2024-11-27,9,452.13,0.4,DE
ORD005762,277,Automotive,2024-04-02,9,257.0,0.32,DE
ORD005763,425,Clothing,2023-10-26,9,154.66,0.35,SG
ORD005764,129,Clothing,2024-07-13,4,69.17,0.33,ES
ORD005765,90,Clothing,2023-02-23,6,216.67,0.18,SG
ORD005766,222,Beauty,2023-05-11,1,228.2,0.14,MX
ORD005767,160,Clothing,2024-05-09,9,249.79,0.23,UK
ORD005768,445,Sports,2024-04-04,2,378.47,0.08,NL
ORD005769,382,Sports,2024-01-18,7,489.0,0.18,AU
ORD005770,197,Toys,2024-05-07,9,198.35,0.05,US
ORD005771,180,Books,2024-11-24,8,406.1,0.12,SG
ORD005772,7,Beauty,2023-04-06,9,317.18,0.28,SG
ORD005773,45,Toys,2023-09-08,7,425.8,0.03,UK
ORD005774,279,Toys,2023-08-03,10,216.25,0.37,FR
ORD005775,329,Sports,2024-11-13,7,235.57,0.02,SE
ORD005776,398,Home & Garden,2023-05-17,7,155.14,0.1,UK
ORD005777,56,Home & Garden,2023-09-26,1,351.94,0.38,SG
ORD005778,81,Beauty,2024-10-23,7,144.24,0.35,CA
ORD005779,278,Beauty,2024-05-04,1,208.18,0.04,SE
ORD005780,45,Clothing,2023-01-23,4,260.79,0.35,AU
ORD005781,419,Sports,2024-12-01,5,411.64,0.34,NL
ORD005782,222,Toys,2023-02-13,5,326.43,0.19,FR
ORD005783,292,Books,2024-01-16,8,271.2,0.35,BR
ORD005784,391,Clothing,2023-06-26,7,44.05,0.19,ES
ORD005785,251,Electronics,2024-04-06,1,39.81,0.06,SE
ORD005786,37,Clothing,2023-07-27,4,182.8,0.09,FR
ORD005787,115,Sports,2024-08-19,1,17.96,0.13,UK
ORD005788,174,Home & Garden,2024-02-17,9,117.17,0.14,BR
ORD005789,82,Toys,2023-08-17,3,475.72,0.3,UK
ORD005790,258,Beauty,2024-09-23,5,112.91,0.09,FR
ORD005791,10,Toys,2024-07-21,9,400.9,0.3,IT
ORD005792,73,Home & Garden,2023-12-26,8,331.53,0.22,FR
ORD005793,401,Beauty,2023-12-25,9,67.98,0.24,US
ORD005794,64,Automotive,2023-12-08,4,106.78,0.28,DE
ORD005795,16,Beauty,2024-01-30,3,20.81,0.32,MX
ORD005796,224,Toys,2024-09-18,5,20.92,0.15,US
ORD005797,430,Sports,2023-02-23,7,444.35,0.27,MX
ORD005798,122,Books,2023-10-11,9,489.94,0.02,FR
ORD005799,199,Books,2024-07-01,8,464.87,0.31,MX
ORD005800,381,Automotive,2024-12-04,9,181.29,0.31,SG
ORD005801,456,Beauty,2023-04-22,1,42.4,0.39,DE
ORD005802,150,Beauty,2023-02-01,9,383.46,0.07,CA
ORD005803,79,Home & Garden,2024-08-10,4,146.8,0.05,SE
ORD005804,124,Beauty,2024-12-09,2,102.1,0.37,AU
ORD005805,406,Clothing,2024-06-05,2,232.88,0.13,ES
ORD005806,169,Automotive,2024-02-09,4,45.86,0.24,BR
ORD005807,433,Automotive,2023-06-20,4,18.17,0.38,CA
ORD005808,247,Sports,2024-11-30,1,255.0,0.27,SG
ORD005809,209,Clothing,2024-06-11,3,316.69,0.11,BR
ORD005810,363,Beauty,2024-05-21,5,307.39,0.05,MX
ORD005811,492,Clothing,2024-10-05,1,18.46,0.14,AU
ORD005812,375,Electronics,2024-10-01,3,48.97,0.27,IT
ORD005813,106,Clothing,2023-02-28,10,97.73,0.38,ES
ORD005814,163,Home & Garden,2023-01-15,10,170.95,0.03,BR
ORD005815,56,Clothing,2023-06-12,6,365.89,0.17,JP
ORD005816,296,Toys,2024-10-26,5,18.43,0.32,IN
ORD005817,486,Books,2024-01-25,2,98.56,0.35,CA
ORD005818,158,Beauty,2024-04-17,10,373.59,0.34,BR
ORD005819,129,Sports,2023-09-10,3,198.13,0.31,NL
ORD005820,465,Toys,2023-11-07,2,230.53,0.07,SG
ORD005821,15,Clothing,2023-08-08,1,56.94,0.14,AU
ORD005822,106,Sports,2024-11-17,9,152.75,0.24,SE
ORD005823,197,Beauty,2023-10-28,4,173.73,0.05,SG
ORD005824,470,Sports,2024-09-02,5,479.16,0.16,JP
ORD005825,496,Home & Garden,2023-04-24,1,280.54,0.08,AU
ORD005826,447,Sports,2023-08-20,3,71.68,0.12,JP
ORD005827,421,Home & Garden,2023-05-13,3,375.89,0.32,BR
ORD005828,15,Electronics,2023-08-03,10,464.85,0.27,JP
ORD005829,49,Toys,2024-05-02,5,23.77,0.0,AU
ORD005830,447,Home & Garden,2023-04-14,3,264.2,0.37,SG
ORD005831,180,Electronics,2024-01-27,7,205.77,0.21,BR
ORD005832,81,Beauty,2023-01-03,3,313.06,0.26,US
ORD005833,269,Books,2024-12-18,9,58.99,0.25,SG
ORD005834,461,Beauty,2023-01-26,10,80.92,0.03,UK
ORD005835,399,Toys,2024-07-04,1,279.19,0.36,UK
ORD005836,210,Sports,2024-09-26,5,246.62,0.27,IN
ORD005837,97,Home & Garden,2024-12-28,3,351.11,0.1,NL
ORD005838,384,Automotive,2024-04-19,9,361.14,0.03,NL
ORD005839,46,Electronics,2024-03-18,2,412.32,0.4,SE
ORD005840,58,Clothing,2024-02-12,5,376.74,0.37,BR
ORD005841,367,Home & Garden,2024-07-12,4,473.35,0.29,IT
ORD005842,93,Electronics,2024-09-27,5,301.54,0.21,FR
ORD005843,11,Clothing,2024-01-21,2,387.15,0.24,JP
ORD005844,496,Electronics,2024-06-09,2,457.58,0.2,SG
ORD005845,258,Automotive,2024-12-03,3,241.51,0.34,BR
ORD005846,392,Electronics,2023-03-23,7,64.54,0.3,DE
ORD005847,354,Electronics,2024-03-06,10,420.44,0.03,IT
ORD005848,412,Beauty,2023-02-19,10,64.4,0.13,IT
ORD005849,334,Electronics,2023-11-15,7,170.86,0.29,SG
ORD005850,356,Books,2024-06-14,1,393.17,0.39,SE
ORD005851,256,Sports,2023-10-05,9,109.82,0.3,AU
ORD005852,81,Electronics,2023-03-15,10,111.31,0.2,NL
ORD005853,391,Clothing,2024-08-28,6,414.93,0.31,SE
ORD005854,242,Automotive,2023-06-28,6,174.12,0.29,SE
ORD005855,296,Beauty,2024-01-02,9,257.82,0.28,CA
ORD005856,152,Toys,2023-04-20,4,135.42,0.38,IN
ORD005857,412,Clothing,2024-12-23,4,186.36,0.25,IN
ORD005858,378,Automotive,2023-10-07,8,392.57,0.21,SE
ORD005859,291,Home & Garden,2024-08-22,3,431.58,0.3,IN
ORD005860,91,Home & Garden,2023-10-08,9,237.83,0.35,CA
ORD005861,217,Beauty,2023-09-13,6,253.36,0.25,DE
ORD005862,130,Toys,2023-06-25,4,342.55,0.01,BR
ORD005863,299,Electronics,2023-10-23,10,145.93,0.03,DE
ORD005864,35,Sports,2024-09-30,2,379.81,0.33,US
ORD005865,213,Automotive,2024-04-28,9,473.19,0.2,NL
ORD005866,491,Toys,2023-02-08,6,90.64,0.4,DE
ORD005867,105,Beauty,2024-01-30,3,187.2,0.09,SG
ORD005868,247,Toys,2023-12-30,7,71.51,0.28,JP
ORD005869,236,Books,2024-05-16,10,60.22,0.17,SG
ORD005870,434,Clothing,2024-07-05,2,297.15,0.01,JP
ORD005871,475,Home & Garden,2024-02-17,6,144.13,0.15,FR
ORD005872,418,Books,2024-10-01,8,134.98,0.08,JP
ORD005873,294,Clothing,2024-04-13,5,200.82,0.22,CA
ORD005874,211,Toys,2023-09-04,3,347.4,0.35,CA
ORD005875,365,Home & Garden,2023-10-02,3,151.52,0.4,UK
ORD005876,26,Toys,2024-09-18,5,268.22,0.22,BR
ORD005877,329,Books,2023-07-09,7,404.48,0.37,IT
ORD005878,157,Clothing,2023-04-15,6,41.27,0.35,MX
ORD005879,231,Books,2024-07-03,6,96.0,0.08,US
ORD005880,325,Electronics,2023-11-09,4,266.91,0.01,UK
ORD005881,204,Beauty,2023-06-15,9,141.49,0.34,IT
ORD005882,149,Toys,2024-08-28,5,470.72,0.23,BR
ORD005883,100,Beauty,2023-05-16,10,40.92,0.31,FR
ORD005884,202,Toys,2024-06-18,4,168.51,0.26,BR
ORD005885,8,Books,2023-09-06,8,8.62,0.09,IT
ORD005886,431,Automotive,2024-06-04,6,8.69,0.18,FR
ORD005887,432,Electronics,2024-07-18,2,39.49,0.14,DE
ORD005888,340,Toys,2023-04-25,1,208.14,0.28,UK
ORD005889,139,Electronics,2024-08-25,2,170.77,0.02,SE
ORD005890,383,Toys,2024-03-27,5,215.03,0.18,FR
ORD005891,296,Automotive,2024-09-19,6,186.67,0.1,UK
ORD005892,133,Sports,2023-01-23,7,43.06,0.28,AU
ORD005893,232,Electronics,2024-07-06,2,305.33,0.19,US
ORD005894,41,Electronics,2024-12-20,2,168.16,0.28,DE
ORD005895,55,Toys,2024-05-28,7,270.82,0.32,UK
ORD005896,189,Home & Garden,2024-10-31,6,401.76,0.31,MX
ORD005897,18,Electronics,2023-10-30,2,455.85,0.37,FR
ORD005898,435,Sports,2024-05-27,6,437.26,0.04,DE
ORD005899,471,Beauty,2024-02-19,3,186.88,0.03,IT
ORD005900,165,Toys,2023-09-02,4,93.17,0.09,BR
ORD005901,181,Books,2024-03-30,1,282.35,0.18,IN
ORD005902,385,Automotive,2023-09-21,1,436.78,0.2,US
ORD005903,158,Books,2024-11-24,9,404.02,0.36,IN
ORD005904,393,Automotive,2024-08-05,10,231.54,0.4,DE
ORD005905,43,Electronics,2024-09-27,6,388.82,0.14,BR
ORD005906,267,Electronics,2024-04-09,1,97.62,0.38,UK
ORD005907,2,Automotive,2024-09-05,4,18.58,0.1,IT
ORD005908,364,Clothing,2023-09-25,4,457.24,0.07,IN
ORD005909,362,Home & Garden,2024-04-27,4,475.02,0.28,IT
ORD005910,231,Toys,2023-09-01,2,364.79,0.15,IN
ORD005911,444,Clothing,2024-03-09,2,172.65,0.32,IN
ORD005912,333,Clothing,2023-02-22,10,47.43,0.36,SG
ORD005913,128,Clothing,2024-08-01,9,23.19,0.23,UK
ORD005914,296,Toys,2023-11-04,1,18.0,0.35,BR
ORD005915,224,Toys,2024-12-19,4,150.95,0.13,UK
ORD005916,350,Toys,2024-09-18,2,139.13,0.03,UK
ORD005917,311,Clothing,2024-03-24,1,133.51,0.22,FR
ORD005918,390,Automotive,2023-07-14,7,443.49,0.39,UK
ORD005919,84,Home & Garden,2024-04-04,4,91.67,0.25,DE
ORD005920,12,Books,2024-07-06,6,64.31,0.29,ES
ORD005921,186,Clothing,2023-12-11,3,205.87,0.36,AU
ORD005922,37,Home & Garden,2024-03-08,8,391.14,0.31,ES
ORD005923,245,Home & Garden,2024-10-01,5,239.35,0.24,SG
ORD005924,180,Beauty,2023-04-11,2,334.91,0.32,FR
ORD005925,323,Beauty,2023-12-31,9,328.29,0.13,CA
ORD005926,339,Toys,2024-09-24,3,81.46,0.23,FR
ORD005927,491,Electronics,2023-10-13,8,372.06,0.35,SG
ORD005928,6,Home & Garden,2024-10-07,7,65.53,0.17,US
ORD005929,249,Clothing,2024-02-12,3,358.1,0.33,MX
ORD005930,400,Sports,2023-10-20,3,462.16,0.29,FR
ORD005931,129,Automotive,2024-12-24,4,63.19,0.13,US
ORD005932,432,Automotive,2023-04-29,9,68.45,0.26,JP
ORD005933,327,Toys,2023-09-11,5,494.12,0.18,ES
ORD005934,248,Clothing,2023-06-10,8,485.89,0.14,SE
ORD005935,58,Automotive,2024-12-18,2,246.49,0.28,IT
ORD005936,285,Toys,2023-04-20,1,80.26,0.06,US
ORD005937,3,Electronics,2023-03-29,3,321.31,0.26,IT
ORD005938,156,Electronics,2023-07-12,2,266.18,0.06,UK
ORD005939,189,Automotive,2024-03-20,4,198.1,0.2,DE
ORD005940,43,Electronics,2023-07-13,3,367.09,0.3,UK
ORD005941,35,Beauty,2023-08-27,2,124.03,0.27,US
ORD005942,445,Electronics,2024-01-25,10,390.38,0.15,SE
ORD005943,239,Clothing,2024-04-09,3,326.94,0.18,NL
ORD005944,47,Electronics,2024-02-28,1,63.46,0.1,NL
ORD005945,164,Home & Garden,2024-03-24,5,217.04,0.17,ES
ORD005946,298,Beauty,2024-05-04,8,261.86,0.36,JP
ORD005947,448,Home & Garden,2024-10-02,9,242.29,0.34,BR
ORD005948,224,Books,2024-05-07,4,237.4,0.04,MX
ORD005949,90,Beauty,2024-06-10,7,396.69,0.07,ES
ORD005950,242,Sports,2023-10-17,2,273.21,0.01,UK
ORD005951,347,Toys,2024-11-20,1,116.84,0.17,BR
ORD005952,65,Toys,2024-08-13,8,295.53,0.33,CA
ORD005953,316,Toys,2024-03-01,6,150.13,0.23,BR
ORD005954,173,Clothing,2023-11-24,1,102.47,0.09,FR
ORD005955,498,Automotive,2023-01-14,3,497.36,0.16,SG
ORD005956,220,Toys,2024-12-21,4,318.65,0.04,US
ORD005957,285,Books,2023-04-14,1,169.47,0.15,DE
ORD005958,354,Toys,2024-01-07,4,140.0,0.15,SE
ORD005959,404,Electronics,2023-09-07,6,210.63,0.11,CA
ORD005960,28,Beauty,2023-08-27,1,387.97,0.08,JP
ORD005961,176,Home & Garden,2023-11-03,2,382.96,0.09,UK
ORD005962,6,Electronics,2024-02-22,6,284.12,0.06,MX
ORD005963,37,Automotive,2023-01-08,7,411.43,0.05,FR
ORD005964,239,Home & Garden,2023-04-23,7,266.97,0.39,ES
ORD005965,203,Toys,2024-03-23,3,399.56,0.26,NL
ORD005966,362,Beauty,2024-06-23,2,402.0,0.26,IN
ORD005967,337,Electronics,2024-05-07,3,283.92,0.16,IT
ORD005968,462,Home & Garden,2024-12-24,6,96.45,0.07,AU
ORD005969,128,Automotive,2023-02-04,6,369.03,0.2,BR
ORD005970,274,Sports,2024-01-12,10,417.9,0.15,US
ORD005971,70,Sports,2023-11-02,6,268.53,0.1,FR
ORD005972,213,Automotive,2023-05-26,8,355.81,0.3,JP
ORD005973,53,Home & Garden,2024-10-12,9,247.48,0.09,JP
ORD005974,458,Home & Garden,2023-04-15,5,9.2,0.29,CA
ORD005975,265,Home & Garden,2024-01-04,2,391.89,0.05,BR
ORD005976,37,Automotive,2023-05-21,3,229.13,0.2,FR
ORD005977,168,Sports,2023-11-15,10,482.24,0.27,UK
ORD005978,386,Toys,2024-07-31,3,20.08,0.28,SE
ORD005979,382,Automotive,2024-05-26,4,435.11,0.39,UK
ORD005980,374,Clothing,2024-05-26,4,73.55,0.18,DE
ORD005981,320,Books,2023-06-07,10,45.7,0.15,DE
ORD005982,493,Sports,2023-01-17,2,206.34,0.3,SG
ORD005983,469,Toys,2024-06-09,2,95.65,0.03,ES
ORD005984,201,Clothing,2023-03-19,7,329.86,0.2,NL
ORD005985,491,Electronics,2023-10-12,10,305.53,0.35,BR
ORD005986,343,Home & Garden,2024-09-08,7,419.21,0.11,NL
ORD005987,1,Home & Garden,2023-10-26,10,425.97,0.2,MX
ORD005988,373,Books,2023-12-06,6,150.42,0.06,ES
ORD005989,118,Automotive,2024-11-30,3,387.69,0.38,UK
ORD005990,430,Clothing,2024-10-25,2,470.67,0.34,FR
ORD005991,121,Beauty,2023-03-08,3,164.35,0.31,CA
ORD005992,240,Automotive,2024-09-24,9,182.89,0.06,MX
ORD005993,440,Automotive,2023-12-28,7,81.48,0.2,FR
ORD005994,393,Beauty,2024-08-05,9,497.95,0.09,UK
ORD005995,67,Clothing,2023-09-15,2,477.14,0.37,ES
ORD005996,488,Toys,2024-11-29,3,356.14,0.37,AU
ORD005997,209,Home & Garden,2024-08-04,3,17.73,0.29,DE
ORD005998,266,Automotive,2023-11-25,8,259.4,0.26,SE
ORD005999,27,Sports,2023-09-21,10,437.13,0.1,CA
ORD006000,15,Clothing,2023-06-04,7,49.95,0.03,IT
ORD006001,240,Electronics,2023-07-21,8,213.59,0.34,IT
ORD006002,179,Toys,2023-11-19,9,51.85,0.1,NL
ORD006003,20,Sports,2023-09-16,8,448.49,0.11,MX
ORD006004,44,Books,2024-04-15,3,319.54,0.1,BR
ORD006005,363,Home & Garden,2024-04-08,9,312.36,0.14,SE
ORD006006,295,Beauty,2023-05-22,10,162.47,0.13,US
ORD006007,260,Electronics,2023-07-10,7,207.44,0.1,NL
ORD006008,284,Clothing,2023-02-02,2,379.85,0.05,SE
ORD006009,500,Electronics,2023-10-07,8,49.93,0.31,NL
ORD006010,231,Sports,2023-12-12,6,350.42,0.38,IT
ORD006011,494,Home & Garden,2023-03-18,8,251.48,0.06,ES
ORD006012,150,Beauty,2023-03-04,1,212.02,0.23,NL
ORD006013,393,Electronics,2023-07-15,4,318.9,0.18,DE
ORD006014,315,Home & Garden,2023-12-25,6,14.65,0.18,MX
ORD006015,147,Home & Garden,2024-12-18,2,268.45,0.3,BR
ORD006016,59,Beauty,2024-10-30,6,286.31,0.3,ES
ORD006017,57,Automotive,2023-10-18,7,61.22,0.03,UK
ORD006018,328,Clothing,2024-02-10,6,63.83,0.36,UK
ORD006019,79,Home & Garden,2024-02-13,8,196.16,0.01,JP
ORD006020,311,Sports,2023-09-08,5,461.5,0.18,UK
ORD006021,346,Sports,2024-09-17,3,307.15,0.04,ES
ORD006022,370,Clothing,2023-08-01,2,282.23,0.27,FR
ORD006023,68,Home & Garden,2023-11-08,2,487.14,0.17,JP
ORD006024,62,Toys,2024-10-24,4,272.18,0.06,US
ORD006025,142,Electronics,2023-09-10,10,18.89,0.14,AU
ORD006026,244,Toys,2024-01-09,8,419.36,0.1,IT
ORD006027,47,Beauty,2024-09-27,2,478.58,0.26,SG
ORD006028,246,Automotive,2023-08-28,7,485.39,0.27,MX
ORD006029,26,Toys,2024-12-03,6,110.37,0.22,CA
ORD006030,71,Books,2023-05-29,3,274.38,0.31,BR
ORD006031,195,Home & Garden,2024-05-14,8,206.75,0.01,DE
ORD006032,287,Beauty,2023-02-13,1,223.86,0.26,JP
ORD006033,208,Clothing,2024-01-28,1,164.65,0.26,JP
ORD006034,354,Toys,2023-04-27,7,19.7,0.18,UK
ORD006035,97,Toys,2024-04-03,6,105.35,0.34,IN
ORD006036,49,Electronics,2024-03-26,6,49.54,0.03,ES
ORD006037,461,Books,2023-11-01,7,245.99,0.3,AU
ORD006038,218,Books,2024-11-06,10,96.21,0.13,UK
ORD006039,304,Home & Garden,2024-10-12,1,253.77,0.01,CA
ORD006040,359,Toys,2024-06-20,8,104.86,0.01,ES
ORD006041,146,Books,2024-06-09,5,342.71,0.1,SG
ORD006042,33,Electronics,2023-02-19,3,460.03,0.23,SE
ORD006043,418,Home & Garden,2023-08-25,5,294.11,0.25,AU
ORD006044,342,Automotive,2023-05-29,6,57.31,0.05,JP
ORD006045,277,Automotive,2023-10-11,6,83.89,0.12,BR
ORD006046,434,Home & Garden,2023-03-21,3,410.11,0.04,IT
ORD006047,223,Books,2023-08-21,1,211.54,0.33,UK
ORD006048,25,Books,2024-02-21,7,342.62,0.34,JP
ORD006049,376,Home & Garden,2023-05-02,9,340.3,0.08,IN
ORD006050,403,Books,2023-03-19,10,111.27,0.36,FR
ORD006051,184,Sports,2024-05-30,9,150.53,0.03,JP
ORD006052,100,Sports,2023-06-30,3,361.51,0.22,US
ORD006053,402,Books,2023-12-16,9,11.87,0.29,AU
ORD006054,29,Toys,2024-09-04,7,247.89,0.16,IT
ORD006055,3,Automotive,2023-10-04,6,72.5,0.04,US
ORD006056,418,Toys,2023-03-13,3,258.55,0.31,UK
ORD006057,124,Electronics,2024-07-27,8,247.13,0.31,JP
ORD006058,394,Home & Garden,2024-06-23,2,279.5,0.13,JP
ORD006059,266,Electronics,2024-03-21,9,180.3,0.01,US
ORD006060,467,Books,2024-01-28,10,119.24,0.37,FR
ORD006061,419,Toys,2024-07-03,10,238.23,0.03,FR
ORD006062,242,Automotive,2023-09-15,9,236.22,0.1,US
ORD006063,372,Sports,2023-08-29,9,236.63,0.17,SG
ORD006064,82,Clothing,2024-04-03,8,269.61,0.18,NL
ORD006065,468,Books,2023-05-02,2,244.8,0.21,AU
ORD006066,459,Sports,2024-04-07,4,174.7,0.08,IN
ORD006067,131,Electronics,2024-09-24,2,147.39,0.16,IN
ORD006068,261,Clothing,2024-01-12,4,368.63,0.37,US
ORD006069,462,Clothing,2023-03-02,6,274.34,0.35,JP
ORD006070,164,Automotive,2024-04-28,9,60.2,0.04,CA
ORD006071,58,Clothing,2024-09-26,8,108.12,0.31,SE
ORD006072,491,Home & Garden,2023-05-24,9,236.72,0.22,BR
ORD006073,100,Home & Garden,2024-03-22,9,21.72,0.01,FR
ORD006074,79,Toys,2023-05-24,9,68.17,0.32,MX
ORD006075,234,Sports,2024-08-21,1,73.16,0.06,SG
ORD006076,232,Books,2023-07-04,10,434.89,0.1,SE
ORD006077,106,Sports,2024-04-04,5,194.44,0.03,ES
ORD006078,441,Beauty,2024-03-06,3,431.59,0.31,JP
ORD006079,16,Toys,2023-10-01,5,186.8,0.28,UK
ORD006080,461,Books,2024-10-19,6,355.27,0.33,CA
ORD006081,320,Electronics,2024-10-19,7,263.86,0.2,ES
ORD006082,132,Toys,2023-09-06,5,119.08,0.17,FR
ORD006083,204,Sports,2023-09-12,6,451.75,0.22,IT
ORD006084,41,Electronics,2024-04-23,5,438.66,0.0,ES
ORD006085,462,Electronics,2023-07-27,9,375.68,0.31,MX
ORD006086,353,Clothing,2023-08-10,2,333.98,0.33,AU
ORD006087,492,Toys,2023-01-16,8,224.89,0.02,AU
ORD006088,22,Books,2023-03-10,6,71.76,0.36,ES
ORD006089,463,Books,2024-04-25,5,213.69,0.16,ES
ORD006090,417,Automotive,2023-08-23,4,364.4,0.09,UK
ORD006091,259,Sports,2023-03-01,3,242.96,0.02,NL
ORD006092,309,Electronics,2024-11-10,3,491.44,0.39,MX
ORD006093,155,Home & Garden,2023-08-04,7,316.94,0.27,UK
ORD006094,255,Books,2023-06-02,2,85.69,0.25,UK
ORD006095,478,Beauty,2024-01-17,3,44.64,0.06,AU
ORD006096,407,Sports,2024-08-29,5,112.14,0.32,NL
ORD006097,187,Electronics,2024-09-29,7,273.1,0.24,BR
ORD006098,276,Books,2023-08-11,5,483.61,0.14,BR
ORD006099,190,Sports,2024-06-25,2,494.13,0.25,SG
ORD006100,175,Books,2024-01-17,8,383.17,0.06,US
ORD006101,318,Books,2024-03-10,3,125.64,0.17,JP
ORD006102,209,Automotive,2023-11-18,10,496.39,0.06,DE
ORD006103,318,Electronics,2023-05-10,5,469.67,0.05,CA
ORD006104,486,Books,2024-08-21,9,327.95,0.4,US
ORD006105,53,Sports,2024-02-02,6,13.77,0.11,UK
ORD006106,202,Beauty,2023-10-21,3,129.49,0.0,SE
ORD006107,96,Beauty,2024-05-07,10,245.92,0.09,MX
ORD006108,34,Clothing,2023-11-07,4,153.04,0.15,SG
ORD006109,1,Sports,2024-09-11,7,308.71,0.01,NL
ORD006110,187,Toys,2023-04-10,8,287.82,0.25,AU
ORD006111,50,Electronics,2023-01-22,5,491.45,0.21,SG
ORD006112,360,Sports,2024-02-20,9,221.99,0.14,US
ORD006113,172,Toys,2023-07-07,9,20.56,0.36,MX
ORD006114,110,Clothing,2023-03-28,3,30.79,0.1,US
ORD006115,475,Toys,2023-01-23,2,84.11,0.04,MX
ORD006116,314,Home & Garden,2024-07-16,1,130.07,0.04,IT
ORD006117,400,Electronics,2024-12-01,1,337.0,0.32,BR
ORD006118,385,Home & Garden,2024-03-25,6,340.79,0.14,CA
ORD006119,114,Home & Garden,2024-07-18,3,422.46,0.36,ES
ORD006120,315,Toys,2024-09-04,5,8.37,0.03,IT
ORD006121,59,Books,2024-08-10,6,341.12,0.22,JP
ORD006122,267,Beauty,2023-08-27,3,283.33,0.12,IN
ORD006123,500,Toys,2023-01-02,7,132.77,0.38,CA
ORD006124,106,Toys,2024-04-03,4,301.79,0.19,IN
ORD006125,361,Books,2024-11-22,9,78.37,0.11,AU
ORD006126,27,Electronics,2024-10-09,2,16.14,0.01,IT
ORD006127,262,Clothing,2023-01-04,7,239.86,0.2,IT
ORD006128,63,Books,2024-10-22,4,320.96,0.06,SE
ORD006129,490,Sports,2023-01-08,2,278.26,0.03,NL
ORD006130,224,Automotive,2024-01-23,2,396.05,0.06,JP
ORD006131,478,Beauty,2024-09-14,8,122.37,0.21,MX
ORD006132,452,Automotive,2023-10-31,9,175.0,0.1,SG
ORD006133,58,Home & Garden,2024-05-14,1,296.77,0.17,IT
ORD006134,253,Electronics,2023-06-19,3,197.53,0.21,DE
ORD006135,319,Automotive,2024-12-09,8,389.45,0.02,US
ORD006136,216,Automotive,2023-02-02,8,12.11,0.22,MX
ORD006137,345,Toys,2024-04-06,6,386.38,0.18,SG
ORD006138,223,Home & Garden,2023-01-26,1,407.79,0.22,ES
ORD006139,432,Electronics,2023-01-31,5,352.17,0.28,DE
ORD006140,316,Beauty,2023-07-17,5,277.51,0.28,US
ORD006141,250,Automotive,2023-01-12,8,126.72,0.28,FR
ORD006142,428,Home & Garden,2023-06-01,9,78.14,0.03,IT
ORD006143,340,Toys,2023-04-23,1,446.74,0.36,FR
ORD006144,136,Electronics,2024-10-27,10,499.83,0.32,AU
ORD006145,178,Clothing,2023-01-31,5,87.46,0.35,CA
ORD006146,47,Sports,2024-03-22,7,194.78,0.07,ES
ORD006147,201,Books,2024-05-04,10,119.02,0.23,DE
ORD006148,284,Electronics,2024-08-22,7,107.26,0.37,AU
ORD006149,282,Home & Garden,2023-09-26,1,353.32,0.37,US
ORD006150,396,Toys,2023-05-13,3,468.29,0.15,FR
ORD006151,108,Electronics,2023-03-30,9,202.78,0.34,SG
ORD006152,198,Books,2023-04-15,2,421.34,0.19,DE
ORD006153,397,Automotive,2024-01-18,7,437.96,0.03,IN
ORD006154,366,Electronics,2024-03-11,5,345.88,0.39,FR
ORD006155,249,Electronics,2024-07-29,10,390.85,0.12,DE
ORD006156,395,Automotive,2024-08-10,10,50.27,0.12,FR
ORD006157,426,Clothing,2024-09-07,1,396.8,0.36,IN
ORD006158,214,Sports,2023-04-27,10,79.95,0.3,US
ORD006159,394,Sports,2024-06-28,9,363.82,0.15,BR
ORD006160,113,Sports,2023-02-23,10,478.18,0.32,IN
ORD006161,282,Beauty,2024-10-04,6,146.58,0.01,ES
ORD006162,125,Toys,2024-01-19,10,243.16,0.23,MX
ORD006163,344,Automotive,2024-04-13,3,238.88,0.11,JP
ORD006164,184,Toys,2024-03-28,2,99.65,0.22,IN
ORD006165,425,Electronics,2024-02-12,5,15.31,0.13,MX
ORD006166,457,Sports,2024-01-18,3,382.88,0.29,IT
ORD006167,170,Electronics,2024-11-04,10,446.14,0.25,DE
ORD006168,18,Home & Garden,2023-09-12,7,138.55,0.29,AU
ORD006169,365,Toys,2024-07-22,5,338.16,0.28,NL
ORD006170,457,Automotive,2023-09-22,1,308.35,0.3,MX
ORD006171,462,Books,2023-02-03,2,166.31,0.39,NL
ORD006172,116,Electronics,2023-10-03,7,140.95,0.18,DE
ORD006173,16,Clothing,2023-04-21,1,435.9,0.3,UK
ORD006174,39,Home & Garden,2023-11-18,8,202.32,0.09,IT
ORD006175,250,Electronics,2023-03-01,1,498.55,0.38,AU
ORD006176,136,Books,2024-07-27,4,416.94,0.34,IN
ORD006177,73,Automotive,2024-03-07,3,418.17,0.04,NL
ORD006178,100,Books,2023-01-28,3,113.55,0.32,DE
ORD006179,193,Toys,2024-04-16,6,210.92,0.23,CA
ORD006180,27,Clothing,2024-11-27,4,66.22,0.16,FR
ORD006181,415,Books,2023-02-16,4,191.9,0.04,UK
ORD006182,478,Home & Garden,2023-09-18,3,498.99,0.25,SE
ORD006183,100,Sports,2024-10-15,9,318.38,0.21,US
ORD006184,288,Sports,2023-01-25,3,171.78,0.33,ES
ORD006185,18,Automotive,2024-11-01,8,150.28,0.16,DE
ORD006186,43,Automotive,2024-12-22,10,111.56,0.21,CA
ORD006187,143,Automotive,2023-10-12,5,60.58,0.17,FR
ORD006188,424,Beauty,2023-12-06,4,89.68,0.03,UK
ORD006189,390,Sports,2024-12-22,3,186.96,0.18,ES
ORD006190,356,Toys,2023-02-13,3,217.71,0.38,UK
ORD006191,54,Automotive,2023-08-21,5,194.81,0.01,US
ORD006192,109,Toys,2023-02-16,7,81.26,0.29,AU
ORD006193,294,Beauty,2024-06-28,7,144.33,0.17,BR
ORD006194,185,Toys,2024-04-20,2,225.41,0.07,DE
ORD006195,372,Sports,2024-09-22,1,47.54,0.27,SE
ORD006196,277,Home & Garden,2023-05-19,8,30.78,0.15,FR
ORD006197,286,Home & Garden,2024-02-02,9,398.2,0.4,SG
ORD006198,288,Home & Garden,2024-06-04,1,104.68,0.21,FR
ORD006199,468,Automotive,2023-07-25,7,155.78,0.17,MX
ORD006200,278,Clothing,2024-10-11,5,55.5,0.39,UK
ORD006201,379,Clothing,2023-05-25,10,97.17,0.11,AU
ORD006202,243,Home & Garden,2023-03-28,9,419.23,0.39,NL
ORD006203,45,Sports,2023-07-25,7,462.46,0.31,CA
ORD006204,271,Clothing,2024-08-05,4,209.57,0.22,FR
ORD006205,428,Clothing,2024-06-05,4,111.06,0.15,JP
ORD006206,381,Books,2024-10-12,5,349.33,0.03,CA
ORD006207,274,Clothing,2024-03-26,5,106.75,0.38,NL
ORD006208,479,Beauty,2024-11-01,1,342.42,0.25,CA
ORD006209,484,Electronics,2024-02-01,1,344.77,0.21,FR
ORD006210,472,Beauty,2024-11-01,7,401.12,0.26,AU
ORD006211,493,Books,2024-09-27,1,131.63,0.36,DE
ORD006212,167,Toys,2023-12-12,5,164.39,0.12,BR
ORD006213,82,Beauty,2023-01-05,2,130.41,0.21,DE
ORD006214,222,Books,2024-12-20,5,321.79,0.33,CA
ORD006215,125,Clothing,2023-12-29,4,488.15,0.35,JP
ORD006216,81,Beauty,2024-06-24,1,213.45,0.28,CA
ORD006217,327,Beauty,2023-11-27,3,172.3,0.24,AU
ORD006218,56,Sports,2023-09-22,1,292.54,0.16,FR
ORD006219,28,Automotive,2023-09-19,5,180.65,0.1,SE
ORD006220,93,Toys,2023-09-17,1,61.24,0.26,BR
ORD006221,201,Sports,2024-02-27,5,250.54,0.29,IN
ORD006222,330,Beauty,2024-08-12,1,295.48,0.19,FR
ORD006223,495,Beauty,2024-02-20,4,219.6,0.38,IT
ORD006224,313,Toys,2024-01-19,4,383.76,0.06,BR
ORD006225,263,Toys,2023-08-12,6,340.81,0.21,NL
ORD006226,148,Beauty,2023-12-04,5,233.01,0.27,US
ORD006227,166,Home & Garden,2023-05-12,10,474.98,0.38,NL
ORD006228,310,Sports,2024-06-27,9,295.94,0.1,ES
ORD006229,93,Books,2024-07-25,6,183.83,0.1,DE
ORD006230,40,Books,2023-06-24,1,191.25,0.19,JP
ORD006231,376,Toys,2024-02-18,9,16.77,0.28,IT
ORD006232,492,Beauty,2023-07-27,7,337.76,0.13,MX
ORD006233,466,Clothing,2024-12-14,8,374.06,0.2,MX
ORD006234,337,Automotive,2023-08-07,10,116.16,0.05,DE
ORD006235,463,Books,2024-09-22,5,385.55,0.37,IN
ORD006236,379,Toys,2024-05-26,5,340.7,0.08,NL
ORD006237,33,Clothing,2024-12-05,3,32.93,0.1,NL
ORD006238,196,Beauty,2024-06-09,1,137.24,0.17,UK
ORD006239,38,Sports,2024-03-20,1,499.96,0.06,AU
ORD006240,130,Sports,2023-12-03,8,9.92,0.38,NL
ORD006241,496,Clothing,2023-12-10,1,460.6,0.26,US
ORD006242,413,Sports,2023-01-01,9,409.74,0.26,BR
ORD006243,477,Beauty,2024-12-28,3,365.4,0.08,US
ORD006244,241,Books,2024-02-19,6,280.94,0.14,SG
ORD006245,110,Home & Garden,2024-03-04,9,131.39,0.08,MX
ORD006246,190,Sports,2023-05-12,2,86.79,0.03,NL
ORD006247,99,Toys,2023-11-12,2,34.24,0.17,IN
ORD006248,483,Toys,2023-06-09,4,283.38,0.18,US
ORD006249,295,Home & Garden,2023-06-09,9,440.91,0.27,ES
ORD006250,25,Home & Garden,2024-02-04,3,81.31,0.18,SG
ORD006251,159,Beauty,2023-06-25,5,124.47,0.4,SE
ORD006252,249,Electronics,2024-05-01,7,79.59,0.19,DE
ORD006253,360,Automotive,2023-10-02,7,313.71,0.18,MX
ORD006254,449,Home & Garden,2023-10-02,9,382.68,0.11,UK
ORD006255,103,Home & Garden,2024-05-27,2,421.43,0.25,BR
ORD006256,353,Clothing,2024-05-04,10,122.9,0.32,AU
ORD006257,404,Books,2023-10-22,8,352.1,0.39,DE
ORD006258,391,Home & Garden,2024-11-09,10,228.42,0.06,BR
ORD006259,142,Toys,2023-08-28,1,494.8,0.01,BR
ORD006260,170,Beauty,2024-06-08,8,353.18,0.39,JP
ORD006261,70,Automotive,2024-08-02,6,56.7,0.17,JP
ORD006262,291,Automotive,2023-06-09,8,156.31,0.27,AU
ORD006263,172,Clothing,2023-12-13,2,340.59,0.38,MX
ORD006264,207,Home & Garden,2023-01-16,5,350.94,0.01,US
ORD006265,10,Toys,2023-08-29,9,199.69,0.07,JP
ORD006266,473,Toys,2023-07-17,9,152.98,0.32,JP
ORD006267,323,Electronics,2024-07-17,6,132.33,0.27,BR
ORD006268,120,Beauty,2023-06-11,7,165.66,0.18,SE
ORD006269,34,Automotive,2023-01-19,6,49.12,0.38,ES
ORD006270,196,Automotive,2023-01-18,9,186.11,0.26,ES
ORD006271,74,Beauty,2024-07-11,3,86.45,0.01,SE
ORD006272,95,Toys,2023-04-15,10,114.86,0.04,SG
ORD006273,397,Automotive,2024-04-15,6,119.99,0.35,JP
ORD006274,27,Electronics,2023-05-28,10,91.08,0.38,JP
ORD006275,253,Electronics,2023-06-11,1,254.28,0.1,NL
ORD006276,387,Toys,2024-08-11,6,333.48,0.09,NL
ORD006277,297,Electronics,2024-05-12,5,435.79,0.02,BR
ORD006278,66,Books,2024-04-22,5,264.7,0.05,ES
ORD006279,141,Home & Garden,2024-11-08,3,31.98,0.1,AU
ORD006280,87,Beauty,2024-09-27,4,168.51,0.36,FR
ORD006281,487,Electronics,2024-09-10,9,267.98,0.05,AU
ORD006282,339,Beauty,2023-04-10,2,360.09,0.03,IT
ORD006283,494,Electronics,2023-05-02,3,118.44,0.39,ES
ORD006284,69,Beauty,2024-12-17,7,379.38,0.04,JP
ORD006285,183,Electronics,2024-02-25,6,369.04,0.07,JP
ORD006286,178,Beauty,2024-02-06,10,375.84,0.21,NL
ORD006287,394,Electronics,2024-01-05,1,334.65,0.11,ES
ORD006288,37,Automotive,2024-06-21,3,120.75,0.17,JP
ORD006289,402,Electronics,2024-03-10,8,295.63,0.17,BR
ORD006290,234,Home & Garden,2023-04-20,2,142.47,0.23,MX
ORD006291,457,Books,2023-03-16,2,458.61,0.01,US
ORD006292,165,Home & Garden,2023-08-10,3,31.73,0.32,IN
ORD006293,431,Sports,2024-09-27,10,340.41,0.14,JP
ORD006294,448,Beauty,2023-10-21,5,436.28,0.4,SG
ORD006295,220,Electronics,2024-09-28,3,171.44,0.34,JP
ORD006296,449,Electronics,2024-02-23,9,131.23,0.01,US
ORD006297,181,Toys,2024-11-09,7,61.2,0.34,IT
ORD006298,331,Electronics,2024-10-07,3,261.98,0.08,NL
ORD006299,468,Sports,2023-10-02,10,99.28,0.0,ES
ORD006300,89,Electronics,2024-02-07,10,297.01,0.02,ES
ORD006301,205,Books,2024-06-02,8,288.78,0.34,UK
ORD006302,27,Sports,2023-02-03,4,70.05,0.14,JP
ORD006303,261,Books,2023-04-27,4,347.72,0.13,MX
ORD006304,138,Sports,2024-06-16,3,459.16,0.32,SE
ORD006305,49,Automotive,2024-10-29,10,465.95,0.4,IT
ORD006306,452,Home & Garden,2023-08-10,1,79.58,0.36,BR
ORD006307,148,Books,2023-10-15,3,412.66,0.39,NL
ORD006308,366,Clothing,2024-09-30,2,375.35,0.04,AU
ORD006309,82,Automotive,2023-07-14,7,480.89,0.16,JP
ORD006310,134,Automotive,2024-11-07,1,127.7,0.1,SE
ORD006311,42,Clothing,2023-04-14,8,290.63,0.25,US
ORD006312,355,Clothing,2023-07-04,2,270.74,0.39,ES
ORD006313,186,Clothing,2023-01-26,4,415.28,0.39,UK
ORD006314,451,Toys,2023-03-10,2,43.39,0.27,FR
ORD006315,258,Beauty,2023-07-06,9,264.1,0.31,IN
ORD006316,96,Electronics,2024-04-23,7,228.49,0.35,CA
ORD006317,390,Sports,2023-05-27,5,492.13,0.18,IT
ORD006318,434,Sports,2024-11-16,10,411.6,0.22,IN
ORD006319,304,Beauty,2023-09-12,9,478.02,0.35,SG
ORD006320,348,Toys,2024-01-14,6,349.44,0.16,IT
ORD006321,413,Sports,2024-04-30,3,123.98,0.15,AU
ORD006322,55,Home & Garden,2023-04-10,2,333.63,0.33,UK
ORD006323,117,Automotive,2024-05-17,9,418.3,0.35,MX
ORD006324,390,Books,2023-03-30,8,151.74,0.3,US
ORD006325,398,Electronics,2024-08-26,6,294.1,0.19,IT
ORD006326,94,Beauty,2023-12-23,1,56.2,0.16,UK
ORD006327,26,Clothing,2023-03-07,5,78.34,0.05,UK
ORD006328,271,Beauty,2024-05-31,10,202.74,0.13,IT
ORD006329,139,Electronics,2023-02-25,3,262.35,0.09,JP
ORD006330,83,Automotive,2024-12-12,4,217.64,0.07,SG
ORD006331,222,Toys,2023-11-28,2,24.34,0.3,UK
ORD006332,134,Automotive,2023-10-07,4,404.43,0.26,CA
ORD006333,479,Books,2023-08-18,3,152.35,0.03,JP
ORD006334,407,Home & Garden,2023-11-25,8,457.24,0.07,SE
ORD006335,46,Beauty,2024-07-24,4,123.31,0.14,SE
ORD006336,482,Beauty,2024-01-15,7,334.21,0.18,SG
ORD006337,132,Electronics,2024-04-14,6,231.76,0.34,ES
ORD006338,82,Home & Garden,2023-02-11,3,16.13,0.02,IN
ORD006339,77,Clothing,2024-09-13,8,307.01,0.09,IT
ORD006340,190,Books,2024-01-21,9,21.64,0.35,IT
ORD006341,213,Electronics,2024-01-18,1,32.6,0.15,SE
ORD006342,452,Sports,2023-07-04,8,332.74,0.09,US
ORD006343,165,Automotive,2023-02-26,10,251.64,0.23,CA
ORD006344,343,Beauty,2023-09-03,6,441.84,0.38,CA
ORD006345,47,Toys,2024-08-20,3,229.78,0.37,IN
ORD006346,411,Electronics,2024-02-04,1,493.59,0.21,ES
ORD006347,241,Electronics,2023-07-12,7,16.19,0.04,CA
ORD006348,290,Toys,2024-03-08,2,461.44,0.06,CA
ORD006349,243,Toys,2023-09-14,9,114.43,0.13,AU
ORD006350,371,Electronics,2023-06-13,8,99.57,0.34,JP
ORD006351,316,Home & Garden,2024-06-24,5,245.93,0.32,MX
ORD006352,183,Automotive,2023-05-03,7,328.16,0.39,AU
ORD006353,421,Automotive,2024-03-02,5,314.45,0.2,IT
ORD006354,55,Toys,2024-06-19,8,180.63,0.23,IT
ORD006355,487,Clothing,2023-02-14,1,309.72,0.13,UK
ORD006356,312,Clothing,2024-05-22,6,228.79,0.2,US
ORD006357,52,Electronics,2023-01-09,5,108.86,0.29,NL
ORD006358,250,Clothing,2024-08-15,5,24.2,0.02,ES
ORD006359,170,Clothing,2023-07-23,10,328.71,0.35,FR
ORD006360,26,Automotive,2023-04-23,6,302.28,0.25,IN
ORD006361,487,Automotive,2023-04-06,4,254.82,0.13,FR
ORD006362,438,Beauty,2023-11-15,7,229.21,0.13,US
ORD006363,284,Automotive,2023-07-30,9,255.06,0.4,AU
ORD006364,62,Sports,2023-12-09,9,61.73,0.12,FR
ORD006365,199,Electronics,2024-09-09,8,342.63,0.22,AU
ORD006366,359,Beauty,2023-03-18,10,430.95,0.14,SG
ORD006367,218,Sports,2023-07-10,9,62.52,0.22,MX
ORD006368,272,Clothing,2023-03-24,3,386.57,0.17,JP
ORD006369,422,Toys,2024-04-10,2,212.86,0.2,IT
ORD006370,91,Books,2024-03-30,5,395.38,0.03,JP
ORD006371,432,Electronics,2024-09-11,7,255.1,0.03,IT
ORD006372,490,Electronics,2024-06-16,10,115.42,0.34,JP
ORD006373,148,Electronics,2024-05-25,1,208.99,0.34,BR
ORD006374,465,Home & Garden,2023-04-28,9,66.31,0.39,SG
ORD006375,155,Electronics,2024-08-21,5,14.51,0.25,FR
ORD006376,351,Sports,2023-01-06,7,21.09,0.12,IT
ORD006377,350,Toys,2024-06-05,8,480.29,0.35,FR
ORD006378,469,Toys,2024-08-17,3,495.03,0.38,UK
ORD006379,34,Automotive,2023-06-15,2,25.49,0.12,SG
ORD006380,298,Automotive,2023-08-16,4,99.75,0.17,ES
ORD006381,423,Electronics,2023-06-26,10,246.78,0.2,DE
ORD006382,46,Books,2024-08-21,8,324.58,0.17,SE
ORD006383,4,Clothing,2023-11-04,5,91.15,0.23,IN
ORD006384,33,Books,2023-09-23,8,111.02,0.36,AU
ORD006385,231,Home & Garden,2024-01-02,5,259.94,0.37,NL
ORD006386,281,Beauty,2024-06-17,1,30.44,0.04,MX
ORD006387,397,Home & Garden,2024-04-27,9,269.57,0.29,JP
ORD006388,211,Clothing,2024-05-31,9,442.21,0.05,JP
ORD006389,458,Clothing,2024-11-22,9,493.56,0.13,SG
ORD006390,57,Beauty,2023-07-06,7,273.2,0.16,AU
ORD006391,314,Clothing,2023-06-01,10,188.91,0.36,SG
ORD006392,233,Toys,2024-04-19,10,385.78,0.15,JP
ORD006393,266,Clothing,2023-04-17,7,451.53,0.24,NL
ORD006394,252,Automotive,2024-04-14,8,244.68,0.25,US
ORD006395,349,Books,2024-11-28,7,423.58,0.14,IN
ORD006396,359,Automotive,2023-12-01,4,216.93,0.28,JP
ORD006397,422,Beauty,2023-06-06,3,228.34,0.21,NL
ORD006398,184,Sports,2024-12-27,7,291.39,0.13,DE
ORD006399,7,Home & Garden,2023-10-07,8,219.56,0.18,IT
ORD006400,80,Books,2023-03-25,8,130.1,0.08,SE
ORD006401,304,Automotive,2023-10-31,7,437.85,0.01,SE
ORD006402,81,Automotive,2023-03-05,8,477.44,0.15,JP
ORD006403,384,Beauty,2023-03-02,4,275.12,0.37,FR
ORD006404,1,Beauty,2023-02-04,1,395.72,0.15,NL
ORD006405,463,Sports,2023-11-28,10,118.31,0.35,UK
ORD006406,497,Sports,2023-12-02,2,348.69,0.03,SE
ORD006407,200,Beauty,2024-06-19,5,158.24,0.19,BR
ORD006408,429,Sports,2024-02-02,10,91.04,0.12,FR
ORD006409,451,Clothing,2024-09-19,8,246.73,0.17,IN
ORD006410,406,Electronics,2024-09-29,10,21.14,0.28,FR
ORD006411,316,Toys,2023-05-05,7,149.97,0.12,BR
ORD006412,104,Automotive,2023-01-31,1,116.69,0.06,FR
ORD006413,167,Automotive,2024-05-30,1,251.29,0.02,SE
ORD006414,180,Books,2023-01-08,8,251.06,0.12,SE
ORD006415,492,Sports,2023-10-15,5,342.44,0.29,NL
ORD006416,322,Sports,2023-02-09,6,66.04,0.19,JP
ORD006417,30,Home & Garden,2023-12-01,7,223.93,0.39,UK
ORD006418,81,Sports,2023-11-25,6,28.12,0.09,UK
ORD006419,435,Toys,2024-09-09,10,401.61,0.36,DE
ORD006420,244,Electronics,2024-04-16,1,447.07,0.33,FR
ORD006421,265,Clothing,2023-10-21,2,495.38,0.31,IT
ORD006422,460,Clothing,2024-01-07,1,262.55,0.28,DE
ORD006423,293,Books,2024-02-05,7,425.34,0.01,BR
ORD006424,208,Toys,2023-06-15,6,232.8,0.31,NL
ORD006425,417,Books,2024-07-20,5,106.28,0.08,DE
ORD006426,168,Toys,2023-12-08,9,420.45,0.12,AU
ORD006427,464,Electronics,2024-04-10,5,28.97,0.09,US
ORD006428,37,Sports,2023-01-24,9,299.46,0.17,NL
ORD006429,448,Toys,2023-03-22,2,468.56,0.09,CA
ORD006430,62,Beauty,2024-03-06,4,140.0,0.34,IN
ORD006431,234,Toys,2024-06-27,6,130.68,0.27,FR
ORD006432,107,Beauty,2023-08-23,9,57.78,0.26,NL
ORD006433,357,Beauty,2024-11-21,1,254.59,0.3,UK
ORD006434,233,Sports,2024-09-11,5,320.71,0.13,SE
ORD006435,377,Toys,2024-01-18,5,258.14,0.22,SG
ORD006436,282,Clothing,2024-04-12,8,173.04,0.26,SG
ORD006437,174,Beauty,2024-03-09,5,218.16,0.23,SE
ORD006438,367,Clothing,2023-08-12,4,417.87,0.23,US
ORD006439,152,Clothing,2023-02-15,2,472.27,0.02,DE
ORD006440,113,Electronics,2024-08-10,8,166.89,0.18,FR
ORD006441,411,Electronics,2023-12-03,10,320.68,0.23,IT
ORD006442,498,Beauty,2024-09-06,8,413.39,0.04,BR
ORD006443,268,Books,2023-10-01,8,319.21,0.07,ES
ORD006444,480,Clothing,2023-01-11,6,445.01,0.23,MX
ORD006445,112,Clothing,2023-04-03,10,334.0,0.07,JP
ORD006446,3,Sports,2023-04-25,3,128.0,0.2,SE
ORD006447,441,Beauty,2024-06-17,8,303.94,0.09,JP
ORD006448,416,Electronics,2023-01-24,3,281.94,0.07,JP
ORD006449,248,Home & Garden,2024-08-21,5,173.3,0.32,CA
ORD006450,428,Home & Garden,2024-05-19,2,46.12,0.32,SE
ORD006451,437,Automotive,2023-08-25,7,417.15,0.13,IT
ORD006452,181,Electronics,2024-01-17,5,397.4,0.13,IT
ORD006453,83,Electronics,2024-11-11,2,20.08,0.17,US
ORD006454,308,Clothing,2023-02-20,8,364.34,0.08,US
ORD006455,446,Automotive,2023-09-23,2,329.94,0.22,BR
ORD006456,290,Electronics,2023-10-13,8,185.75,0.39,MX
ORD006457,203,Toys,2024-12-04,5,396.12,0.3,IN
ORD006458,117,Home & Garden,2024-12-12,10,415.45,0.11,ES
ORD006459,147,Beauty,2024-09-06,3,431.41,0.14,NL
ORD006460,384,Clothing,2023-10-06,6,44.11,0.08,JP
ORD006461,185,Home & Garden,2024-10-11,8,192.57,0.28,NL
ORD006462,253,Home & Garden,2023-12-20,5,20.94,0.14,FR
ORD006463,302,Books,2024-04-15,3,366.88,0.35,BR
ORD006464,151,Books,2024-11-08,4,214.3,0.29,CA
ORD006465,151,Toys,2023-07-01,1,376.19,0.14,CA
ORD006466,361,Clothing,2024-09-20,9,398.28,0.15,IT
ORD006467,322,Automotive,2023-10-19,6,38.65,0.05,BR
ORD006468,389,Automotive,2024-09-28,5,472.24,0.19,JP
ORD006469,253,Electronics,2024-02-05,6,251.51,0.37,BR
ORD006470,6,Automotive,2023-06-30,1,483.78,0.26,IN
ORD006471,328,Sports,2024-07-12,3,73.31,0.19,BR
ORD006472,7,Automotive,2023-03-26,1,179.2,0.16,MX
ORD006473,169,Clothing,2023-04-15,2,232.39,0.25,JP
ORD006474,370,Beauty,2023-04-19,9,470.37,0.36,IT
ORD006475,130,Home & Garden,2024-09-05,7,57.89,0.16,DE
ORD006476,436,Home & Garden,2024-09-28,1,276.74,0.25,BR
ORD006477,337,Sports,2024-02-23,8,71.61,0.39,BR
ORD006478,453,Beauty,2023-07-23,7,116.44,0.24,DE
ORD006479,265,Clothing,2023-10-15,2,306.16,0.28,AU
ORD006480,230,Electronics,2023-05-15,4,144.48,0.35,SG
ORD006481,72,Electronics,2023-01-03,8,147.61,0.18,JP
ORD006482,450,Automotive,2024-09-04,4,336.96,0.02,ES
ORD006483,327,Electronics,2023-05-23,7,405.29,0.18,ES
ORD006484,409,Electronics,2023-02-27,5,22.81,0.05,FR
ORD006485,139,Electronics,2023-04-07,8,116.91,0.36,MX
ORD006486,104,Books,2024-11-07,6,266.22,0.32,AU
ORD006487,183,Electronics,2023-09-23,1,455.25,0.31,NL
ORD006488,238,Home & Garden,2024-04-18,7,189.22,0.17,SG
ORD006489,428,Clothing,2023-01-23,10,148.65,0.3,CA
ORD006490,134,Books,2024-01-22,8,52.46,0.23,CA
ORD006491,102,Home & Garden,2024-06-29,7,109.51,0.04,AU
ORD006492,60,Home & Garden,2023-02-17,2,251.55,0.06,IT
ORD006493,216,Home & Garden,2023-08-07,3,151.17,0.33,AU
ORD006494,53,Electronics,2023-08-24,10,299.35,0.35,IN
ORD006495,43,Electronics,2024-10-09,9,155.11,0.26,UK
ORD006496,179,Beauty,2024-04-30,1,123.75,0.1,IN
ORD006497,226,Electronics,2024-09-23,6,324.32,0.36,DE
ORD006498,207,Home & Garden,2023-10-02,9,364.64,0.35,IT
ORD006499,461,Books,2024-03-07,2,460.25,0.28,NL
ORD006500,459,Electronics,2024-01-13,10,285.37,0.31,DE
ORD006501,280,Electronics,2023-07-21,9,474.12,0.04,SE
ORD006502,470,Electronics,2023-11-05,6,112.87,0.3,SE
ORD006503,435,Clothing,2023-06-28,8,267.16,0.35,DE
ORD006504,24,Beauty,2023-01-12,1,233.98,0.27,IN
ORD006505,272,Electronics,2024-12-07,3,348.23,0.37,UK
ORD006506,175,Beauty,2024-11-30,2,120.42,0.04,FR
ORD006507,30,Electronics,2024-08-24,6,70.33,0.06,CA
ORD006508,328,Clothing,2023-05-08,9,222.68,0.4,UK
ORD006509,253,Toys,2023-01-15,4,342.31,0.35,NL
ORD006510,306,Automotive,2023-05-24,4,360.68,0.1,NL
ORD006511,117,Clothing,2024-09-28,1,338.97,0.37,IT
ORD006512,421,Toys,2023-04-22,2,325.99,0.02,ES
ORD006513,217,Home & Garden,2023-06-20,5,84.99,0.18,SG
ORD006514,119,Beauty,2024-05-19,5,397.07,0.08,US
ORD006515,119,Beauty,2023-12-15,3,282.75,0.37,SG
ORD006516,139,Toys,2024-04-22,2,39.7,0.4,FR
ORD006517,57,Electronics,2024-02-16,2,132.04,0.04,CA
ORD006518,434,Books,2024-02-22,7,137.36,0.35,IN
ORD006519,106,Books,2024-09-29,1,71.61,0.03,FR
ORD006520,371,Toys,2023-06-08,4,75.69,0.38,SG
ORD006521,201,Toys,2023-04-12,3,446.28,0.37,UK
ORD006522,61,Sports,2023-10-23,4,228.13,0.32,JP
ORD006523,412,Clothing,2024-01-26,8,210.65,0.01,JP
ORD006524,405,Clothing,2023-12-25,9,406.18,0.11,US
ORD006525,385,Sports,2024-01-30,4,185.83,0.21,NL
ORD006526,184,Automotive,2023-12-21,9,163.09,0.18,JP
ORD006527,19,Toys,2024-01-14,2,107.57,0.18,IT
ORD006528,392,Clothing,2024-11-11,8,49.22,0.28,NL
ORD006529,389,Automotive,2023-02-06,2,104.2,0.06,FR
ORD006530,436,Books,2024-11-18,4,410.38,0.25,AU
ORD006531,16,Automotive,2024-03-04,7,284.56,0.06,IN
ORD006532,425,Beauty,2023-02-04,4,296.66,0.11,AU
ORD006533,38,Clothing,2023-02-09,5,187.59,0.24,ES
ORD006534,14,Electronics,2024-02-22,2,248.83,0.28,FR
ORD006535,381,Automotive,2024-05-18,7,331.49,0.09,AU
ORD006536,371,Electronics,2024-01-15,5,211.69,0.12,DE
ORD006537,197,Electronics,2023-11-24,1,169.59,0.3,CA
ORD006538,366,Home & Garden,2023-07-22,3,130.21,0.23,US
ORD006539,161,Home & Garden,2024-03-18,8,110.5,0.12,ES
ORD006540,60,Home & Garden,2024-10-17,4,287.84,0.22,BR
ORD006541,188,Home & Garden,2023-11-05,10,41.7,0.05,IN
ORD006542,449,Clothing,2024-05-22,10,85.02,0.17,SE
ORD006543,263,Electronics,2023-01-13,8,298.21,0.32,US
ORD006544,367,Home & Garden,2023-11-25,10,404.57,0.35,JP
ORD006545,304,Books,2024-07-10,8,136.89,0.0,NL
ORD006546,329,Home & Garden,2024-09-06,5,10.68,0.28,SG
ORD006547,336,Beauty,2024-01-28,2,336.09,0.0,SE
ORD006548,54,Electronics,2024-02-18,7,25.91,0.3,MX
ORD006549,49,Clothing,2023-04-12,5,169.99,0.34,NL
ORD006550,61,Automotive,2023-08-04,10,228.14,0.37,SE
ORD006551,83,Sports,2024-05-02,2,379.35,0.04,JP
ORD006552,345,Sports,2024-07-13,6,387.81,0.0,JP
ORD006553,218,Automotive,2023-03-01,8,212.12,0.15,ES
ORD006554,183,Home & Garden,2024-12-02,6,437.63,0.1,IN
ORD006555,433,Electronics,2024-11-27,8,194.87,0.16,ES
ORD006556,239,Automotive,2023-05-17,1,240.37,0.07,DE
ORD006557,382,Electronics,2023-02-02,2,201.85,0.31,IN
ORD006558,312,Beauty,2023-09-06,1,311.84,0.26,CA
ORD006559,94,Books,2024-11-30,8,205.25,0.16,AU
ORD006560,185,Beauty,2023-11-20,7,466.2,0.28,ES
ORD006561,144,Electronics,2023-08-17,6,421.24,0.14,SG
ORD006562,359,Books,2024-10-15,5,198.36,0.23,MX
ORD006563,190,Electronics,2023-04-09,10,17.88,0.18,IN
ORD006564,283,Sports,2024-11-17,5,275.7,0.13,MX
ORD006565,430,Home & Garden,2024-08-13,10,125.68,0.02,DE
ORD006566,185,Clothing,2023-10-08,2,164.17,0.13,ES
ORD006567,490,Toys,2024-07-28,1,232.66,0.19,UK
ORD006568,102,Electronics,2024-07-05,9,403.49,0.12,SE
ORD006569,39,Toys,2024-02-28,9,375.46,0.39,AU
ORD006570,97,Electronics,2024-07-24,7,281.43,0.07,IN
ORD006571,244,Electronics,2024-01-01,2,365.72,0.15,IN
ORD006572,15,Books,2024-09-06,5,157.74,0.27,FR
ORD006573,182,Sports,2024-08-02,6,249.45,0.11,UK
ORD006574,159,Beauty,2024-10-23,9,41.11,0.2,MX
ORD006575,161,Toys,2024-08-05,6,31.92,0.29,IN
ORD006576,99,Books,2024-11-03,7,85.33,0.38,IT
ORD006577,250,Sports,2023-05-11,3,377.01,0.22,FR
ORD006578,139,Beauty,2023-07-22,1,461.51,0.29,SE
ORD006579,360,Home & Garden,2023-11-27,8,310.89,0.32,SE
ORD006580,291,Toys,2023-06-27,1,26.03,0.14,BR
ORD006581,296,Home & Garden,2024-10-16,6,313.84,0.18,MX
ORD006582,385,Home & Garden,2023-05-12,5,141.98,0.35,IN
ORD006583,213,Beauty,2023-12-01,7,440.2,0.26,IN
ORD006584,84,Beauty,2024-01-16,6,367.02,0.01,DE
ORD006585,362,Clothing,2024-09-29,7,184.58,0.36,IT
ORD006586,472,Electronics,2023-07-09,1,223.61,0.16,SG
ORD006587,206,Clothing,2024-12-08,5,360.98,0.29,SE
ORD006588,358,Automotive,2023-08-02,4,464.64,0.14,ES
ORD006589,326,Electronics,2023-04-29,1,153.37,0.21,US
ORD006590,24,Beauty,2023-07-05,10,386.64,0.19,DE
ORD006591,84,Home & Garden,2024-10-05,3,345.9,0.03,IT
ORD006592,342,Beauty,2023-04-22,1,124.24,0.16,US
ORD006593,170,Toys,2023-01-24,2,129.41,0.1,AU
ORD006594,132,Toys,2023-08-01,8,111.38,0.24,MX
ORD006595,285,Sports,2024-02-02,8,91.74,0.38,MX
ORD006596,278,Home & Garden,2023-09-18,3,159.42,0.31,SE
ORD006597,459,Electronics,2023-04-28,3,69.79,0.37,BR
ORD006598,491,Books,2023-09-23,5,130.37,0.2,AU
ORD006599,10,Automotive,2024-05-20,4,184.32,0.02,UK
ORD006600,229,Home & Garden,2023-11-15,6,280.85,0.1,JP
ORD006601,364,Books,2024-02-23,5,221.44,0.19,IT
ORD006602,171,Automotive,2024-11-22,6,162.98,0.14,NL
ORD006603,242,Electronics,2024-06-30,9,63.47,0.18,DE
ORD006604,347,Toys,2024-08-09,7,283.05,0.35,SG
ORD006605,373,Sports,2023-07-30,9,421.01,0.01,NL
ORD006606,473,Toys,2024-01-09,3,309.65,0.08,MX
ORD006607,58,Electronics,2023-09-09,3,286.04,0.39,FR
ORD006608,224,Beauty,2023-12-20,5,195.28,0.24,FR
ORD006609,296,Automotive,2023-03-23,5,268.4,0.15,AU
ORD006610,447,Toys,2024-01-14,9,337.41,0.08,SG
ORD006611,211,Sports,2024-01-19,3,149.5,0.17,NL
ORD006612,26,Sports,2024-02-24,5,476.99,0.32,CA
ORD006613,156,Books,2023-06-21,10,16.78,0.39,FR
ORD006614,466,Automotive,2023-06-11,4,171.59,0.11,UK
ORD006615,17,Books,2023-09-26,6,491.14,0.32,MX
ORD006616,475,Beauty,2024-01-28,5,406.48,0.02,JP
ORD006617,263,Electronics,2023-09-03,1,33.54,0.3,US
ORD006618,104,Clothing,2024-05-30,3,184.1,0.34,IT
ORD006619,171,Home & Garden,2024-03-03,1,345.64,0.12,UK
ORD006620,178,Electronics,2023-03-24,10,278.15,0.28,UK
ORD006621,462,Sports,2023-06-13,9,467.55,0.39,SE
ORD006622,406,Sports,2024-03-17,3,395.74,0.27,SG
ORD006623,376,Clothing,2024-01-24,4,331.83,0.24,US
ORD006624,8,Sports,2023-09-05,9,304.95,0.03,SE
ORD006625,44,Toys,2023-05-06,10,499.23,0.09,FR
ORD006626,440,Clothing,2024-11-02,6,254.03,0.11,JP
ORD006627,155,Books,2023-11-25,7,8.45,0.07,NL
ORD006628,98,Beauty,2023-06-05,10,372.76,0.04,MX
ORD006629,130,Electronics,2024-06-10,6,264.85,0.35,BR
ORD006630,330,Toys,2023-07-06,3,422.32,0.08,BR
ORD006631,343,Clothing,2023-07-13,9,228.47,0.35,CA
ORD006632,139,Toys,2024-08-26,9,86.28,0.37,CA
ORD006633,288,Electronics,2024-10-24,8,330.03,0.17,FR
ORD006634,412,Beauty,2023-12-08,9,457.98,0.11,NL
ORD006635,180,Automotive,2024-04-06,6,50.71,0.32,FR
ORD006636,67,Sports,2023-09-21,6,95.72,0.39,NL
ORD006637,111,Home & Garden,2024-04-07,1,118.87,0.06,CA
ORD006638,491,Toys,2024-06-15,2,75.51,0.14,IT
ORD006639,221,Automotive,2024-06-10,9,284.05,0.31,CA
ORD006640,360,Toys,2023-01-30,10,43.76,0.0,FR
ORD006641,126,Sports,2023-03-13,9,492.38,0.15,IN
ORD006642,431,Sports,2024-05-31,8,89.4,0.05,ES
ORD006643,95,Electronics,2024-01-24,9,30.57,0.33,AU
ORD006644,58,Electronics,2024-11-19,6,171.04,0.1,SG
ORD006645,408,Clothing,2023-03-17,2,241.19,0.25,ES
ORD006646,307,Electronics,2024-12-23,3,413.58,0.23,CA
ORD006647,485,Sports,2023-04-08,10,310.67,0.37,NL
ORD006648,266,Home & Garden,2023-01-23,9,491.84,0.03,IT
ORD006649,378,Electronics,2024-10-18,5,203.54,0.19,JP
ORD006650,262,Sports,2024-01-03,1,52.25,0.36,AU
ORD006651,32,Sports,2023-07-29,3,455.98,0.21,US
ORD006652,190,Clothing,2024-02-22,8,289.64,0.38,SE
ORD006653,470,Beauty,2023-10-03,8,258.38,0.1,BR
ORD006654,475,Books,2024-12-22,9,228.77,0.19,SE
ORD006655,227,Books,2024-07-19,8,98.74,0.32,AU
ORD006656,432,Automotive,2024-04-23,8,187.71,0.18,SE
ORD006657,133,Beauty,2023-08-24,1,166.81,0.1,FR
ORD006658,154,Home & Garden,2023-01-19,3,182.42,0.04,IT
ORD006659,386,Automotive,2024-08-05,4,142.29,0.34,JP
ORD006660,34,Sports,2023-02-04,7,253.25,0.06,BR
ORD006661,2,Books,2023-03-24,5,376.9,0.05,SG
ORD006662,123,Home & Garden,2024-03-05,2,480.26,0.15,CA
ORD006663,16,Home & Garden,2024-07-06,9,64.03,0.37,CA
ORD006664,277,Electronics,2023-10-26,4,439.25,0.23,MX
ORD006665,380,Books,2024-03-06,1,176.2,0.15,UK
ORD006666,321,Toys,2024-12-11,9,262.22,0.37,ES
ORD006667,81,Books,2023-07-25,8,63.15,0.11,UK
ORD006668,423,Sports,2023-02-02,10,73.77,0.01,SE
ORD006669,237,Electronics,2023-06-11,10,408.8,0.14,CA
ORD006670,153,Clothing,2023-11-22,4,259.8,0.25,MX
ORD006671,263,Clothing,2024-07-21,10,125.22,0.36,BR
ORD006672,80,Toys,2023-11-03,8,462.14,0.25,BR
ORD006673,497,Beauty,2024-03-05,3,432.13,0.23,UK
ORD006674,231,Home & Garden,2024-02-18,7,193.07,0.29,IN
ORD006675,165,Automotive,2023-12-23,7,105.86,0.08,ES
ORD006676,346,Automotive,2023-04-27,3,181.28,0.36,JP
ORD006677,152,Books,2023-02-19,5,348.3,0.24,SG
ORD006678,382,Home & Garden,2023-05-29,3,167.35,0.21,MX
ORD006679,237,Electronics,2023-07-17,7,240.86,0.26,SG
ORD006680,438,Books,2023-05-17,5,475.0,0.04,IT
ORD006681,242,Beauty,2023-05-21,6,471.61,0.25,BR
ORD006682,325,Beauty,2024-03-20,7,230.1,0.05,UK
ORD006683,275,Toys,2023-11-28,10,450.38,0.2,UK
ORD006684,487,Home & Garden,2023-07-02,5,196.5,0.33,FR
ORD006685,440,Books,2023-06-22,8,244.05,0.06,NL
ORD006686,227,Sports,2023-04-15,5,110.95,0.16,IN
ORD006687,355,Beauty,2024-05-20,6,127.99,0.25,SE
ORD006688,109,Automotive,2023-12-14,3,349.42,0.26,JP
ORD006689,431,Beauty,2024-04-30,10,390.89,0.07,CA
ORD006690,309,Home & Garden,2023-10-04,6,287.92,0.13,NL
ORD006691,194,Electronics,2023-03-04,10,322.22,0.01,BR
ORD006692,445,Toys,2024-08-23,7,159.72,0.32,UK
ORD006693,386,Home & Garden,2023-01-31,2,451.14,0.33,CA
ORD006694,85,Electronics,2023-09-26,7,347.89,0.21,DE
ORD006695,481,Clothing,2024-03-03,7,435.7,0.39,IT
ORD006696,143,Automotive,2024-04-30,9,387.5,0.04,IT
ORD006697,40,Clothing,2023-12-18,10,237.49,0.26,ES
ORD006698,175,Home & Garden,2024-08-06,1,338.61,0.08,FR
ORD006699,218,Books,2023-12-17,9,74.87,0.14,AU
ORD006700,38,Home & Garden,2024-09-02,7,186.54,0.02,IN
ORD006701,299,Clothing,2023-06-30,9,301.97,0.06,US
ORD006702,218,Home & Garden,2023-12-11,4,91.58,0.15,SE
ORD006703,293,Beauty,2023-01-23,7,411.67,0.23,AU
ORD006704,249,Electronics,2024-02-27,2,192.76,0.19,DE
ORD006705,257,Home & Garden,2023-10-21,1,459.29,0.39,FR
ORD006706,78,Beauty,2024-05-12,1,414.33,0.32,US
ORD006707,412,Beauty,2024-06-25,1,139.54,0.02,IN
ORD006708,314,Automotive,2023-11-13,5,10.55,0.01,SG
ORD006709,106,Sports,2024-03-20,4,39.03,0.36,SG
ORD006710,56,Electronics,2024-06-18,4,45.32,0.21,CA
ORD006711,483,Sports,2024-09-02,7,150.1,0.39,US
ORD006712,262,Automotive,2023-03-18,10,16.34,0.02,DE
ORD006713,405,Sports,2024-02-04,10,236.28,0.37,CA
ORD006714,241,Toys,2024-11-06,6,294.08,0.27,MX
ORD006715,147,Clothing,2023-07-27,4,392.89,0.19,JP
ORD006716,147,Toys,2024-04-03,5,445.99,0.11,IT
ORD006717,17,Clothing,2023-07-26,7,19.19,0.2,JP
ORD006718,274,Books,2024-08-09,10,492.11,0.28,BR
ORD006719,361,Books,2024-06-26,6,288.61,0.09,FR
ORD006720,56,Electronics,2024-11-24,5,328.01,0.33,JP
ORD006721,14,Toys,2024-05-25,3,117.11,0.34,ES
ORD006722,84,Electronics,2023-12-24,1,240.65,0.26,DE
ORD006723,244,Beauty,2024-01-31,4,176.04,0.21,CA
ORD006724,259,Beauty,2024-07-22,8,205.46,0.36,MX
ORD006725,292,Clothing,2024-06-22,4,187.13,0.14,DE
ORD006726,421,Home & Garden,2023-03-28,9,87.16,0.25,JP
ORD006727,490,Electronics,2023-08-07,8,168.67,0.18,NL
ORD006728,449,Clothing,2024-05-13,8,371.21,0.13,CA
ORD006729,157,Beauty,2023-03-15,7,140.23,0.37,NL
ORD006730,226,Books,2024-04-26,1,372.72,0.1,JP
ORD006731,360,Books,2024-09-22,5,235.77,0.25,BR
ORD006732,133,Automotive,2023-09-26,8,486.42,0.11,JP
ORD006733,478,Books,2023-06-09,10,184.23,0.24,FR
ORD006734,63,Clothing,2024-09-15,8,482.14,0.3,NL
ORD006735,232,Electronics,2023-12-18,3,30.83,0.18,SG
ORD006736,377,Beauty,2024-08-30,6,54.58,0.17,BR
ORD006737,61,Clothing,2023-02-27,8,134.36,0.2,CA
ORD006738,495,Home & Garden,2023-06-04,9,441.61,0.21,AU
ORD006739,62,Electronics,2023-01-01,2,368.19,0.2,JP
ORD006740,127,Sports,2023-11-24,10,141.24,0.06,AU
ORD006741,195,Toys,2024-10-05,5,9.68,0.24,SE
ORD006742,322,Books,2024-04-16,9,411.17,0.3,FR
ORD006743,163,Electronics,2023-01-14,8,427.52,0.29,ES
ORD006744,286,Clothing,2023-01-19,6,134.69,0.26,MX
ORD006745,159,Beauty,2024-06-09,5,17.74,0.16,JP
ORD006746,174,Automotive,2023-03-09,3,485.64,0.21,ES
ORD006747,243,Toys,2023-06-10,6,189.85,0.32,IN
ORD006748,148,Automotive,2024-05-24,3,118.41,0.06,DE
ORD006749,269,Electronics,2023-07-01,5,483.78,0.19,CA
ORD006750,209,Beauty,2023-12-24,3,372.77,0.19,ES
ORD006751,133,Automotive,2023-10-16,3,88.79,0.25,ES
ORD006752,202,Automotive,2023-09-08,10,232.12,0.29,IT
ORD006753,221,Automotive,2023-07-04,9,214.27,0.09,SG
ORD006754,244,Sports,2023-10-25,6,199.43,0.07,IT
ORD006755,326,Automotive,2023-05-14,7,339.11,0.06,NL
ORD006756,146,Home & Garden,2024-11-27,1,69.96,0.26,CA
ORD006757,279,Clothing,2023-08-19,8,223.79,0.24,IN
ORD006758,218,Beauty,2024-06-16,10,272.4,0.07,MX
ORD006759,378,Toys,2023-08-02,10,313.63,0.24,SG
ORD006760,311,Toys,2023-07-11,1,80.24,0.31,IT
ORD006761,138,Home & Garden,2023-12-19,7,416.75,0.06,US
ORD006762,109,Automotive,2024-06-18,5,280.93,0.08,IT
ORD006763,189,Books,2023-01-03,1,479.54,0.09,CA
ORD006764,176,Sports,2023-05-05,8,187.44,0.27,DE
ORD006765,277,Home & Garden,2024-07-19,7,458.0,0.36,ES
ORD006766,125,Books,2023-09-15,3,53.91,0.02,IT
ORD006767,454,Toys,2024-09-16,6,485.68,0.34,SG
ORD006768,417,Clothing,2023-04-08,4,389.86,0.17,JP
ORD006769,306,Electronics,2024-08-16,3,220.61,0.33,SG
ORD006770,332,Toys,2024-03-30,5,43.45,0.33,ES
ORD006771,144,Home & Garden,2023-05-03,6,403.76,0.26,JP
ORD006772,280,Clothing,2023-01-10,1,214.36,0.1,SG
ORD006773,19,Automotive,2024-10-05,7,318.78,0.01,SG
ORD006774,69,Automotive,2023-07-30,5,222.68,0.07,IT
ORD006775,258,Sports,2023-06-26,6,117.97,0.13,MX
ORD006776,50,Books,2023-05-15,2,44.92,0.31,DE
ORD006777,476,Automotive,2023-09-17,2,494.03,0.29,ES
ORD006778,370,Clothing,2024-01-18,6,131.8,0.21,IN
ORD006779,334,Electronics,2023-12-15,7,228.81,0.01,BR
ORD006780,449,Sports,2024-09-13,7,288.08,0.05,FR
ORD006781,213,Sports,2023-05-25,1,391.53,0.37,CA
ORD006782,431,Books,2024-06-28,5,141.3,0.29,UK
ORD006783,39,Toys,2024-10-25,2,384.91,0.37,DE
ORD006784,401,Clothing,2023-01-27,6,67.83,0.22,AU
ORD006785,59,Books,2024-07-02,8,409.81,0.02,MX
ORD006786,62,Clothing,2023-07-20,10,452.5,0.31,AU
ORD006787,372,Electronics,2023-11-23,5,452.19,0.4,NL
ORD006788,352,Electronics,2023-02-14,5,27.1,0.2,IT
ORD006789,158,Electronics,2023-08-03,6,252.02,0.04,MX
ORD006790,76,Clothing,2023-03-23,1,445.65,0.26,JP
ORD006791,147,Sports,2023-06-19,4,397.59,0.3,BR
ORD006792,234,Home & Garden,2023-01-24,4,441.12,0.33,BR
ORD006793,116,Clothing,2024-11-16,6,359.5,0.3,IN
ORD006794,468,Electronics,2024-10-15,2,426.73,0.39,IN
ORD006795,449,Electronics,2024-04-20,1,35.65,0.15,AU
ORD006796,202,Toys,2023-08-26,4,103.67,0.3,MX
ORD006797,153,Beauty,2024-11-19,1,363.56,0.29,SE
ORD006798,99,Clothing,2024-12-10,8,408.04,0.15,JP
ORD006799,89,Beauty,2024-08-03,10,96.34,0.36,UK
ORD006800,44,Toys,2024-05-12,7,403.49,0.1,ES
ORD006801,184,Toys,2023-08-29,3,118.84,0.27,BR
ORD006802,447,Books,2024-10-06,8,334.17,0.16,UK
ORD006803,356,Sports,2023-12-31,9,261.75,0.11,DE
ORD006804,27,Sports,2024-04-06,9,386.03,0.05,NL
ORD006805,208,Sports,2023-05-07,6,219.83,0.0,BR
ORD006806,165,Toys,2023-01-16,5,106.32,0.09,IN
ORD006807,383,Sports,2024-12-21,1,412.25,0.29,AU
ORD006808,263,Sports,2024-03-29,5,463.79,0.19,SE
ORD006809,342,Beauty,2024-05-15,1,314.35,0.31,UK
ORD006810,34,Books,2023-02-06,4,433.14,0.39,AU
ORD006811,178,Toys,2023-11-04,1,16.86,0.06,US
ORD006812,180,Toys,2023-07-27,4,275.39,0.14,SE
ORD006813,438,Clothing,2024-09-02,6,196.41,0.08,ES
ORD006814,381,Toys,2023-12-21,4,357.46,0.23,CA
ORD006815,37,Books,2023-10-08,4,168.38,0.31,US
ORD006816,83,Toys,2023-04-18,8,12.7,0.09,DE
ORD006817,368,Toys,2023-10-07,10,239.45,0.32,SG
ORD006818,181,Books,2023-09-22,3,299.65,0.02,SE
ORD006819,254,Sports,2024-07-28,2,340.84,0.26,CA
ORD006820,192,Sports,2024-09-10,1,417.46,0.34,CA
ORD006821,161,Automotive,2023-10-04,4,499.91,0.37,SG
ORD006822,63,Clothing,2023-10-27,5,382.66,0.14,SG
ORD006823,205,Books,2024-12-12,1,156.9,0.04,IN
ORD006824,398,Home & Garden,2023-10-04,5,470.48,0.2,SG
ORD006825,294,Toys,2024-04-03,7,341.01,0.19,ES
ORD006826,87,Clothing,2023-04-09,5,447.96,0.25,DE
ORD006827,137,Toys,2023-11-10,1,211.34,0.23,DE
ORD006828,357,Clothing,2023-06-26,5,76.14,0.08,FR
ORD006829,304,Beauty,2023-06-27,7,342.78,0.02,FR
ORD006830,498,Beauty,2023-06-20,5,73.0,0.39,AU
ORD006831,266,Toys,2023-12-13,8,435.81,0.16,MX
ORD006832,476,Automotive,2023-08-03,10,323.03,0.23,UK
ORD006833,385,Automotive,2024-08-19,10,224.64,0.01,SG
ORD006834,438,Toys,2023-11-24,3,69.5,0.07,FR
ORD006835,90,Beauty,2023-02-10,3,144.91,0.2,SE
ORD006836,197,Toys,2023-11-17,2,145.63,0.18,UK
ORD006837,179,Beauty,2023-03-14,7,28.78,0.1,ES
ORD006838,51,Beauty,2023-04-18,6,78.19,0.32,JP
ORD006839,256,Home & Garden,2023-04-09,4,306.61,0.36,NL
ORD006840,29,Clothing,2024-08-01,2,24.85,0.12,AU
ORD006841,364,Electronics,2023-11-10,4,240.12,0.28,SG
ORD006842,134,Books,2023-01-01,2,300.2,0.06,ES
ORD006843,169,Sports,2024-01-09,9,127.81,0.04,ES
ORD006844,123,Books,2023-05-27,5,497.58,0.07,CA
ORD006845,153,Home & Garden,2024-06-07,9,232.06,0.06,AU
ORD006846,230,Clothing,2024-11-18,9,378.46,0.2,UK
ORD006847,447,Automotive,2023-05-05,3,115.9,0.08,CA
ORD006848,66,Home & Garden,2023-07-21,2,22.85,0.1,FR
ORD006849,55,Toys,2024-06-03,6,42.15,0.09,JP
ORD006850,159,Sports,2024-04-06,2,150.47,0.26,ES
ORD006851,364,Beauty,2024-08-27,8,156.18,0.37,SG
ORD006852,378,Sports,2024-04-18,7,100.73,0.11,JP
ORD006853,403,Toys,2023-05-20,4,171.35,0.1,US
ORD006854,340,Beauty,2024-09-01,6,66.07,0.05,BR
ORD006855,131,Toys,2023-04-28,2,443.84,0.39,SE
ORD006856,329,Toys,2023-03-03,3,156.35,0.33,CA
ORD006857,219,Automotive,2024-11-16,9,367.22,0.15,SE
ORD006858,341,Toys,2024-03-02,4,457.65,0.01,UK
ORD006859,260,Electronics,2023-08-30,6,468.34,0.21,UK
ORD006860,466,Beauty,2023-07-07,9,285.62,0.08,SE
ORD006861,386,Beauty,2023-03-03,3,167.18,0.01,US
ORD006862,492,Sports,2024-02-13,5,453.66,0.16,JP
ORD006863,438,Beauty,2024-09-27,1,486.35,0.26,MX
ORD006864,248,Electronics,2024-05-11,2,377.8,0.31,SE
ORD006865,197,Automotive,2024-07-10,9,291.81,0.1,UK
ORD006866,140,Beauty,2024-03-12,9,88.13,0.19,FR
ORD006867,175,Clothing,2023-01-08,5,315.64,0.29,IT
ORD006868,99,Toys,2023-11-21,5,122.17,0.4,FR
ORD006869,176,Beauty,2023-01-27,6,94.09,0.37,AU
ORD006870,438,Toys,2023-03-01,6,203.88,0.13,DE
ORD006871,98,Clothing,2023-05-09,2,203.49,0.17,CA
ORD006872,439,Clothing,2024-10-11,2,256.91,0.37,SG
ORD006873,28,Electronics,2023-06-07,1,196.15,0.23,FR
ORD006874,82,Sports,2023-11-26,6,24.77,0.0,ES
ORD006875,445,Books,2024-10-01,4,243.91,0.29,NL
ORD006876,264,Sports,2024-05-10,6,154.63,0.19,IN
ORD006877,156,Clothing,2023-04-07,3,297.92,0.3,SG
ORD006878,97,Home & Garden,2023-12-04,4,213.03,0.37,JP
ORD006879,6,Books,2024-07-16,1,205.9,0.15,UK
ORD006880,103,Clothing,2023-11-21,5,428.8,0.19,SE
ORD006881,73,Automotive,2023-06-08,2,372.12,0.18,UK
ORD006882,344,Electronics,2024-04-14,10,397.13,0.15,UK
ORD006883,472,Toys,2023-10-25,7,319.36,0.19,IT
ORD006884,126,Home & Garden,2024-01-11,6,440.74,0.25,SG
ORD006885,31,Sports,2023-04-02,3,317.97,0.0,SE
ORD006886,497,Books,2024-10-22,4,20.23,0.35,SG
ORD006887,347,Beauty,2024-11-03,10,254.25,0.35,SE
ORD006888,199,Books,2023-08-10,2,289.82,0.07,CA
ORD006889,391,Automotive,2023-08-02,10,446.28,0.05,SE
ORD006890,349,Home & Garden,2023-05-05,9,260.79,0.28,SE
ORD006891,375,Automotive,2024-03-03,4,122.75,0.38,AU
ORD006892,85,Toys,2023-05-26,2,228.5,0.06,IT
ORD006893,167,Automotive,2024-03-24,8,214.85,0.33,US
ORD006894,261,Electronics,2024-11-21,9,281.08,0.38,IT
ORD006895,320,Beauty,2023-05-13,2,136.8,0.33,US
ORD006896,278,Toys,2023-06-14,10,168.98,0.22,CA
ORD006897,141,Electronics,2023-03-08,5,480.67,0.37,US
ORD006898,186,Electronics,2023-08-18,8,247.23,0.01,BR
ORD006899,209,Sports,2024-10-05,5,424.99,0.34,JP
ORD006900,38,Toys,2023-01-12,8,480.98,0.28,NL
ORD006901,416,Home & Garden,2024-04-09,9,406.12,0.16,CA
ORD006902,325,Automotive,2023-10-08,3,201.34,0.34,ES
ORD006903,304,Electronics,2023-08-20,5,103.94,0.29,SG
ORD006904,383,Books,2023-05-06,6,403.29,0.32,MX
ORD006905,235,Electronics,2024-08-30,2,310.16,0.11,MX
ORD006906,295,Automotive,2024-08-23,2,163.13,0.23,SE
ORD006907,344,Home & Garden,2023-01-30,7,405.48,0.14,NL
ORD006908,325,Electronics,2024-02-25,9,290.35,0.26,IT
ORD006909,371,Automotive,2023-10-30,7,391.75,0.3,SE
ORD006910,35,Toys,2023-01-05,6,256.52,0.26,MX
ORD006911,466,Home & Garden,2023-08-11,4,308.57,0.35,AU
ORD006912,264,Sports,2023-05-18,9,186.34,0.05,UK
ORD006913,385,Beauty,2024-07-11,8,176.87,0.22,UK
ORD006914,21,Books,2023-11-23,5,362.0,0.21,SG
ORD006915,240,Clothing,2024-08-05,7,194.95,0.3,US
ORD006916,228,Beauty,2024-12-08,8,206.36,0.19,NL
ORD006917,110,Clothing,2023-10-21,2,153.26,0.1,NL
ORD006918,447,Toys,2024-02-10,6,399.53,0.1,SG
ORD006919,236,Beauty,2024-12-11,3,414.98,0.13,US
ORD006920,447,Electronics,2023-05-02,4,83.67,0.17,SE
ORD006921,220,Books,2023-02-09,7,345.02,0.27,BR
ORD006922,297,Electronics,2023-12-09,9,127.31,0.17,SE
ORD006923,300,Toys,2023-12-23,7,126.41,0.09,JP
ORD006924,317,Clothing,2024-11-09,10,100.11,0.05,NL
ORD006925,313,Electronics,2023-11-29,1,115.7,0.28,JP
ORD006926,402,Beauty,2023-11-21,3,201.42,0.04,AU
ORD006927,109,Electronics,2023-12-30,3,150.67,0.12,SG
ORD006928,359,Sports,2023-11-22,8,107.98,0.09,FR
ORD006929,404,Home & Garden,2024-10-18,1,316.19,0.03,UK
ORD006930,410,Books,2024-03-26,3,398.66,0.35,AU
ORD006931,207,Sports,2024-08-04,10,219.84,0.03,MX
ORD006932,211,Sports,2023-04-23,4,9.81,0.09,JP
ORD006933,394,Electronics,2024-10-01,5,301.78,0.07,DE
ORD006934,258,Electronics,2024-12-09,10,415.58,0.34,IN
ORD006935,8,Beauty,2024-11-29,6,309.04,0.36,UK
ORD006936,376,Clothing,2024-12-18,3,423.6,0.22,US
ORD006937,385,Electronics,2024-05-24,2,11.71,0.28,MX
ORD006938,256,Clothing,2024-05-05,4,116.41,0.34,JP
ORD006939,275,Toys,2023-02-19,5,327.76,0.12,IN
ORD006940,265,Clothing,2023-07-26,7,191.73,0.21,FR
ORD006941,212,Toys,2024-07-28,10,103.55,0.0,US
ORD006942,349,Automotive,2023-09-21,5,458.07,0.1,UK
ORD006943,72,Home & Garden,2024-03-28,9,205.36,0.21,BR
ORD006944,145,Automotive,2024-03-04,1,423.01,0.13,MX
ORD006945,444,Home & Garden,2024-02-28,5,483.05,0.06,SG
ORD006946,402,Automotive,2023-09-28,4,19.4,0.04,JP
ORD006947,27,Electronics,2024-10-07,9,474.24,0.34,US
ORD006948,86,Toys,2023-07-01,10,361.83,0.3,MX
ORD006949,57,Sports,2024-07-16,5,389.72,0.31,CA
ORD006950,479,Beauty,2023-01-19,10,97.52,0.27,SG
ORD006951,424,Books,2024-09-04,7,93.19,0.07,IT
ORD006952,288,Automotive,2024-07-07,5,239.79,0.29,SE
ORD006953,345,Clothing,2024-12-15,4,81.44,0.22,NL
ORD006954,309,Home & Garden,2023-03-30,1,360.2,0.01,IT
ORD006955,422,Electronics,2024-08-09,7,451.91,0.02,BR
ORD006956,461,Clothing,2023-08-14,4,475.92,0.09,CA
ORD006957,486,Sports,2023-06-30,8,155.81,0.32,AU
ORD006958,171,Books,2023-05-30,4,261.4,0.24,UK
ORD006959,171,Beauty,2024-06-08,2,99.61,0.24,DE
ORD006960,58,Automotive,2024-11-18,10,172.15,0.39,SG
ORD006961,405,Electronics,2024-04-21,9,142.61,0.2,DE
ORD006962,210,Beauty,2023-07-14,4,260.93,0.18,DE
ORD006963,20,Toys,2023-10-19,3,136.65,0.18,SG
ORD006964,415,Toys,2023-06-25,6,14.9,0.12,BR
ORD006965,456,Home & Garden,2023-02-20,8,137.08,0.09,US
ORD006966,428,Toys,2024-07-14,5,72.74,0.03,IN
ORD006967,319,Electronics,2023-03-18,10,25.47,0.13,MX
ORD006968,437,Clothing,2024-04-18,6,239.23,0.05,JP
ORD006969,452,Home & Garden,2023-11-09,3,322.79,0.06,BR
ORD006970,273,Beauty,2023-02-23,8,453.11,0.23,JP
ORD006971,283,Beauty,2023-08-09,10,107.8,0.09,ES
ORD006972,162,Sports,2023-02-25,7,43.49,0.07,UK
ORD006973,316,Automotive,2024-04-04,8,365.69,0.21,UK
ORD006974,499,Automotive,2024-05-02,10,261.6,0.0,CA
ORD006975,465,Home & Garden,2024-10-15,8,457.97,0.23,MX
ORD006976,424,Electronics,2023-07-28,9,236.53,0.15,SG
ORD006977,152,Home & Garden,2023-05-09,2,434.72,0.11,MX
ORD006978,379,Toys,2023-12-13,2,38.12,0.03,FR
ORD006979,173,Books,2024-08-17,5,497.03,0.1,NL
ORD006980,9,Automotive,2024-02-18,8,209.62,0.3,SE
ORD006981,426,Home & Garden,2024-11-20,5,434.32,0.17,SG
ORD006982,152,Beauty,2023-03-06,9,24.03,0.26,NL
ORD006983,483,Home & Garden,2024-06-09,9,98.58,0.34,IT
ORD006984,274,Home & Garden,2024-04-29,4,296.5,0.34,AU
ORD006985,334,Electronics,2023-06-27,5,13.5,0.32,MX
ORD006986,288,Books,2023-06-01,8,282.28,0.06,IT
ORD006987,216,Toys,2023-10-06,4,139.79,0.28,DE
ORD006988,455,Home & Garden,2023-08-24,1,267.9,0.07,DE
ORD006989,56,Books,2023-09-02,5,375.87,0.26,JP
ORD006990,81,Electronics,2024-06-11,8,315.62,0.17,US
ORD006991,304,Toys,2023-03-07,10,374.07,0.37,ES
ORD006992,484,Sports,2024-06-30,3,177.5,0.15,SG
ORD006993,413,Toys,2023-12-31,7,359.98,0.33,SG
ORD006994,354,Electronics,2023-05-08,7,271.27,0.09,AU
ORD006995,55,Automotive,2024-05-03,5,257.08,0.01,FR
ORD006996,30,Clothing,2023-09-30,9,315.32,0.3,FR
ORD006997,146,Books,2023-04-08,8,254.86,0.28,US
ORD006998,358,Clothing,2024-03-05,1,226.49,0.08,NL
ORD006999,51,Automotive,2023-08-22,3,162.12,0.08,ES
ORD007000,178,Home & Garden,2023-07-27,1,303.21,0.36,US
ORD007001,170,Toys,2023-12-15,9,152.37,0.17,DE
ORD007002,77,Toys,2024-01-15,6,6.19,0.23,DE
ORD007003,289,Sports,2024-05-28,7,36.87,0.05,MX
ORD007004,120,Toys,2023-12-26,3,440.41,0.04,US
ORD007005,66,Sports,2024-01-25,3,424.08,0.3,FR
ORD007006,217,Toys,2024-02-21,3,479.0,0.13,CA
ORD007007,237,Clothing,2024-11-07,1,226.81,0.29,SG
ORD007008,103,Home & Garden,2023-03-15,5,139.98,0.04,SG
ORD007009,7,Electronics,2024-04-29,6,499.33,0.01,NL
ORD007010,36,Sports,2023-01-28,8,306.5,0.17,DE
ORD007011,413,Sports,2023-07-09,8,454.59,0.16,BR
ORD007012,411,Sports,2024-07-31,4,182.5,0.39,US
ORD007013,338,Automotive,2023-09-21,4,387.65,0.01,UK
ORD007014,134,Home & Garden,2023-01-20,1,391.16,0.25,JP
ORD007015,325,Beauty,2024-01-10,10,331.04,0.33,BR
ORD007016,461,Sports,2023-11-16,2,125.88,0.14,ES
ORD007017,424,Electronics,2024-11-07,6,416.89,0.27,US
ORD007018,355,Electronics,2024-11-18,6,237.84,0.32,IT
ORD007019,70,Books,2023-07-23,9,378.51,0.12,UK
ORD007020,223,Beauty,2024-08-21,2,273.87,0.32,IT
ORD007021,484,Home & Garden,2024-01-11,2,58.58,0.39,IT
ORD007022,390,Books,2024-01-30,10,222.04,0.13,SE
ORD007023,24,Home & Garden,2023-03-25,6,193.19,0.08,DE
ORD007024,441,Automotive,2024-09-02,2,463.8,0.37,SE
ORD007025,223,Clothing,2024-03-18,10,419.45,0.01,UK
ORD007026,76,Sports,2024-11-28,8,162.65,0.05,SG
ORD007027,1,Toys,2024-07-25,5,307.47,0.16,IN
ORD007028,204,Beauty,2023-12-07,3,224.04,0.27,IT
ORD007029,461,Home & Garden,2024-09-17,8,330.15,0.37,SG
ORD007030,304,Automotive,2023-08-21,8,220.27,0.21,CA
ORD007031,239,Beauty,2024-09-21,8,207.22,0.31,ES
ORD007032,260,Electronics,2023-03-26,8,390.09,0.11,ES
ORD007033,137,Books,2023-09-03,4,475.23,0.28,JP
ORD007034,10,Clothing,2024-09-25,9,28.4,0.1,IN
ORD007035,222,Automotive,2023-01-18,9,16.65,0.34,DE
ORD007036,92,Electronics,2024-09-26,1,263.99,0.14,BR
ORD007037,476,Beauty,2023-01-30,5,362.88,0.29,FR
ORD007038,126,Automotive,2024-04-25,9,458.53,0.15,FR
ORD007039,116,Home & Garden,2024-04-10,4,149.86,0.23,NL
ORD007040,226,Clothing,2023-02-12,4,241.58,0.25,MX
ORD007041,173,Beauty,2024-09-03,7,414.49,0.09,US
ORD007042,303,Home & Garden,2023-03-04,1,174.62,0.12,CA
ORD007043,6,Toys,2024-09-13,3,38.44,0.1,BR
ORD007044,487,Books,2024-12-18,2,424.69,0.17,ES
ORD007045,110,Home & Garden,2024-05-05,10,137.76,0.02,SE
ORD007046,332,Home & Garden,2024-11-10,3,494.2,0.4,IN
ORD007047,443,Sports,2024-04-01,1,131.06,0.12,IN
ORD007048,24,Electronics,2024-12-17,6,315.97,0.17,DE
ORD007049,240,Sports,2024-08-04,9,465.06,0.11,SE
ORD007050,297,Books,2024-05-10,1,135.26,0.16,FR
ORD007051,50,Clothing,2024-12-22,6,216.58,0.36,ES
ORD007052,331,Automotive,2023-12-20,10,218.36,0.28,NL
ORD007053,416,Clothing,2023-12-20,7,268.65,0.2,IT
ORD007054,64,Beauty,2024-09-13,6,188.42,0.27,BR
ORD007055,424,Beauty,2024-05-07,10,269.45,0.2,IN
ORD007056,235,Home & Garden,2023-04-16,1,316.24,0.08,JP
ORD007057,490,Electronics,2023-08-13,10,155.78,0.12,DE
ORD007058,144,Toys,2024-03-02,2,313.68,0.2,NL
ORD007059,31,Toys,2023-01-12,9,108.35,0.29,FR
ORD007060,330,Clothing,2024-01-08,8,134.72,0.02,BR
ORD007061,220,Automotive,2023-06-20,8,44.67,0.15,DE
ORD007062,318,Books,2023-06-22,5,430.93,0.05,SE
ORD007063,443,Home & Garden,2024-10-15,6,217.69,0.26,IT
ORD007064,432,Automotive,2023-07-25,6,150.1,0.09,BR
ORD007065,60,Beauty,2024-10-17,3,337.45,0.14,BR
ORD007066,34,Home & Garden,2024-01-25,10,185.27,0.16,FR
ORD007067,182,Beauty,2024-11-08,5,250.67,0.17,BR
ORD007068,67,Books,2024-06-16,8,187.29,0.22,US
ORD007069,453,Books,2023-10-30,6,140.12,0.04,CA
ORD007070,275,Toys,2023-01-26,1,485.07,0.32,ES
ORD007071,47,Books,2024-10-12,3,10.68,0.22,FR
ORD007072,278,Sports,2024-05-31,10,165.69,0.21,ES
ORD007073,363,Sports,2023-04-09,7,334.54,0.11,ES
ORD007074,387,Sports,2024-11-13,4,234.19,0.0,CA
ORD007075,475,Automotive,2023-12-23,6,251.2,0.24,FR
ORD007076,309,Home & Garden,2023-01-22,6,293.69,0.19,IT
ORD007077,302,Toys,2023-08-04,8,382.6,0.16,UK
ORD007078,29,Home & Garden,2024-09-19,10,56.59,0.22,FR
ORD007079,440,Clothing,2023-11-02,7,35.69,0.28,JP
ORD007080,388,Books,2024-08-12,2,170.87,0.22,AU
ORD007081,400,Home & Garden,2023-10-22,9,231.77,0.17,IT
ORD007082,487,Clothing,2023-04-08,2,409.93,0.4,UK
ORD007083,404,Sports,2023-05-23,5,11.81,0.24,US
ORD007084,216,Automotive,2024-10-05,3,317.71,0.11,DE
ORD007085,315,Books,2023-05-13,6,172.08,0.09,FR
ORD007086,443,Sports,2024-11-13,10,227.82,0.19,AU
ORD007087,36,Clothing,2023-07-30,7,286.87,0.05,IT
ORD007088,75,Books,2024-12-10,1,113.72,0.01,AU
ORD007089,200,Beauty,2023-03-12,4,107.69,0.22,IN
ORD007090,330,Clothing,2024-02-05,3,386.25,0.16,SE
ORD007091,417,Toys,2023-01-26,7,416.99,0.32,US
ORD007092,155,Automotive,2023-07-07,4,135.27,0.0,BR
ORD007093,102,Beauty,2024-09-16,4,316.92,0.29,IT
ORD007094,95,Beauty,2023-05-17,10,260.96,0.29,BR
ORD007095,151,Clothing,2024-10-12,8,300.42,0.33,FR
ORD007096,31,Electronics,2024-03-06,6,432.71,0.33,DE
ORD007097,257,Clothing,2024-06-14,10,301.36,0.39,CA
ORD007098,431,Beauty,2023-09-20,8,430.34,0.05,MX
ORD007099,212,Electronics,2024-12-19,3,239.25,0.13,JP
ORD007100,244,Clothing,2024-08-26,4,37.21,0.38,SE
ORD007101,409,Toys,2024-10-27,6,84.57,0.33,SE
ORD007102,7,Electronics,2023-04-17,4,325.09,0.32,NL
ORD007103,487,Automotive,2023-07-14,9,193.33,0.23,IN
ORD007104,103,Toys,2024-09-05,5,238.7,0.38,CA
ORD007105,54,Beauty,2024-05-03,6,372.7,0.17,UK
ORD007106,296,Toys,2023-10-08,1,314.46,0.14,IN
ORD007107,10,Books,2023-12-05,5,368.59,0.39,IN
ORD007108,224,Toys,2023-11-17,4,24.31,0.14,IN
ORD007109,388,Books,2024-02-12,7,465.18,0.36,AU
ORD007110,344,Automotive,2023-12-23,9,186.14,0.15,MX
ORD007111,38,Home & Garden,2023-11-28,5,357.17,0.29,UK
ORD007112,364,Sports,2023-08-28,1,211.21,0.19,UK
ORD007113,120,Electronics,2023-11-24,5,109.74,0.24,DE
ORD007114,92,Clothing,2023-05-10,5,277.56,0.36,US
ORD007115,175,Toys,2023-05-20,10,48.75,0.29,BR
ORD007116,223,Automotive,2024-05-17,2,29.62,0.32,IN
ORD007117,150,Clothing,2024-12-05,4,143.54,0.18,SG
ORD007118,267,Automotive,2023-06-05,1,217.28,0.04,IT
ORD007119,325,Beauty,2024-10-28,10,127.28,0.37,SE
ORD007120,39,Toys,2024-04-01,8,495.09,0.39,US
ORD007121,139,Sports,2024-11-26,8,19.89,0.11,NL
ORD007122,154,Electronics,2023-10-16,7,434.91,0.35,AU
ORD007123,304,Clothing,2024-05-18,5,215.29,0.22,FR
ORD007124,129,Electronics,2024-02-02,8,379.24,0.14,JP
ORD007125,348,Toys,2024-12-14,10,455.05,0.01,BR
ORD007126,364,Books,2023-02-14,2,296.4,0.32,UK
ORD007127,11,Beauty,2023-02-12,2,252.19,0.39,DE
ORD007128,316,Toys,2024-09-22,7,317.31,0.08,SE
ORD007129,184,Beauty,2023-02-09,10,486.69,0.0,IN
ORD007130,147,Beauty,2024-10-24,7,45.99,0.13,SG
ORD007131,26,Electronics,2023-03-10,8,285.49,0.37,ES
ORD007132,243,Toys,2023-03-24,4,244.31,0.35,DE
ORD007133,383,Home & Garden,2023-08-30,6,410.76,0.18,FR
ORD007134,78,Beauty,2024-06-14,2,58.14,0.33,DE
ORD007135,30,Electronics,2024-02-26,5,322.68,0.12,NL
ORD007136,70,Home & Garden,2024-10-25,9,154.45,0.23,CA
ORD007137,431,Automotive,2024-04-04,10,381.91,0.27,ES
ORD007138,104,Electronics,2024-03-10,6,38.6,0.05,BR
ORD007139,424,Home & Garden,2024-02-21,9,420.63,0.06,MX
ORD007140,95,Books,2023-10-24,5,6.21,0.03,JP
ORD007141,259,Beauty,2024-04-11,6,442.95,0.4,SE
ORD007142,223,Home & Garden,2024-12-11,4,244.44,0.16,SE
ORD007143,472,Books,2024-12-10,9,462.99,0.13,CA
ORD007144,137,Sports,2023-03-22,1,10.51,0.14,US
ORD007145,184,Clothing,2023-11-29,6,461.17,0.39,SG
ORD007146,224,Sports,2024-03-08,4,274.37,0.01,JP
ORD007147,152,Home & Garden,2024-06-06,8,38.75,0.37,AU
ORD007148,84,Automotive,2023-08-08,6,492.68,0.23,CA
ORD007149,58,Sports,2024-12-18,7,144.81,0.22,IN
ORD007150,297,Automotive,2023-10-31,8,96.96,0.14,SE
ORD007151,364,Books,2023-07-28,2,39.27,0.01,NL
ORD007152,85,Electronics,2024-07-23,8,261.56,0.34,SE
ORD007153,213,Books,2024-03-05,3,339.87,0.21,NL
ORD007154,354,Home & Garden,2024-10-22,7,154.37,0.0,BR
ORD007155,490,Home & Garden,2023-03-19,8,349.27,0.28,IT
ORD007156,66,Electronics,2023-02-09,2,423.34,0.17,ES
ORD007157,436,Electronics,2024-11-19,3,230.34,0.16,AU
ORD007158,194,Sports,2023-11-22,3,482.51,0.02,NL
ORD007159,257,Clothing,2023-06-07,9,58.68,0.27,SE
ORD007160,33,Books,2024-06-26,4,366.13,0.26,CA
ORD007161,226,Beauty,2024-12-29,6,369.87,0.39,ES
ORD007162,143,Home & Garden,2024-12-30,5,281.29,0.04,CA
ORD007163,118,Beauty,2024-12-04,2,74.93,0.38,IN
ORD007164,438,Home & Garden,2023-04-25,2,274.61,0.19,US
ORD007165,77,Toys,2024-09-12,8,87.62,0.02,AU
ORD007166,118,Books,2023-04-01,4,48.02,0.3,IN
ORD007167,121,Clothing,2023-09-18,8,273.17,0.17,JP
ORD007168,388,Books,2023-05-11,9,305.98,0.04,BR
ORD007169,276,Clothing,2023-09-17,7,402.67,0.05,SE
ORD007170,229,Home & Garden,2023-07-01,2,107.03,0.39,IN
ORD007171,71,Books,2024-10-16,10,466.43,0.26,NL
ORD007172,198,Books,2024-12-22,7,288.07,0.38,DE
ORD007173,443,Clothing,2023-05-07,8,324.61,0.31,US
ORD007174,250,Home & Garden,2023-04-05,10,88.57,0.25,FR
ORD007175,484,Electronics,2023-04-30,8,401.56,0.05,IT
ORD007176,23,Home & Garden,2024-02-17,5,330.8,0.18,JP
ORD007177,134,Clothing,2024-10-05,6,97.34,0.1,JP
ORD007178,76,Sports,2024-06-28,1,253.69,0.06,UK
ORD007179,323,Home & Garden,2023-11-05,8,196.71,0.2,DE
ORD007180,53,Home & Garden,2024-12-01,3,499.03,0.13,FR
ORD007181,206,Sports,2024-01-29,5,492.25,0.38,US
ORD007182,20,Electronics,2024-07-26,5,298.03,0.01,CA
ORD007183,262,Electronics,2023-12-31,5,196.5,0.01,IN
ORD007184,94,Home & Garden,2024-05-01,10,241.47,0.25,SG
ORD007185,386,Home & Garden,2023-10-02,7,137.07,0.04,FR
ORD007186,231,Books,2023-02-08,9,388.06,0.22,BR
ORD007187,305,Home & Garden,2024-03-23,8,254.61,0.33,FR
ORD007188,95,Clothing,2023-07-30,7,280.96,0.05,AU
ORD007189,333,Clothing,2024-02-06,1,28.33,0.03,MX
ORD007190,17,Clothing,2024-04-20,2,48.04,0.38,IT
ORD007191,73,Automotive,2023-11-26,5,112.01,0.34,JP
ORD007192,410,Electronics,2023-04-25,9,222.45,0.1,FR
ORD007193,120,Automotive,2024-08-10,1,222.31,0.19,FR
ORD007194,368,Toys,2023-05-06,9,425.61,0.06,IN
ORD007195,433,Electronics,2023-04-05,6,391.07,0.34,SE
ORD007196,66,Beauty,2023-08-20,6,319.39,0.08,AU
ORD007197,485,Books,2023-02-12,5,21.54,0.33,JP
ORD007198,408,Home & Garden,2023-09-15,5,278.37,0.1,IT
ORD007199,278,Electronics,2024-07-07,1,492.52,0.04,UK
ORD007200,160,Electronics,2024-07-30,5,252.38,0.09,FR
ORD007201,104,Beauty,2023-11-30,4,278.57,0.22,DE
ORD007202,115,Sports,2023-05-15,5,29.27,0.35,UK
ORD007203,256,Home & Garden,2024-12-11,3,135.51,0.02,SG
ORD007204,76,Automotive,2024-08-24,6,305.17,0.06,SG
ORD007205,238,Automotive,2023-01-04,9,433.22,0.22,JP
ORD007206,254,Automotive,2024-03-19,1,382.03,0.04,FR
ORD007207,332,Home & Garden,2024-11-21,5,419.17,0.14,ES
ORD007208,4,Beauty,2024-11-09,3,397.05,0.15,IT
ORD007209,164,Electronics,2023-10-19,1,315.23,0.2,SG
ORD007210,67,Toys,2024-03-22,8,268.74,0.29,NL
ORD007211,441,Beauty,2024-03-25,5,183.01,0.1,CA
ORD007212,420,Electronics,2024-06-16,6,405.56,0.13,FR
ORD007213,490,Beauty,2024-11-18,7,220.72,0.17,US
ORD007214,453,Automotive,2023-12-07,2,272.76,0.16,NL
ORD007215,456,Clothing,2023-02-15,10,499.45,0.29,BR
ORD007216,164,Automotive,2024-06-11,9,145.77,0.02,ES
ORD007217,495,Clothing,2024-11-21,9,215.42,0.06,US
ORD007218,2,Automotive,2024-09-27,3,46.06,0.06,FR
ORD007219,69,Automotive,2023-01-18,5,172.08,0.21,AU
ORD007220,150,Home & Garden,2024-10-06,3,448.26,0.03,FR
ORD007221,126,Automotive,2023-04-18,7,138.94,0.03,DE
ORD007222,397,Sports,2024-12-15,3,419.07,0.31,SG
ORD007223,383,Toys,2024-06-25,10,271.18,0.39,NL
ORD007224,83,Home & Garden,2023-04-03,3,273.82,0.01,JP
ORD007225,234,Clothing,2023-03-15,2,491.4,0.07,UK
ORD007226,47,Books,2023-07-22,5,236.69,0.2,JP
ORD007227,481,Clothing,2023-06-17,9,156.21,0.36,SE
ORD007228,353,Clothing,2023-01-03,1,324.18,0.2,CA
ORD007229,75,Toys,2024-10-11,9,253.92,0.15,IN
ORD007230,385,Electronics,2023-04-03,9,240.56,0.34,MX
ORD007231,154,Electronics,2024-12-23,10,446.87,0.31,JP
ORD007232,116,Automotive,2023-07-12,6,370.33,0.32,SG
ORD007233,323,Clothing,2024-02-24,10,212.23,0.09,US
ORD007234,112,Sports,2024-05-24,5,95.85,0.26,CA
ORD007235,205,Electronics,2023-08-08,2,41.93,0.07,IT
ORD007236,442,Toys,2023-11-29,1,128.45,0.18,JP
ORD007237,182,Sports,2024-07-18,6,488.15,0.34,IT
ORD007238,76,Electronics,2023-02-17,1,63.08,0.32,SG
ORD007239,276,Sports,2023-09-22,2,498.78,0.22,MX
ORD007240,73,Clothing,2024-07-30,10,319.44,0.31,MX
ORD007241,403,Automotive,2023-08-31,3,248.68,0.03,DE
ORD007242,370,Sports,2023-02-13,2,425.17,0.33,BR
ORD007243,217,Electronics,2023-05-18,8,155.41,0.32,IN
ORD007244,269,Home & Garden,2024-05-09,4,33.13,0.3,IN
ORD007245,18,Automotive,2024-12-07,9,93.46,0.06,NL
ORD007246,321,Beauty,2023-06-17,3,401.23,0.09,FR
ORD007247,391,Books,2024-01-13,5,292.66,0.09,US
ORD007248,452,Sports,2023-06-25,1,237.71,0.27,US
ORD007249,361,Automotive,2024-11-05,8,380.54,0.11,ES
ORD007250,145,Home & Garden,2024-10-19,10,243.29,0.05,MX
ORD007251,253,Toys,2023-10-13,3,239.11,0.23,ES
ORD007252,162,Home & Garden,2023-01-28,7,458.73,0.14,AU
ORD007253,302,Books,2024-03-19,5,288.39,0.19,SG
ORD007254,436,Clothing,2024-04-03,9,326.71,0.29,UK
ORD007255,185,Automotive,2024-03-26,1,320.08,0.09,BR
ORD007256,399,Sports,2023-08-05,10,141.93,0.36,IT
ORD007257,53,Sports,2023-01-18,8,499.2,0.29,CA
ORD007258,358,Electronics,2023-01-24,6,26.2,0.33,AU
ORD007259,399,Toys,2024-07-22,3,163.16,0.17,US
ORD007260,392,Clothing,2024-01-23,3,176.01,0.23,JP
ORD007261,197,Automotive,2023-07-17,1,489.73,0.31,NL
ORD007262,371,Toys,2024-10-29,1,302.16,0.02,BR
ORD007263,493,Home & Garden,2024-10-07,4,191.11,0.15,BR
ORD007264,32,Home & Garden,2024-08-18,7,163.92,0.05,ES
ORD007265,489,Electronics,2024-03-29,4,49.59,0.32,CA
ORD007266,181,Toys,2024-03-24,1,22.13,0.39,JP
ORD007267,160,Electronics,2024-01-23,8,83.56,0.36,NL
ORD007268,53,Automotive,2023-05-14,2,233.34,0.37,BR
ORD007269,98,Books,2024-06-14,4,148.57,0.15,IT
ORD007270,258,Automotive,2024-01-16,10,492.43,0.21,JP
ORD007271,380,Beauty,2024-02-03,4,143.32,0.16,UK
ORD007272,363,Home & Garden,2024-05-17,4,418.23,0.15,MX
ORD007273,383,Automotive,2023-09-29,1,427.33,0.01,MX
ORD007274,365,Toys,2024-05-29,1,112.54,0.24,UK
ORD007275,16,Sports,2023-07-01,8,118.04,0.33,NL
ORD007276,227,Clothing,2024-09-23,3,357.97,0.16,NL
ORD007277,269,Sports,2024-12-20,1,481.28,0.34,FR
ORD007278,25,Sports,2024-03-08,10,268.21,0.18,IN
ORD007279,142,Clothing,2023-10-06,4,191.79,0.26,FR
ORD007280,143,Sports,2023-07-30,2,21.14,0.0,SE
ORD007281,25,Automotive,2024-10-13,3,396.11,0.25,SG
ORD007282,225,Home & Garden,2023-08-27,2,132.23,0.12,JP
ORD007283,216,Home & Garden,2024-08-17,10,104.3,0.32,IT
ORD007284,272,Sports,2023-10-26,8,111.16,0.0,DE
ORD007285,67,Home & Garden,2024-10-04,7,337.88,0.04,SE
ORD007286,488,Toys,2023-11-12,8,209.46,0.33,AU
ORD007287,142,Automotive,2024-02-26,1,405.54,0.18,AU
ORD007288,309,Toys,2023-03-31,5,51.1,0.11,DE
ORD007289,284,Beauty,2024-12-13,7,345.19,0.01,SE
ORD007290,4,Clothing,2024-02-15,8,434.95,0.14,US
ORD007291,124,Beauty,2024-03-28,9,426.94,0.32,BR
ORD007292,350,Electronics,2023-04-02,9,89.28,0.21,IN
ORD007293,182,Home & Garden,2024-05-19,7,301.48,0.05,BR
ORD007294,166,Clothing,2023-11-08,2,477.65,0.15,NL
ORD007295,355,Clothing,2023-11-05,6,400.61,0.14,FR
ORD007296,400,Automotive,2023-12-12,6,431.62,0.04,JP
ORD007297,404,Books,2024-01-27,4,464.6,0.15,US
ORD007298,220,Sports,2024-08-09,7,61.55,0.06,MX
ORD007299,230,Home & Garden,2023-09-07,7,96.93,0.28,JP
ORD007300,338,Toys,2024-10-04,8,398.94,0.09,BR
ORD007301,295,Beauty,2023-03-22,1,397.96,0.12,SG
ORD007302,187,Electronics,2024-01-23,3,56.18,0.06,AU
ORD007303,166,Beauty,2024-05-09,3,429.99,0.32,AU
ORD007304,484,Toys,2024-12-09,3,158.62,0.37,MX
ORD007305,443,Automotive,2023-10-18,10,462.52,0.08,SG
ORD007306,152,Electronics,2024-05-10,4,36.61,0.21,CA
ORD007307,41,Electronics,2024-07-28,8,305.61,0.36,US
ORD007308,478,Clothing,2024-08-30,9,492.22,0.38,IN
ORD007309,49,Home & Garden,2024-10-31,1,296.8,0.06,FR
ORD007310,117,Toys,2023-09-10,8,62.73,0.24,IN
ORD007311,19,Beauty,2024-09-07,7,50.35,0.2,CA
ORD007312,388,Toys,2024-11-29,10,288.82,0.16,AU
ORD007313,51,Home & Garden,2023-12-09,9,365.14,0.33,AU
ORD007314,160,Clothing,2024-05-19,3,401.3,0.01,FR
ORD007315,315,Clothing,2023-08-24,7,293.62,0.34,BR
ORD007316,27,Home & Garden,2023-07-07,3,156.5,0.09,UK
ORD007317,500,Beauty,2023-07-22,6,56.03,0.06,NL
ORD007318,391,Automotive,2023-02-07,10,330.91,0.25,MX
ORD007319,301,Electronics,2024-02-27,5,280.46,0.38,BR
ORD007320,281,Automotive,2024-09-21,10,133.56,0.21,FR
ORD007321,128,Books,2023-07-29,6,475.53,0.39,UK
ORD007322,295,Sports,2023-01-24,10,285.85,0.25,CA
ORD007323,410,Toys,2023-07-26,9,392.37,0.24,US
ORD007324,251,Home & Garden,2024-07-17,1,305.76,0.07,CA
ORD007325,178,Clothing,2023-11-23,4,82.54,0.06,IT
ORD007326,147,Clothing,2024-07-13,1,465.84,0.25,IT
ORD007327,297,Beauty,2023-06-08,8,290.43,0.02,IT
ORD007328,447,Toys,2024-04-13,8,326.34,0.39,AU
ORD007329,221,Home & Garden,2024-06-17,7,261.29,0.11,US
ORD007330,333,Automotive,2024-08-13,2,386.89,0.19,NL
ORD007331,256,Home & Garden,2024-05-14,2,472.18,0.07,UK
ORD007332,245,Toys,2024-10-26,9,168.98,0.18,IN
ORD007333,53,Automotive,2023-04-02,3,426.24,0.09,SE
ORD007334,170,Books,2024-02-06,6,64.1,0.34,NL
ORD007335,466,Clothing,2023-11-25,9,216.43,0.03,BR
ORD007336,442,Home & Garden,2024-12-30,4,448.91,0.17,MX
ORD007337,153,Home & Garden,2024-02-06,4,294.05,0.31,IN
ORD007338,295,Sports,2024-05-15,2,25.12,0.35,IN
ORD007339,301,Sports,2024-11-01,5,187.3,0.39,UK
ORD007340,442,Sports,2023-04-15,7,361.34,0.02,NL
ORD007341,4,Electronics,2023-09-05,4,166.41,0.05,CA
ORD007342,153,Beauty,2023-08-25,3,125.05,0.1,BR
ORD007343,230,Books,2023-03-27,6,401.98,0.38,IT
ORD007344,260,Beauty,2024-02-13,1,127.86,0.39,NL
ORD007345,384,Sports,2023-08-12,1,106.65,0.23,BR
ORD007346,171,Books,2023-05-01,7,348.91,0.29,US
ORD007347,307,Automotive,2023-01-16,5,348.07,0.19,BR
ORD007348,424,Books,2023-01-19,10,6.76,0.36,IN
ORD007349,160,Home & Garden,2023-10-13,5,283.65,0.04,ES
ORD007350,251,Books,2024-03-21,4,37.27,0.32,IN
ORD007351,326,Sports,2023-06-05,9,455.4,0.19,IT
ORD007352,402,Electronics,2024-10-26,1,370.71,0.18,IN
ORD007353,398,Toys,2023-06-03,3,368.92,0.23,CA
ORD007354,204,Electronics,2023-07-17,8,371.66,0.19,MX
ORD007355,80,Clothing,2023-08-11,4,97.58,0.34,SE
ORD007356,60,Automotive,2023-04-26,5,58.39,0.1,CA
ORD007357,33,Clothing,2024-12-30,6,227.67,0.05,MX
ORD007358,241,Books,2024-06-07,6,351.5,0.26,ES
ORD007359,231,Home & Garden,2023-08-08,9,496.49,0.3,UK
ORD007360,125,Home & Garden,2024-12-11,6,143.58,0.2,US
ORD007361,219,Sports,2024-04-08,8,454.81,0.26,JP
ORD007362,346,Electronics,2024-07-15,8,43.96,0.19,SE
ORD007363,24,Books,2023-09-08,1,154.63,0.33,IN
ORD007364,126,Home & Garden,2023-06-08,6,208.91,0.28,DE
ORD007365,340,Electronics,2023-11-25,4,180.74,0.38,NL
ORD007366,121,Electronics,2023-11-01,4,417.67,0.24,NL
ORD007367,291,Beauty,2024-12-19,3,221.7,0.27,SE
ORD007368,389,Automotive,2023-04-16,8,385.64,0.21,NL
ORD007369,157,Toys,2023-04-09,2,442.54,0.22,FR
ORD007370,51,Automotive,2024-03-29,2,256.04,0.03,AU
ORD007371,139,Automotive,2024-02-15,3,195.75,0.18,IT
ORD007372,321,Automotive,2024-02-03,10,7.14,0.09,IT
ORD007373,145,Beauty,2023-10-28,6,366.2,0.39,BR
ORD007374,457,Clothing,2023-09-21,5,481.38,0.36,JP
ORD007375,57,Toys,2023-03-05,9,123.7,0.16,SE
ORD007376,229,Beauty,2024-08-01,1,468.47,0.04,NL
ORD007377,465,Sports,2023-11-22,9,490.62,0.15,UK
ORD007378,369,Books,2024-10-17,4,333.34,0.4,MX
ORD007379,31,Automotive,2023-12-28,4,320.52,0.03,IT
ORD007380,141,Toys,2024-10-21,9,420.93,0.36,JP
ORD007381,22,Toys,2024-11-05,3,487.02,0.04,SG
ORD007382,480,Automotive,2024-02-13,3,314.2,0.22,CA
ORD007383,392,Electronics,2024-08-05,6,17.12,0.35,BR
ORD007384,125,Sports,2023-03-17,3,381.49,0.25,US
ORD007385,230,Beauty,2023-03-27,7,153.71,0.07,CA
ORD007386,224,Home & Garden,2024-05-26,6,257.55,0.4,SG
ORD007387,406,Clothing,2023-02-07,6,314.17,0.34,MX
ORD007388,54,Sports,2024-06-03,5,188.54,0.06,IT
ORD007389,255,Beauty,2023-06-18,9,64.61,0.21,US
ORD007390,365,Sports,2023-06-21,8,273.8,0.26,UK
ORD007391,450,Automotive,2023-09-20,4,241.66,0.24,BR
ORD007392,175,Sports,2024-11-05,2,488.5,0.14,UK
ORD007393,175,Clothing,2024-06-02,4,44.78,0.33,AU
ORD007394,323,Clothing,2024-07-02,2,435.04,0.11,AU
ORD007395,293,Electronics,2024-07-25,6,250.17,0.12,UK
ORD007396,455,Toys,2024-08-30,9,109.85,0.22,SG
ORD007397,110,Beauty,2023-05-05,7,151.55,0.03,SE
ORD007398,194,Electronics,2024-11-18,9,10.24,0.03,SE
ORD007399,225,Beauty,2023-10-17,4,273.54,0.39,JP
ORD007400,260,Toys,2024-02-15,10,462.17,0.17,UK
ORD007401,67,Toys,2024-08-14,3,377.44,0.23,SE
ORD007402,78,Home & Garden,2024-09-14,6,149.6,0.4,SE
ORD007403,250,Home & Garden,2024-01-05,10,180.75,0.39,FR
ORD007404,43,Electronics,2024-02-02,1,152.64,0.31,IT
ORD007405,230,Beauty,2023-10-27,8,68.24,0.23,CA
ORD007406,82,Toys,2023-02-06,5,84.3,0.1,NL
ORD007407,14,Toys,2024-04-17,7,359.94,0.07,SG
ORD007408,209,Automotive,2024-05-09,9,293.76,0.05,AU
ORD007409,46,Beauty,2023-12-12,3,148.48,0.15,BR
ORD007410,322,Clothing,2023-02-05,10,135.78,0.11,MX
ORD007411,282,Books,2024-02-18,10,363.62,0.34,AU
ORD007412,75,Books,2023-03-17,6,53.05,0.37,SG
ORD007413,359,Books,2023-11-28,6,113.09,0.24,ES
ORD007414,147,Electronics,2024-08-05,8,180.34,0.26,IN
ORD007415,331,Sports,2023-06-15,3,438.34,0.21,US
ORD007416,473,Clothing,2024-11-01,4,410.07,0.04,FR
ORD007417,361,Toys,2024-06-01,4,46.81,0.34,ES
ORD007418,152,Automotive,2023-07-07,1,280.63,0.02,US
ORD007419,240,Clothing,2023-06-17,4,419.21,0.27,DE
ORD007420,151,Books,2023-02-24,10,275.05,0.07,IN
ORD007421,171,Clothing,2024-09-29,1,234.52,0.31,US
ORD007422,441,Beauty,2023-02-16,9,446.77,0.26,FR
ORD007423,344,Beauty,2024-04-02,5,368.71,0.1,SG
ORD007424,273,Toys,2024-07-02,4,257.41,0.31,SG
ORD007425,136,Sports,2023-07-06,3,92.69,0.31,FR
ORD007426,261,Sports,2023-10-05,3,93.94,0.2,IN
ORD007427,315,Clothing,2023-08-03,5,122.95,0.22,SE
ORD007428,355,Sports,2024-08-08,3,295.63,0.04,UK
ORD007429,46,Books,2024-12-27,6,276.27,0.17,JP
ORD007430,434,Home & Garden,2024-12-09,8,318.76,0.26,NL
ORD007431,269,Beauty,2023-02-20,4,103.46,0.03,DE
ORD007432,177,Automotive,2024-05-09,9,262.23,0.14,SG
ORD007433,360,Clothing,2024-03-03,1,307.46,0.18,JP
ORD007434,275,Toys,2024-11-09,2,429.66,0.28,US
ORD007435,159,Sports,2024-02-26,10,142.11,0.15,DE
ORD007436,457,Automotive,2023-11-30,9,143.38,0.37,SE
ORD007437,460,Sports,2023-11-24,2,496.43,0.32,UK
ORD007438,455,Home & Garden,2024-09-15,5,36.78,0.2,ES
ORD007439,37,Automotive,2024-05-05,4,247.16,0.28,CA
ORD007440,459,Automotive,2023-02-24,2,464.67,0.12,DE
ORD007441,133,Beauty,2024-11-12,8,277.46,0.2,JP
ORD007442,174,Automotive,2024-05-10,5,292.6,0.23,ES
ORD007443,339,Toys,2023-04-24,9,138.52,0.11,MX
ORD007444,239,Books,2023-12-09,4,368.83,0.34,CA
ORD007445,414,Beauty,2023-07-02,7,481.12,0.22,AU
ORD007446,333,Automotive,2024-03-07,10,236.05,0.18,JP
ORD007447,57,Automotive,2024-02-11,3,433.63,0.13,CA
ORD007448,71,Beauty,2024-12-09,4,23.14,0.36,MX
ORD007449,50,Books,2023-02-10,7,421.67,0.12,IN
ORD007450,165,Beauty,2023-11-25,7,479.13,0.05,UK
ORD007451,233,Electronics,2023-05-14,5,425.95,0.03,IN
ORD007452,442,Toys,2023-01-17,1,49.24,0.34,DE
ORD007453,173,Books,2024-07-22,8,320.32,0.13,NL
ORD007454,49,Clothing,2024-07-07,7,42.79,0.26,IN
ORD007455,275,Automotive,2024-11-12,4,39.46,0.4,UK
ORD007456,209,Toys,2024-03-05,9,44.19,0.11,FR
ORD007457,422,Toys,2023-07-06,1,76.59,0.25,UK
ORD007458,18,Sports,2023-09-22,6,270.78,0.22,DE
ORD007459,145,Clothing,2024-03-17,6,374.82,0.03,JP
ORD007460,349,Sports,2024-04-04,1,86.47,0.14,UK
ORD007461,6,Books,2023-02-01,1,9.27,0.05,BR
ORD007462,282,Automotive,2024-10-26,10,216.66,0.1,SE
ORD007463,336,Sports,2024-11-07,7,216.15,0.34,CA
ORD007464,17,Beauty,2024-08-05,9,222.43,0.13,US
ORD007465,282,Clothing,2023-07-02,4,281.29,0.01,FR
ORD007466,466,Books,2023-09-12,6,486.01,0.35,NL
ORD007467,258,Sports,2024-05-27,9,145.67,0.37,NL
ORD007468,87,Automotive,2023-08-12,5,287.65,0.22,JP
ORD007469,393,Electronics,2023-10-11,6,422.5,0.14,FR
ORD007470,30,Electronics,2024-05-02,9,220.86,0.33,AU
ORD007471,425,Toys,2023-01-25,1,13.34,0.04,MX
ORD007472,477,Electronics,2023-04-11,6,179.78,0.25,CA
ORD007473,73,Books,2023-01-27,7,353.53,0.06,IT
ORD007474,138,Toys,2023-07-13,9,98.26,0.34,ES
ORD007475,417,Home & Garden,2023-12-18,9,335.24,0.31,BR
ORD007476,371,Beauty,2024-09-08,2,31.7,0.36,JP
ORD007477,271,Electronics,2023-05-11,1,337.55,0.39,AU
ORD007478,337,Toys,2023-09-18,2,253.01,0.32,JP
ORD007479,436,Toys,2023-01-07,8,353.08,0.11,NL
ORD007480,358,Books,2023-12-05,3,19.72,0.25,DE
ORD007481,284,Toys,2023-01-19,8,476.31,0.37,IN
ORD007482,194,Home & Garden,2023-08-24,10,292.61,0.08,AU
ORD007483,448,Beauty,2024-08-29,7,336.29,0.08,UK
ORD007484,287,Beauty,2024-11-14,2,408.79,0.3,US
ORD007485,417,Toys,2023-09-26,5,30.35,0.25,US
ORD007486,429,Sports,2023-07-26,3,85.0,0.18,IT
ORD007487,163,Toys,2024-07-07,7,83.9,0.04,SE
ORD007488,372,Clothing,2024-05-24,5,83.75,0.3,UK
ORD007489,322,Home & Garden,2023-10-04,5,49.09,0.14,NL
ORD007490,115,Books,2024-10-22,7,460.48,0.36,CA
ORD007491,285,Electronics,2023-11-28,4,178.12,0.24,SE
ORD007492,478,Beauty,2024-11-14,10,62.14,0.3,US
ORD007493,268,Toys,2024-10-07,1,357.87,0.07,FR
ORD007494,345,Books,2024-11-23,8,187.12,0.27,IN
ORD007495,55,Electronics,2023-03-21,5,107.53,0.39,CA
ORD007496,195,Automotive,2023-07-14,7,464.77,0.09,SG
ORD007497,12,Toys,2023-09-28,8,424.67,0.3,BR
ORD007498,184,Beauty,2024-06-26,9,298.36,0.16,AU
ORD007499,172,Electronics,2023-08-03,1,251.77,0.04,SE
ORD007500,95,Automotive,2023-06-01,4,56.56,0.36,SG
ORD007501,249,Electronics,2023-09-08,1,243.63,0.17,SE
ORD007502,253,Automotive,2023-08-15,4,209.94,0.14,ES
ORD007503,277,Sports,2024-08-17,2,254.82,0.32,CA
ORD007504,199,Beauty,2024-12-23,7,206.04,0.01,ES
ORD007505,259,Automotive,2023-08-10,3,268.74,0.24,NL
ORD007506,290,Automotive,2023-02-07,5,287.67,0.02,IN
ORD007507,73,Toys,2024-06-10,6,47.75,0.38,AU
ORD007508,241,Electronics,2023-12-17,1,109.55,0.36,NL
ORD007509,409,Toys,2023-11-13,9,231.9,0.26,DE
ORD007510,353,Sports,2023-09-14,5,452.15,0.21,SG
ORD007511,360,Beauty,2023-12-10,1,470.04,0.31,DE
ORD007512,148,Automotive,2023-04-10,2,286.29,0.28,IT
ORD007513,432,Home & Garden,2024-03-22,8,288.99,0.17,BR
ORD007514,245,Books,2024-11-09,10,268.97,0.06,UK
ORD007515,442,Toys,2024-11-02,8,149.76,0.34,UK
ORD007516,79,Clothing,2024-06-22,3,231.25,0.28,FR
ORD007517,417,Home & Garden,2023-10-12,5,287.52,0.13,BR
ORD007518,149,Toys,2024-11-03,3,433.89,0.17,BR
ORD007519,333,Automotive,2024-04-26,2,176.26,0.29,US
ORD007520,9,Toys,2024-01-03,9,109.1,0.25,BR
ORD007521,221,Toys,2023-07-27,1,79.39,0.37,FR
ORD007522,390,Sports,2024-07-05,5,162.52,0.01,AU
ORD007523,318,Books,2024-08-05,2,255.72,0.25,SE
ORD007524,156,Beauty,2024-02-13,5,492.46,0.15,IT
ORD007525,124,Books,2023-07-28,4,102.61,0.12,SE
ORD007526,116,Clothing,2023-10-12,4,30.13,0.36,IT
ORD007527,462,Toys,2024-03-31,6,139.87,0.17,IT
ORD007528,151,Automotive,2023-06-12,4,307.36,0.17,SE
ORD007529,317,Home & Garden,2023-12-10,4,477.43,0.11,UK
ORD007530,6,Books,2023-01-31,3,339.92,0.3,IN
ORD007531,300,Clothing,2024-08-10,6,394.53,0.18,SE
ORD007532,325,Beauty,2023-10-06,7,311.34,0.16,BR
ORD007533,291,Toys,2023-11-21,9,481.91,0.28,FR
ORD007534,417,Clothing,2024-10-08,10,296.21,0.25,IT
ORD007535,342,Sports,2023-10-17,2,340.93,0.4,UK
ORD007536,106,Books,2023-12-13,7,491.92,0.12,NL
ORD007537,343,Electronics,2023-08-04,9,281.53,0.37,AU
ORD007538,119,Toys,2024-08-12,2,123.0,0.2,IN
ORD007539,23,Home & Garden,2023-11-15,2,475.04,0.01,DE
ORD007540,465,Clothing,2023-12-18,2,278.26,0.29,FR
ORD007541,213,Toys,2023-12-26,5,405.05,0.15,IT
ORD007542,217,Clothing,2024-05-08,8,204.86,0.35,UK
ORD007543,488,Clothing,2024-01-31,8,480.55,0.16,CA
ORD007544,304,Clothing,2023-11-14,7,395.27,0.05,SG
ORD007545,380,Beauty,2024-04-23,7,319.18,0.27,BR
ORD007546,439,Home & Garden,2024-04-10,9,384.19,0.14,SG
ORD007547,96,Sports,2024-06-02,8,410.68,0.25,SG
ORD007548,77,Beauty,2023-12-09,5,428.12,0.12,UK
ORD007549,214,Home & Garden,2024-12-16,8,280.36,0.13,IN
ORD007550,37,Books,2024-02-25,1,353.19,0.21,SG
ORD007551,231,Automotive,2024-08-05,1,484.59,0.21,CA
ORD007552,272,Sports,2023-12-07,5,288.75,0.4,US
ORD007553,490,Toys,2023-09-04,5,10.25,0.22,BR
ORD007554,85,Books,2024-01-18,9,11.71,0.24,IN
ORD007555,476,Automotive,2024-02-26,4,386.45,0.34,MX
ORD007556,122,Books,2023-08-14,3,28.74,0.0,IN
ORD007557,39,Automotive,2024-07-04,10,343.24,0.38,BR
ORD007558,424,Sports,2023-11-09,7,446.12,0.13,UK
ORD007559,133,Home & Garden,2024-04-27,10,283.02,0.33,UK
ORD007560,149,Toys,2023-07-30,7,121.06,0.24,UK
ORD007561,37,Books,2023-12-20,3,464.74,0.34,US
ORD007562,268,Beauty,2023-09-15,4,255.87,0.15,IT
ORD007563,98,Beauty,2023-11-02,8,94.32,0.34,NL
ORD007564,304,Electronics,2024-05-08,2,209.81,0.37,AU
ORD007565,225,Electronics,2023-04-25,3,384.9,0.12,DE
ORD007566,136,Electronics,2023-06-29,8,290.25,0.25,ES
ORD007567,301,Home & Garden,2023-09-20,8,283.22,0.08,US
ORD007568,78,Toys,2023-07-19,7,26.45,0.26,US
ORD007569,407,Toys,2023-05-08,3,213.39,0.37,BR
ORD007570,347,Books,2024-08-19,1,345.42,0.26,US
ORD007571,44,Beauty,2023-04-29,8,90.16,0.29,DE
ORD007572,498,Electronics,2024-04-13,3,490.92,0.35,CA
ORD007573,141,Toys,2023-11-26,1,19.28,0.27,SG
ORD007574,483,Home & Garden,2023-04-30,6,135.74,0.1,JP
ORD007575,305,Electronics,2023-08-05,8,23.4,0.26,IT
ORD007576,461,Beauty,2023-03-21,5,132.39,0.37,CA
ORD007577,230,Toys,2023-03-11,5,159.45,0.29,SG
ORD007578,386,Sports,2023-09-20,5,243.18,0.11,SE
ORD007579,155,Toys,2024-07-05,8,432.56,0.36,NL
ORD007580,348,Books,2023-10-18,9,154.33,0.37,CA
ORD007581,89,Electronics,2024-02-20,1,105.82,0.09,CA
ORD007582,74,Home & Garden,2023-04-04,2,106.76,0.15,DE
ORD007583,355,Books,2024-10-05,9,47.93,0.04,IT
ORD007584,17,Toys,2023-08-30,4,79.36,0.37,ES
ORD007585,118,Home & Garden,2023-05-19,7,152.68,0.23,IN
ORD007586,245,Automotive,2023-09-16,1,119.89,0.13,US
ORD007587,343,Toys,2024-12-08,4,44.48,0.11,FR
ORD007588,290,Toys,2024-04-04,6,479.71,0.23,BR
ORD007589,459,Toys,2023-03-30,4,44.22,0.39,BR
ORD007590,363,Books,2023-04-29,3,370.32,0.19,IN
ORD007591,108,Sports,2024-07-10,3,137.36,0.39,SG
ORD007592,352,Automotive,2024-09-09,7,279.14,0.3,UK
ORD007593,361,Automotive,2023-03-02,6,6.69,0.28,US
ORD007594,426,Books,2023-08-03,3,9.57,0.06,CA
ORD007595,401,Toys,2023-02-04,1,172.45,0.08,SE
ORD007596,314,Electronics,2023-04-01,3,353.75,0.3,SG
ORD007597,317,Clothing,2023-04-11,8,486.38,0.07,FR
ORD007598,228,Home & Garden,2023-11-16,9,229.29,0.22,BR
ORD007599,163,Toys,2023-01-10,8,341.94,0.21,UK
ORD007600,479,Clothing,2024-06-04,10,286.04,0.29,AU
ORD007601,120,Clothing,2023-10-22,3,470.06,0.22,SG
ORD007602,421,Toys,2023-10-20,8,283.33,0.09,JP
ORD007603,394,Clothing,2024-12-03,2,141.59,0.31,UK
ORD007604,309,Electronics,2023-08-30,9,354.36,0.31,IT
ORD007605,163,Toys,2023-01-31,10,430.77,0.02,SG
ORD007606,356,Sports,2023-10-23,5,425.1,0.22,CA
ORD007607,404,Sports,2023-12-07,7,402.07,0.03,MX
ORD007608,300,Sports,2023-12-10,3,51.51,0.05,MX
ORD007609,421,Automotive,2023-12-05,7,235.74,0.02,NL
ORD007610,256,Automotive,2023-09-02,3,217.86,0.3,SG
ORD007611,436,Sports,2024-02-03,7,492.32,0.23,MX
ORD007612,202,Toys,2024-09-27,5,78.81,0.2,IT
ORD007613,409,Sports,2023-09-19,3,232.77,0.09,US
ORD007614,35,Books,2024-01-26,8,367.01,0.01,CA
ORD007615,451,Clothing,2024-09-10,9,37.84,0.09,ES
ORD007616,334,Toys,2023-10-18,1,447.26,0.13,SE
ORD007617,465,Beauty,2023-04-10,5,355.06,0.35,ES
ORD007618,462,Toys,2023-11-12,7,73.45,0.06,CA
ORD007619,247,Books,2024-01-04,3,344.51,0.08,DE
ORD007620,329,Sports,2024-09-26,3,320.47,0.06,BR
ORD007621,146,Home & Garden,2024-09-14,6,65.8,0.31,UK
ORD007622,489,Automotive,2024-07-14,4,482.51,0.06,ES
ORD007623,95,Sports,2023-10-07,9,256.58,0.04,AU
ORD007624,95,Home & Garden,2023-07-22,7,270.47,0.2,IT
ORD007625,196,Automotive,2023-11-19,8,343.81,0.2,US
ORD007626,218,Clothing,2023-08-22,9,105.3,0.18,CA
ORD007627,127,Books,2024-12-16,8,299.36,0.34,US
ORD007628,482,Clothing,2023-03-03,6,167.02,0.22,CA
ORD007629,422,Toys,2024-01-05,3,440.67,0.01,NL
ORD007630,102,Toys,2023-10-08,3,448.58,0.13,AU
ORD007631,421,Toys,2024-07-17,3,379.71,0.31,NL
ORD007632,157,Automotive,2024-03-11,1,89.81,0.06,JP
ORD007633,222,Electronics,2023-02-13,9,238.79,0.34,IN
ORD007634,492,Clothing,2024-05-06,10,481.52,0.21,IT
ORD007635,405,Home & Garden,2023-12-26,8,184.66,0.13,IN
ORD007636,176,Clothing,2024-03-25,3,166.33,0.09,BR
ORD007637,321,Electronics,2023-03-08,9,113.95,0.13,AU
ORD007638,402,Clothing,2024-01-08,7,41.56,0.02,SG
ORD007639,288,Clothing,2024-01-21,10,43.48,0.22,DE
ORD007640,124,Automotive,2023-04-17,8,92.36,0.1,NL
ORD007641,406,Electronics,2024-03-24,4,209.31,0.35,MX
ORD007642,177,Clothing,2024-10-25,6,283.43,0.06,BR
ORD007643,403,Books,2023-01-19,6,267.78,0.19,CA
ORD007644,270,Toys,2023-07-04,5,216.66,0.29,FR
ORD007645,400,Toys,2023-08-29,6,435.45,0.3,CA
ORD007646,412,Beauty,2024-02-02,8,414.81,0.09,AU
ORD007647,273,Clothing,2024-06-24,4,199.69,0.38,UK
ORD007648,163,Beauty,2024-04-27,3,257.5,0.38,UK
ORD007649,161,Home & Garden,2023-12-04,6,443.48,0.17,BR
ORD007650,18,Beauty,2024-12-01,8,98.54,0.18,ES
ORD007651,202,Sports,2023-09-07,10,180.32,0.13,SG
ORD007652,104,Home & Garden,2024-07-26,9,302.15,0.16,AU
ORD007653,341,Clothing,2024-08-26,10,226.57,0.32,SE
ORD007654,331,Electronics,2023-03-15,4,281.57,0.2,ES
ORD007655,456,Books,2023-02-01,6,25.93,0.36,DE
ORD007656,83,Clothing,2024-12-21,3,248.0,0.16,FR
ORD007657,362,Sports,2023-09-19,3,479.02,0.28,IN
ORD007658,116,Toys,2024-05-02,1,470.77,0.29,DE
ORD007659,396,Toys,2023-01-22,9,349.38,0.13,JP
ORD007660,405,Beauty,2024-07-11,4,467.47,0.36,DE
ORD007661,146,Home & Garden,2023-09-15,9,379.99,0.2,AU
ORD007662,486,Clothing,2024-02-29,3,99.08,0.2,AU
ORD007663,220,Books,2023-02-05,6,345.24,0.02,FR
ORD007664,318,Books,2023-03-20,5,495.12,0.34,UK
ORD007665,374,Beauty,2024-08-23,5,329.54,0.24,ES
ORD007666,303,Toys,2024-02-09,7,404.0,0.09,US
ORD007667,436,Beauty,2024-07-21,2,349.2,0.13,AU
ORD007668,34,Books,2023-04-28,5,24.39,0.15,ES
ORD007669,257,Books,2023-08-28,4,15.13,0.33,ES
ORD007670,396,Beauty,2024-09-13,10,374.5,0.32,AU
ORD007671,10,Toys,2024-03-03,1,157.17,0.22,UK
ORD007672,238,Electronics,2024-05-03,9,243.47,0.31,ES
ORD007673,443,Sports,2023-05-31,5,168.62,0.23,SE
ORD007674,165,Electronics,2024-02-10,10,103.94,0.06,DE
ORD007675,49,Electronics,2024-06-19,2,156.7,0.09,ES
ORD007676,193,Electronics,2023-05-07,4,222.2,0.13,BR
ORD007677,265,Electronics,2023-08-07,6,150.46,0.09,CA
ORD007678,45,Home & Garden,2023-01-07,4,483.06,0.36,SG
ORD007679,240,Electronics,2024-12-03,3,472.48,0.08,IT
ORD007680,330,Sports,2024-10-15,1,59.85,0.04,FR
ORD007681,482,Clothing,2023-03-09,9,122.82,0.33,BR
ORD007682,334,Clothing,2024-08-30,7,65.94,0.06,FR
ORD007683,63,Electronics,2024-02-03,2,298.97,0.0,CA
ORD007684,468,Books,2024-12-05,9,275.23,0.27,IT
ORD007685,333,Electronics,2024-01-07,5,69.23,0.06,AU
ORD007686,421,Sports,2023-05-31,10,326.82,0.16,CA
ORD007687,156,Home & Garden,2024-09-17,2,180.25,0.13,BR
ORD007688,16,Automotive,2024-11-15,4,237.94,0.38,FR
ORD007689,218,Toys,2024-01-23,6,364.37,0.04,JP
ORD007690,179,Home & Garden,2023-10-25,7,19.73,0.02,DE
ORD007691,209,Home & Garden,2024-07-19,4,443.89,0.31,FR
ORD007692,471,Electronics,2023-03-03,4,61.87,0.13,CA
ORD007693,175,Sports,2024-09-07,2,273.53,0.23,NL
ORD007694,134,Sports,2024-09-20,9,471.78,0.0,CA
ORD007695,441,Books,2023-08-04,7,477.06,0.4,SG
ORD007696,448,Books,2023-01-09,10,376.27,0.26,CA
ORD007697,361,Toys,2023-01-08,6,320.89,0.26,IT
ORD007698,63,Toys,2024-12-14,9,256.07,0.3,ES
ORD007699,450,Books,2024-07-23,3,84.54,0.15,MX
ORD007700,21,Beauty,2023-09-19,3,247.91,0.16,IN
ORD007701,405,Books,2024-10-11,10,170.94,0.18,IT
ORD007702,371,Home & Garden,2024-10-13,2,454.58,0.32,ES
ORD007703,209,Automotive,2024-10-24,8,12.81,0.03,FR
ORD007704,99,Toys,2024-01-02,9,304.09,0.12,AU
ORD007705,31,Home & Garden,2024-08-21,7,420.0,0.31,CA
ORD007706,19,Sports,2023-01-28,7,28.52,0.03,DE
ORD007707,150,Home & Garden,2023-04-27,10,290.95,0.38,US
ORD007708,238,Clothing,2024-04-06,1,273.83,0.22,CA
ORD007709,173,Electronics,2023-03-17,8,33.62,0.05,US
ORD007710,304,Beauty,2023-02-01,9,354.0,0.08,JP
ORD007711,51,Automotive,2023-03-21,5,211.32,0.08,CA
ORD007712,352,Automotive,2023-11-28,1,225.15,0.07,UK
ORD007713,78,Books,2023-12-23,10,32.35,0.21,UK
ORD007714,222,Home & Garden,2024-11-06,7,200.1,0.32,CA
ORD007715,12,Toys,2023-11-04,7,55.97,0.07,AU
ORD007716,465,Books,2024-01-11,8,360.62,0.02,IN
ORD007717,220,Toys,2024-08-18,2,392.1,0.01,CA
ORD007718,187,Home & Garden,2024-08-17,9,87.01,0.05,NL
ORD007719,85,Automotive,2023-08-27,1,62.26,0.08,NL
ORD007720,117,Beauty,2024-06-12,1,484.93,0.16,CA
ORD007721,136,Automotive,2024-10-08,1,228.14,0.3,SG
ORD007722,48,Beauty,2024-08-24,8,370.52,0.01,FR
ORD007723,241,Clothing,2023-08-28,4,118.74,0.11,FR
ORD007724,74,Beauty,2024-06-24,9,85.99,0.01,FR
ORD007725,83,Electronics,2024-06-22,1,158.56,0.4,DE
ORD007726,46,Toys,2023-06-26,3,374.85,0.28,CA
ORD007727,33,Automotive,2024-05-03,6,267.24,0.08,FR
ORD007728,415,Beauty,2023-03-06,5,418.5,0.04,US
ORD007729,383,Books,2023-07-20,5,11.13,0.11,UK
ORD007730,339,Toys,2023-01-21,2,277.56,0.29,UK
ORD007731,443,Beauty,2023-04-06,4,216.94,0.4,BR
ORD007732,227,Electronics,2023-03-19,1,86.28,0.11,MX
ORD007733,169,Home & Garden,2024-11-22,5,182.58,0.32,NL
ORD007734,215,Clothing,2023-04-30,3,248.33,0.33,IN
ORD007735,232,Books,2023-02-22,5,196.38,0.27,CA
ORD007736,54,Automotive,2024-07-01,7,454.82,0.21,NL
ORD007737,145,Clothing,2024-04-18,10,188.91,0.37,ES
ORD007738,235,Toys,2024-04-09,6,438.09,0.26,ES
ORD007739,231,Automotive,2024-10-13,5,294.5,0.21,SE
ORD007740,195,Beauty,2024-05-01,1,409.73,0.24,ES
ORD007741,45,Electronics,2024-05-02,10,298.04,0.31,US
ORD007742,142,Automotive,2023-11-30,9,390.87,0.05,FR
ORD007743,230,Sports,2024-02-17,9,113.09,0.33,BR
ORD007744,109,Automotive,2024-07-13,7,52.6,0.34,AU
ORD007745,231,Toys,2023-09-20,5,309.42,0.14,CA
ORD007746,161,Beauty,2023-01-27,1,133.71,0.03,DE
ORD007747,154,Home & Garden,2023-11-08,1,236.42,0.31,MX
ORD007748,466,Clothing,2023-10-03,9,125.22,0.35,SE
ORD007749,435,Books,2023-05-13,9,322.56,0.23,US
ORD007750,351,Sports,2024-06-01,8,364.31,0.3,FR
ORD007751,211,Clothing,2024-08-10,3,254.93,0.31,US
ORD007752,401,Electronics,2023-04-26,1,186.33,0.12,SE
ORD007753,75,Clothing,2023-12-18,1,307.72,0.05,UK
ORD007754,94,Beauty,2023-08-27,9,423.22,0.35,CA
ORD007755,376,Automotive,2024-02-19,9,154.59,0.1,ES
ORD007756,452,Beauty,2023-03-10,7,72.1,0.17,CA
ORD007757,74,Home & Garden,2024-11-12,7,289.45,0.35,AU
ORD007758,247,Sports,2023-02-16,9,222.24,0.13,CA
ORD007759,43,Electronics,2024-08-23,2,274.2,0.17,NL
ORD007760,488,Sports,2023-05-23,9,231.38,0.01,SG
ORD007761,185,Home & Garden,2024-07-16,3,305.86,0.03,FR
ORD007762,408,Home & Garden,2023-07-25,2,476.49,0.26,AU
ORD007763,399,Sports,2024-07-30,8,112.79,0.38,FR
ORD007764,82,Home & Garden,2024-10-30,10,125.84,0.05,UK
ORD007765,476,Sports,2024-11-14,2,499.03,0.36,DE
ORD007766,482,Beauty,2024-09-22,4,489.75,0.05,SE
ORD007767,329,Electronics,2023-11-07,8,233.93,0.35,SE
ORD007768,480,Automotive,2023-11-09,8,244.12,0.36,MX
ORD007769,448,Books,2024-11-26,5,285.31,0.01,ES
ORD007770,281,Toys,2024-10-12,6,280.86,0.14,SG
ORD007771,285,Toys,2023-12-21,9,364.59,0.09,US
ORD007772,498,Automotive,2023-10-18,4,265.41,0.39,IT
ORD007773,96,Automotive,2023-03-10,7,369.1,0.12,ES
ORD007774,236,Clothing,2023-09-21,3,385.43,0.22,JP
ORD007775,283,Sports,2023-12-10,10,175.97,0.17,ES
ORD007776,48,Automotive,2024-08-29,1,348.08,0.21,FR
ORD007777,369,Electronics,2023-08-25,9,273.93,0.27,UK
ORD007778,316,Toys,2023-08-09,5,478.42,0.14,FR
ORD007779,38,Beauty,2023-01-20,4,273.56,0.36,UK
ORD007780,423,Home & Garden,2023-01-29,3,391.68,0.09,SE
ORD007781,210,Home & Garden,2024-08-12,5,61.96,0.35,IT
ORD007782,56,Home & Garden,2023-04-30,9,324.25,0.23,DE
ORD007783,43,Toys,2024-12-06,10,61.58,0.37,FR
ORD007784,138,Clothing,2023-02-13,4,337.13,0.34,US
ORD007785,199,Clothing,2024-08-11,2,167.32,0.3,US
ORD007786,201,Electronics,2023-03-26,1,319.59,0.13,US
ORD007787,282,Beauty,2024-04-08,5,220.49,0.09,IT
ORD007788,328,Beauty,2024-07-06,10,410.68,0.36,SE
ORD007789,359,Books,2023-06-15,6,66.61,0.06,IT
ORD007790,222,Sports,2024-02-14,2,126.21,0.01,UK
ORD007791,178,Toys,2024-07-23,4,215.61,0.34,UK
ORD007792,373,Clothing,2023-05-05,5,178.96,0.33,MX
ORD007793,62,Home & Garden,2024-01-17,1,51.07,0.37,DE
ORD007794,451,Books,2024-01-24,10,218.93,0.3,UK
ORD007795,248,Books,2024-07-14,3,289.61,0.34,DE
ORD007796,313,Toys,2023-09-21,2,368.42,0.05,ES
ORD007797,65,Clothing,2024-04-16,5,104.09,0.24,IT
ORD007798,45,Clothing,2024-11-24,6,145.94,0.37,MX
ORD007799,49,Beauty,2024-06-01,9,227.75,0.36,CA
ORD007800,198,Clothing,2023-01-14,2,420.55,0.36,CA
ORD007801,367,Home & Garden,2023-04-21,6,191.69,0.28,CA
ORD007802,480,Toys,2023-10-18,7,364.47,0.15,SG
ORD007803,305,Home & Garden,2023-10-23,3,442.56,0.08,JP
ORD007804,215,Home & Garden,2023-08-30,3,97.02,0.03,DE
ORD007805,266,Electronics,2023-11-20,2,323.48,0.04,CA
ORD007806,85,Home & Garden,2024-11-19,5,93.02,0.06,BR
ORD007807,84,Clothing,2024-08-10,7,400.95,0.23,MX
ORD007808,429,Clothing,2023-04-12,5,184.52,0.01,UK
ORD007809,461,Books,2023-11-21,2,312.37,0.07,US
ORD007810,419,Toys,2024-05-12,3,463.59,0.14,CA
ORD007811,431,Electronics,2023-04-30,1,129.11,0.26,BR
ORD007812,364,Electronics,2023-02-07,4,319.88,0.34,NL
ORD007813,422,Sports,2024-11-30,1,274.6,0.16,DE
ORD007814,25,Sports,2024-07-26,8,332.61,0.14,ES
ORD007815,33,Clothing,2024-10-08,7,56.31,0.21,US
ORD007816,449,Electronics,2024-07-24,7,56.49,0.24,ES
ORD007817,37,Toys,2024-05-10,9,423.65,0.14,AU
ORD007818,130,Automotive,2024-07-12,6,147.69,0.26,UK
ORD007819,236,Toys,2024-01-19,6,342.24,0.16,NL
ORD007820,264,Clothing,2023-07-07,6,348.39,0.08,IT
ORD007821,145,Home & Garden,2023-03-10,3,98.24,0.34,FR
ORD007822,444,Beauty,2024-03-12,5,204.8,0.08,MX
ORD007823,169,Clothing,2023-06-10,3,63.5,0.32,DE
ORD007824,392,Electronics,2024-08-23,5,59.64,0.23,SE
ORD007825,355,Beauty,2024-01-26,3,443.52,0.3,JP
ORD007826,24,Toys,2024-12-27,3,326.73,0.0,SG
ORD007827,468,Automotive,2023-10-09,4,167.46,0.09,BR
ORD007828,105,Home & Garden,2023-11-03,1,282.14,0.18,IN
ORD007829,302,Toys,2023-07-16,7,311.92,0.35,BR
ORD007830,301,Home & Garden,2023-07-28,2,15.41,0.04,DE
ORD007831,15,Toys,2023-12-15,10,175.97,0.23,MX
ORD007832,486,Toys,2023-02-17,6,288.62,0.34,DE
ORD007833,21,Clothing,2024-08-31,3,180.37,0.01,BR
ORD007834,217,Beauty,2023-03-14,10,150.65,0.01,UK
ORD007835,116,Home & Garden,2024-10-23,4,236.99,0.16,DE
ORD007836,104,Home & Garden,2023-10-19,6,367.81,0.04,DE
ORD007837,5,Electronics,2023-12-02,6,370.89,0.03,JP
ORD007838,63,Books,2024-12-04,10,298.88,0.09,FR
ORD007839,70,Electronics,2024-06-23,5,385.71,0.19,FR
ORD007840,334,Automotive,2023-07-23,9,76.41,0.13,AU
ORD007841,27,Home & Garden,2023-08-12,2,84.2,0.39,JP
ORD007842,271,Clothing,2023-04-20,2,381.7,0.18,SE
ORD007843,139,Books,2024-04-11,2,141.03,0.23,UK
ORD007844,18,Toys,2024-04-27,10,104.63,0.15,BR
ORD007845,23,Toys,2024-10-11,6,62.83,0.04,BR
ORD007846,418,Sports,2023-07-27,5,222.39,0.17,IN
ORD007847,456,Automotive,2023-02-19,7,274.41,0.18,ES
ORD007848,310,Automotive,2023-06-10,4,145.84,0.38,ES
ORD007849,262,Home & Garden,2024-12-04,6,182.61,0.36,SE
ORD007850,119,Toys,2024-12-22,6,483.47,0.0,SG
ORD007851,431,Clothing,2023-09-15,9,133.29,0.11,NL
ORD007852,246,Electronics,2023-12-24,6,209.22,0.23,AU
ORD007853,340,Clothing,2024-09-09,2,186.68,0.28,DE
ORD007854,393,Home & Garden,2023-12-15,4,287.25,0.18,JP
ORD007855,231,Home & Garden,2024-12-01,5,413.7,0.28,IN
ORD007856,165,Automotive,2024-09-03,10,456.47,0.29,IN
ORD007857,233,Home & Garden,2024-06-25,5,206.3,0.28,US
ORD007858,447,Home & Garden,2024-04-03,5,212.35,0.1,SE
ORD007859,361,Sports,2023-05-31,3,289.59,0.0,AU
ORD007860,346,Electronics,2023-05-14,1,443.47,0.08,BR
ORD007861,161,Automotive,2024-09-24,8,45.54,0.14,BR
ORD007862,162,Books,2023-06-25,10,486.47,0.18,SG
ORD007863,266,Automotive,2023-06-27,4,385.44,0.04,ES
ORD007864,14,Toys,2024-09-09,3,232.1,0.28,FR
ORD007865,59,Toys,2023-02-03,7,308.33,0.06,CA
ORD007866,279,Automotive,2024-06-07,10,481.7,0.11,CA
ORD007867,393,Clothing,2024-03-25,5,105.02,0.13,IN
ORD007868,192,Toys,2023-01-28,10,471.24,0.24,JP
ORD007869,165,Clothing,2023-05-13,3,98.26,0.29,NL
ORD007870,351,Automotive,2023-08-07,10,481.47,0.12,FR
ORD007871,90,Books,2023-06-15,3,13.04,0.34,MX
ORD007872,50,Books,2023-05-04,1,356.1,0.14,AU
ORD007873,371,Toys,2024-09-15,5,21.09,0.32,BR
ORD007874,248,Home & Garden,2024-11-06,2,234.16,0.06,UK
ORD007875,47,Beauty,2023-05-08,3,9.38,0.14,JP
ORD007876,319,Home & Garden,2024-02-27,5,27.07,0.23,MX
ORD007877,476,Toys,2023-11-13,7,396.77,0.2,JP
ORD007878,178,Clothing,2023-10-02,7,460.48,0.14,US
ORD007879,345,Beauty,2024-11-26,7,357.93,0.08,CA
ORD007880,351,Electronics,2023-02-03,3,421.28,0.2,CA
ORD007881,371,Clothing,2024-12-12,8,82.83,0.04,US
ORD007882,238,Beauty,2023-08-20,10,301.67,0.16,AU
ORD007883,41,Toys,2024-02-20,2,251.83,0.03,BR
ORD007884,63,Clothing,2024-11-10,2,429.15,0.17,IN
ORD007885,282,Books,2024-04-15,9,280.58,0.39,SE
ORD007886,258,Books,2024-07-13,2,458.45,0.19,JP
ORD007887,15,Toys,2023-03-12,6,455.16,0.23,SG
ORD007888,119,Books,2024-02-20,8,175.66,0.2,ES
ORD007889,164,Electronics,2023-08-15,7,374.37,0.09,UK
ORD007890,409,Home & Garden,2023-11-03,3,443.04,0.04,MX
ORD007891,363,Sports,2023-06-23,10,186.6,0.13,FR
ORD007892,430,Home & Garden,2024-03-25,1,388.62,0.21,AU
ORD007893,108,Automotive,2024-01-27,6,6.25,0.28,IT
ORD007894,436,Toys,2023-04-04,8,216.89,0.26,SE
ORD007895,349,Books,2024-06-16,9,320.72,0.21,BR
ORD007896,25,Toys,2023-07-27,1,186.1,0.14,JP
ORD007897,276,Beauty,2024-03-04,4,442.47,0.1,SE
ORD007898,131,Automotive,2024-09-25,10,328.21,0.3,IT
ORD007899,456,Electronics,2023-10-18,9,270.9,0.36,AU
ORD007900,222,Books,2024-04-11,1,433.57,0.25,FR
ORD007901,249,Toys,2024-09-21,10,376.38,0.04,BR
ORD007902,470,Electronics,2024-03-30,8,126.27,0.32,US
ORD007903,151,Home & Garden,2024-12-18,2,402.13,0.24,SE
ORD007904,312,Sports,2023-03-01,3,259.69,0.26,SE
ORD007905,438,Electronics,2023-09-22,5,107.42,0.28,IT
ORD007906,285,Electronics,2024-05-27,8,488.43,0.18,CA
ORD007907,239,Toys,2023-12-23,9,203.64,0.2,FR
ORD007908,153,Home & Garden,2023-07-08,5,23.64,0.12,MX
ORD007909,145,Clothing,2023-09-02,4,461.03,0.25,ES
ORD007910,418,Electronics,2024-06-12,8,68.73,0.2,MX
ORD007911,208,Home & Garden,2024-07-28,7,231.19,0.14,DE
ORD007912,166,Automotive,2024-04-08,8,261.86,0.09,SG
ORD007913,222,Clothing,2024-10-10,2,381.63,0.25,UK
ORD007914,31,Home & Garden,2024-01-16,4,44.64,0.18,US
ORD007915,112,Electronics,2024-08-24,4,375.82,0.08,AU
ORD007916,454,Home & Garden,2023-03-20,10,352.5,0.31,FR
ORD007917,399,Electronics,2024-12-20,7,156.81,0.22,JP
ORD007918,448,Clothing,2024-09-30,7,397.87,0.25,BR
ORD007919,411,Toys,2024-10-14,5,95.81,0.23,IT
ORD007920,19,Home & Garden,2024-10-04,10,483.41,0.25,FR
ORD007921,223,Clothing,2024-09-06,7,467.18,0.04,ES
ORD007922,67,Clothing,2023-03-04,7,332.36,0.11,FR
ORD007923,9,Books,2024-10-26,6,174.98,0.31,MX
ORD007924,122,Beauty,2023-05-04,3,214.95,0.32,MX
ORD007925,52,Clothing,2024-09-25,10,382.77,0.02,ES
ORD007926,451,Books,2024-02-12,5,108.61,0.29,IT
ORD007927,255,Clothing,2023-07-26,2,160.01,0.09,SG
ORD007928,470,Sports,2023-08-18,2,224.26,0.33,FR
ORD007929,131,Electronics,2023-07-16,7,392.66,0.15,US
ORD007930,254,Clothing,2024-06-13,8,77.4,0.12,US
ORD007931,166,Home & Garden,2024-06-21,5,63.19,0.12,NL
ORD007932,257,Toys,2023-11-09,6,452.34,0.27,NL
ORD007933,266,Beauty,2023-11-08,10,483.27,0.27,BR
ORD007934,22,Toys,2023-06-05,2,270.59,0.24,SE
ORD007935,332,Electronics,2023-10-18,9,357.29,0.38,AU
ORD007936,105,Sports,2024-04-28,6,101.61,0.12,CA
ORD007937,94,Clothing,2024-04-01,4,433.98,0.25,DE
ORD007938,498,Sports,2023-04-05,2,434.44,0.18,AU
ORD007939,344,Automotive,2024-06-17,9,81.79,0.23,SG
ORD007940,48,Electronics,2024-12-23,6,372.03,0.06,NL
ORD007941,55,Automotive,2024-08-14,6,108.84,0.37,MX
ORD007942,40,Automotive,2023-01-06,7,228.44,0.35,IT
ORD007943,283,Automotive,2024-08-23,3,169.38,0.38,MX
ORD007944,338,Electronics,2023-01-22,2,436.18,0.3,UK
ORD007945,335,Toys,2023-04-09,1,235.69,0.28,DE
ORD007946,2,Books,2023-06-27,8,411.95,0.02,US
ORD007947,147,Electronics,2023-12-26,2,306.1,0.18,NL
ORD007948,92,Electronics,2024-09-08,2,246.4,0.01,MX
ORD007949,419,Clothing,2024-08-17,7,337.8,0.37,JP
ORD007950,73,Home & Garden,2023-09-29,5,7.58,0.24,CA
ORD007951,395,Clothing,2023-12-12,5,273.5,0.02,UK
ORD007952,121,Electronics,2023-05-05,2,100.13,0.24,UK
ORD007953,441,Books,2024-11-25,2,393.14,0.26,UK
ORD007954,160,Home & Garden,2023-07-19,7,433.92,0.39,SE
ORD007955,171,Books,2023-05-30,9,375.19,0.26,SG
ORD007956,269,Toys,2024-12-21,3,469.82,0.32,UK
ORD007957,467,Clothing,2023-06-04,6,77.0,0.31,US
ORD007958,224,Books,2023-05-13,2,113.63,0.29,US
ORD007959,243,Clothing,2024-12-18,10,357.9,0.04,SE
ORD007960,192,Clothing,2023-02-25,6,73.67,0.13,SG
ORD007961,156,Automotive,2023-01-25,3,258.07,0.3,UK
ORD007962,493,Toys,2023-11-29,2,343.74,0.36,NL
ORD007963,312,Electronics,2023-08-05,2,109.56,0.07,IT
ORD007964,484,Clothing,2024-09-27,9,204.38,0.0,MX
ORD007965,442,Electronics,2024-06-20,9,406.5,0.34,FR
ORD007966,216,Beauty,2024-01-30,7,185.18,0.09,MX
ORD007967,445,Electronics,2023-01-08,8,347.24,0.21,BR
ORD007968,65,Electronics,2023-07-13,3,476.63,0.4,IN
ORD007969,122,Sports,2024-10-12,3,383.17,0.3,US
ORD007970,232,Home & Garden,2023-07-01,2,398.39,0.06,FR
ORD007971,77,Clothing,2023-01-21,4,161.4,0.37,NL
ORD007972,8,Home & Garden,2023-06-18,6,88.99,0.09,AU
ORD007973,224,Home & Garden,2024-07-06,4,372.35,0.33,FR
ORD007974,34,Clothing,2024-09-19,2,226.07,0.0,SE
ORD007975,470,Home & Garden,2023-07-28,8,348.61,0.09,ES
ORD007976,269,Beauty,2023-06-19,1,156.98,0.04,SG
ORD007977,483,Automotive,2024-09-03,3,109.02,0.22,SE
ORD007978,321,Sports,2023-05-24,1,253.95,0.24,UK
ORD007979,138,Clothing,2023-09-23,1,63.06,0.28,JP
ORD007980,333,Beauty,2023-10-05,1,285.08,0.12,DE
ORD007981,34,Books,2023-10-17,9,126.74,0.38,SG
ORD007982,251,Clothing,2023-02-24,2,79.9,0.01,BR
ORD007983,355,Toys,2024-09-07,1,243.16,0.13,MX
ORD007984,224,Clothing,2023-06-06,9,297.35,0.02,SE
ORD007985,116,Sports,2023-09-25,7,398.33,0.15,FR
ORD007986,462,Sports,2024-04-10,10,146.67,0.38,CA
ORD007987,106,Sports,2024-08-09,4,289.89,0.12,IN
ORD007988,139,Books,2024-03-04,10,293.12,0.12,IT
ORD007989,368,Home & Garden,2023-09-22,5,88.24,0.12,CA
ORD007990,130,Electronics,2023-01-04,6,15.82,0.33,FR
ORD007991,101,Beauty,2023-12-28,1,305.56,0.24,ES
ORD007992,73,Toys,2024-02-15,2,271.91,0.17,US
ORD007993,392,Electronics,2023-09-20,2,473.81,0.15,NL
ORD007994,61,Beauty,2024-04-04,8,301.55,0.27,NL
ORD007995,464,Automotive,2024-07-29,6,104.87,0.39,UK
ORD007996,75,Beauty,2023-01-26,8,373.39,0.18,MX
ORD007997,77,Clothing,2024-08-15,4,16.74,0.09,FR
ORD007998,481,Toys,2024-03-07,4,353.88,0.16,FR
ORD007999,274,Clothing,2023-08-26,5,407.42,0.07,US
ORD008000,359,Beauty,2024-05-21,4,90.1,0.26,IT
ORD008001,351,Clothing,2024-05-28,1,141.66,0.01,IT
ORD008002,145,Automotive,2024-07-07,4,53.57,0.18,FR
ORD008003,268,Toys,2023-10-29,10,103.32,0.01,MX
ORD008004,237,Beauty,2024-02-25,8,130.56,0.01,US
ORD008005,455,Sports,2023-12-14,6,144.25,0.15,FR
ORD008006,424,Electronics,2023-09-23,5,231.75,0.3,AU
ORD008007,34,Electronics,2023-04-05,5,472.82,0.27,MX
ORD008008,323,Beauty,2024-11-01,7,42.24,0.36,MX
ORD008009,498,Beauty,2023-04-04,9,174.4,0.17,IN
ORD008010,226,Home & Garden,2024-04-18,5,114.0,0.06,CA
ORD008011,281,Automotive,2023-10-19,1,378.3,0.03,IT
ORD008012,383,Books,2024-08-22,7,467.74,0.1,IN
ORD008013,107,Home & Garden,2023-12-11,5,220.15,0.2,NL
ORD008014,142,Home & Garden,2023-05-17,9,451.0,0.11,JP
ORD008015,317,Electronics,2023-04-20,6,429.5,0.3,DE
ORD008016,484,Books,2023-10-13,1,182.55,0.26,NL
ORD008017,333,Sports,2024-01-26,3,56.52,0.17,MX
ORD008018,388,Electronics,2024-04-04,3,484.96,0.29,NL
ORD008019,3,Sports,2024-09-11,3,405.95,0.18,BR
ORD008020,48,Sports,2023-10-01,5,361.07,0.02,NL
ORD008021,419,Clothing,2024-07-24,2,224.35,0.29,IN
ORD008022,389,Sports,2023-06-14,8,110.16,0.26,CA
ORD008023,36,Electronics,2024-10-03,8,172.11,0.21,AU
ORD008024,196,Toys,2023-03-13,4,233.02,0.06,NL
ORD008025,108,Home & Garden,2024-08-09,7,316.26,0.21,SG
ORD008026,304,Books,2023-07-15,9,61.85,0.1,CA
ORD008027,299,Beauty,2024-04-24,5,359.43,0.39,US
ORD008028,11,Beauty,2024-02-02,5,365.34,0.19,US
ORD008029,388,Clothing,2024-02-27,2,494.7,0.31,MX
ORD008030,87,Sports,2024-12-16,6,390.66,0.23,BR
ORD008031,320,Books,2024-03-12,2,494.97,0.33,SE
ORD008032,417,Beauty,2023-06-07,1,37.51,0.19,SG
ORD008033,311,Automotive,2023-10-27,5,464.76,0.23,SE
ORD008034,493,Beauty,2023-03-12,8,400.09,0.19,ES
ORD008035,247,Sports,2023-09-02,3,285.8,0.38,IT
ORD008036,138,Automotive,2023-08-02,2,180.45,0.05,BR
ORD008037,257,Sports,2024-04-14,8,77.4,0.14,IN
ORD008038,367,Toys,2024-10-29,2,39.92,0.22,US
ORD008039,216,Books,2023-07-25,1,183.8,0.04,US
ORD008040,48,Toys,2024-09-10,1,208.56,0.34,UK
ORD008041,139,Automotive,2024-10-01,4,380.23,0.35,MX
ORD008042,261,Sports,2024-04-06,4,132.17,0.08,MX
ORD008043,182,Toys,2024-05-25,9,143.91,0.38,ES
ORD008044,459,Books,2024-08-05,8,97.13,0.25,IN
ORD008045,440,Electronics,2023-09-29,4,475.9,0.24,CA
ORD008046,324,Home & Garden,2024-12-21,4,79.79,0.14,IT
ORD008047,192,Electronics,2023-10-06,8,265.37,0.23,IN
ORD008048,86,Automotive,2023-03-03,2,183.28,0.1,SE
ORD008049,381,Sports,2024-06-18,4,286.53,0.01,DE
ORD008050,477,Toys,2023-09-02,8,10.52,0.29,US
ORD008051,307,Books,2023-01-21,7,431.22,0.38,DE
ORD008052,8,Sports,2023-05-11,10,205.16,0.04,ES
ORD008053,113,Electronics,2023-09-27,6,134.88,0.24,ES
ORD008054,276,Automotive,2023-06-05,3,160.55,0.1,CA
ORD008055,77,Toys,2023-04-10,6,484.08,0.15,FR
ORD008056,288,Books,2023-04-29,4,188.14,0.11,AU
ORD008057,62,Beauty,2024-04-02,2,238.33,0.03,MX
ORD008058,224,Sports,2023-04-04,6,432.77,0.39,FR
ORD008059,248,Home & Garden,2024-07-25,1,497.74,0.23,AU
ORD008060,324,Sports,2024-09-06,3,486.7,0.23,CA
ORD008061,102,Books,2024-06-12,2,72.46,0.23,JP
ORD008062,297,Home & Garden,2023-06-28,9,281.58,0.03,UK
ORD008063,130,Clothing,2024-02-25,8,301.78,0.16,BR
ORD008064,216,Electronics,2023-02-14,9,392.75,0.37,SG
ORD008065,419,Toys,2024-11-19,10,245.43,0.22,ES
ORD008066,33,Toys,2023-01-06,9,238.84,0.16,MX
ORD008067,245,Electronics,2023-06-11,3,183.53,0.09,CA
ORD008068,472,Books,2023-03-02,2,366.95,0.1,NL
ORD008069,167,Toys,2024-12-27,3,329.09,0.32,DE
ORD008070,213,Clothing,2023-01-30,10,492.17,0.26,UK
ORD008071,93,Automotive,2023-01-02,4,295.88,0.13,AU
ORD008072,82,Books,2023-03-15,8,459.94,0.36,BR
ORD008073,219,Home & Garden,2024-10-05,4,483.87,0.01,ES
ORD008074,286,Sports,2023-10-20,6,24.38,0.3,IT
ORD008075,132,Toys,2024-11-20,7,24.65,0.21,DE
ORD008076,282,Books,2024-12-01,9,491.01,0.36,MX
ORD008077,20,Electronics,2024-06-14,5,302.12,0.35,US
ORD008078,263,Sports,2023-05-04,10,145.89,0.13,CA
ORD008079,434,Books,2024-12-09,7,224.09,0.01,DE
ORD008080,356,Clothing,2023-11-16,5,225.11,0.35,IT
ORD008081,285,Home & Garden,2023-12-06,1,57.39,0.33,SG
ORD008082,482,Clothing,2024-04-09,10,455.88,0.06,US
ORD008083,416,Toys,2024-06-06,8,164.69,0.21,FR
ORD008084,29,Toys,2024-12-03,10,277.19,0.15,IT
ORD008085,371,Books,2024-12-09,8,435.54,0.29,IT
ORD008086,363,Home & Garden,2023-10-29,4,445.38,0.35,CA
ORD008087,8,Toys,2023-04-14,10,98.34,0.25,SG
ORD008088,202,Beauty,2024-10-30,2,89.66,0.38,UK
ORD008089,327,Toys,2023-03-28,7,74.19,0.02,IN
ORD008090,333,Automotive,2024-02-08,5,121.56,0.16,US
ORD008091,71,Clothing,2023-05-02,6,163.9,0.14,CA
ORD008092,121,Books,2023-09-19,1,365.47,0.1,AU
ORD008093,37,Beauty,2024-01-22,6,81.02,0.14,BR
ORD008094,256,Clothing,2024-05-29,5,113.19,0.05,MX
ORD008095,15,Toys,2024-12-12,1,192.56,0.2,SE
ORD008096,315,Electronics,2024-11-01,4,17.52,0.13,ES
ORD008097,423,Automotive,2024-01-15,4,130.47,0.24,CA
ORD008098,390,Books,2023-08-17,2,235.41,0.17,MX
ORD008099,286,Beauty,2024-01-27,9,280.97,0.0,ES
ORD008100,336,Beauty,2023-09-25,8,319.36,0.21,UK
ORD008101,387,Beauty,2023-12-02,9,199.84,0.22,AU
ORD008102,387,Books,2024-10-29,2,283.89,0.34,ES
ORD008103,320,Electronics,2024-01-11,10,430.59,0.12,AU
ORD008104,492,Automotive,2023-01-31,6,364.4,0.3,SE
ORD008105,70,Home & Garden,2024-05-14,7,289.9,0.35,DE
ORD008106,241,Toys,2023-07-25,10,389.63,0.28,US
ORD008107,304,Books,2023-06-06,3,150.85,0.04,BR
ORD008108,420,Automotive,2024-07-13,9,478.68,0.17,NL
ORD008109,56,Beauty,2023-05-01,9,346.69,0.16,US
ORD008110,152,Toys,2024-03-20,4,337.83,0.1,JP
ORD008111,27,Toys,2024-08-19,6,393.95,0.14,MX
ORD008112,151,Electronics,2023-08-08,7,7.93,0.28,ES
ORD008113,171,Sports,2023-12-11,1,75.82,0.15,SE
ORD008114,163,Books,2024-02-26,1,289.14,0.08,US
ORD008115,50,Books,2024-04-13,1,306.25,0.32,CA
ORD008116,295,Sports,2024-12-10,8,449.12,0.16,SG
ORD008117,353,Electronics,2024-10-10,7,268.93,0.17,IN
ORD008118,102,Beauty,2023-06-02,4,138.52,0.03,BR
ORD008119,303,Books,2024-02-03,7,247.66,0.32,IN
ORD008120,187,Home & Garden,2023-04-26,7,161.86,0.03,ES
ORD008121,342,Sports,2023-02-13,4,342.09,0.23,IT
ORD008122,232,Electronics,2023-09-26,6,308.33,0.3,AU
ORD008123,454,Books,2023-08-22,10,99.58,0.05,NL
ORD008124,372,Clothing,2024-02-21,9,189.38,0.12,IN
ORD008125,182,Electronics,2024-04-13,2,340.31,0.4,AU
ORD008126,245,Toys,2023-10-09,3,472.45,0.18,SE
ORD008127,280,Electronics,2024-09-25,2,201.48,0.23,IT
ORD008128,61,Clothing,2024-09-06,10,362.72,0.35,MX
ORD008129,188,Automotive,2024-06-10,4,214.39,0.36,US
ORD008130,138,Toys,2023-09-14,6,194.04,0.14,SG
ORD008131,71,Clothing,2023-06-26,5,318.73,0.34,BR
ORD008132,125,Beauty,2023-03-26,1,480.43,0.13,MX
ORD008133,421,Automotive,2023-07-02,5,165.0,0.32,JP
ORD008134,404,Home & Garden,2024-12-01,1,225.24,0.32,JP
ORD008135,287,Electronics,2023-11-01,7,32.64,0.23,US
ORD008136,310,Sports,2023-10-31,4,316.98,0.26,ES
ORD008137,312,Home & Garden,2023-12-10,2,191.44,0.23,NL
ORD008138,350,Clothing,2024-04-18,2,65.11,0.04,IN
ORD008139,130,Home & Garden,2024-11-02,6,312.16,0.18,IN
ORD008140,283,Books,2023-03-25,2,341.92,0.05,UK
ORD008141,415,Home & Garden,2024-08-21,6,67.05,0.02,NL
ORD008142,18,Books,2023-11-24,1,302.13,0.2,IT
ORD008143,255,Electronics,2023-07-20,10,422.93,0.11,IN
ORD008144,54,Books,2024-02-02,2,273.49,0.14,SG
ORD008145,35,Automotive,2024-01-30,9,399.5,0.25,CA
ORD008146,310,Automotive,2023-04-08,10,249.23,0.19,UK
ORD008147,161,Automotive,2023-03-12,9,120.75,0.23,IN
ORD008148,254,Books,2024-04-02,9,82.27,0.27,ES
ORD008149,228,Beauty,2024-06-20,9,119.77,0.27,CA
ORD008150,280,Electronics,2024-03-24,6,322.88,0.28,SE
ORD008151,168,Electronics,2023-09-15,2,150.16,0.18,DE
ORD008152,259,Beauty,2024-02-10,8,276.13,0.28,JP
ORD008153,58,Books,2024-10-23,6,403.02,0.11,BR
ORD008154,124,Beauty,2024-11-05,3,54.76,0.31,SE
ORD008155,163,Books,2023-06-19,9,63.92,0.32,US
ORD008156,267,Toys,2023-03-11,5,369.82,0.36,SG
ORD008157,2,Automotive,2024-04-21,9,20.87,0.38,US
ORD008158,446,Sports,2023-05-08,4,108.22,0.21,IN
ORD008159,106,Beauty,2024-08-07,10,219.41,0.21,JP
ORD008160,418,Automotive,2023-07-25,10,483.89,0.15,BR
ORD008161,320,Home & Garden,2023-04-20,1,264.84,0.31,IT
ORD008162,155,Home & Garden,2024-08-18,10,76.39,0.11,FR
ORD008163,270,Sports,2023-06-02,5,294.26,0.26,SE
ORD008164,139,Toys,2023-01-07,1,191.93,0.22,JP
ORD008165,188,Beauty,2024-08-22,2,34.73,0.11,CA
ORD008166,407,Clothing,2023-03-10,4,254.92,0.1,SE
ORD008167,480,Electronics,2023-11-03,2,320.06,0.06,BR
ORD008168,236,Home & Garden,2023-10-16,8,480.45,0.29,CA
ORD008169,23,Home & Garden,2023-04-15,6,364.39,0.33,SE
ORD008170,220,Sports,2023-01-26,3,391.59,0.07,CA
ORD008171,321,Electronics,2023-03-03,10,456.48,0.36,UK
ORD008172,253,Clothing,2023-11-09,5,165.79,0.08,JP
ORD008173,311,Automotive,2024-11-29,8,285.34,0.04,CA
ORD008174,74,Sports,2024-06-13,4,485.82,0.35,FR
ORD008175,261,Home & Garden,2024-06-05,6,279.12,0.37,DE
ORD008176,207,Sports,2024-05-03,6,70.52,0.07,IT
ORD008177,132,Clothing,2024-07-15,9,479.33,0.07,MX
ORD008178,480,Books,2024-01-22,8,180.3,0.12,CA
ORD008179,253,Automotive,2024-12-20,7,130.54,0.02,SG
ORD008180,176,Clothing,2024-03-19,2,317.46,0.17,SG
ORD008181,236,Automotive,2024-04-05,1,180.13,0.29,MX
ORD008182,323,Clothing,2023-01-16,1,209.18,0.03,FR
ORD008183,73,Sports,2024-07-04,7,112.54,0.12,SE
ORD008184,491,Beauty,2023-09-17,9,24.68,0.14,NL
ORD008185,119,Automotive,2024-07-18,1,42.0,0.38,IT
ORD008186,52,Clothing,2024-09-10,7,142.83,0.3,ES
ORD008187,219,Clothing,2023-01-17,4,214.87,0.15,MX
ORD008188,483,Home & Garden,2023-10-08,10,414.31,0.08,MX
ORD008189,187,Beauty,2024-10-22,4,111.88,0.35,AU
ORD008190,289,Electronics,2023-04-04,8,329.24,0.11,ES
ORD008191,66,Beauty,2024-06-27,10,463.44,0.25,IT
ORD008192,249,Sports,2023-08-24,4,206.76,0.28,SG
ORD008193,120,Sports,2024-01-07,2,489.55,0.32,UK
ORD008194,3,Toys,2024-10-21,10,320.9,0.25,DE
ORD008195,296,Home & Garden,2024-04-07,9,478.76,0.16,US
ORD008196,263,Home & Garden,2023-11-13,3,151.7,0.06,US
ORD008197,352,Books,2024-05-23,4,329.57,0.08,IT
ORD008198,497,Electronics,2023-06-12,6,84.46,0.23,FR
ORD008199,376,Toys,2023-01-09,5,457.22,0.19,SE
ORD008200,429,Toys,2024-03-27,5,172.82,0.15,BR
ORD008201,270,Books,2024-09-20,9,84.35,0.21,IT
ORD008202,471,Automotive,2024-05-25,9,267.48,0.34,FR
ORD008203,28,Clothing,2024-01-15,5,88.66,0.02,FR
ORD008204,393,Beauty,2023-04-15,8,144.34,0.05,NL
ORD008205,116,Beauty,2023-03-03,7,194.49,0.0,NL
ORD008206,484,Electronics,2023-07-24,5,78.56,0.13,DE
ORD008207,365,Beauty,2024-12-04,9,25.92,0.07,JP
ORD008208,99,Clothing,2023-12-04,8,191.19,0.11,JP
ORD008209,145,Books,2024-08-10,2,108.38,0.03,DE
ORD008210,35,Toys,2023-01-10,4,337.65,0.14,ES
ORD008211,336,Electronics,2023-12-11,4,6.1,0.16,MX
ORD008212,103,Clothing,2023-06-30,10,325.98,0.37,IN
ORD008213,324,Clothing,2024-11-26,7,274.42,0.23,UK
ORD008214,31,Electronics,2023-05-26,1,264.5,0.34,NL
ORD008215,258,Sports,2023-02-06,4,256.78,0.25,FR
ORD008216,110,Toys,2023-04-29,7,273.86,0.18,NL
ORD008217,155,Toys,2023-02-16,5,256.24,0.36,ES
ORD008218,212,Toys,2023-08-19,7,226.49,0.31,UK
ORD008219,40,Home & Garden,2024-12-27,8,173.86,0.01,SG
ORD008220,189,Home & Garden,2024-11-10,1,185.36,0.09,BR
ORD008221,365,Beauty,2024-02-22,9,53.92,0.4,AU
ORD008222,173,Electronics,2024-08-29,7,200.75,0.31,SE
ORD008223,124,Books,2023-10-19,4,248.23,0.17,DE
ORD008224,245,Books,2024-10-12,5,383.06,0.24,MX
ORD008225,142,Automotive,2023-06-03,3,222.46,0.31,DE
ORD008226,447,Clothing,2023-10-22,6,386.34,0.16,MX
ORD008227,62,Toys,2023-03-30,8,390.96,0.02,BR
ORD008228,243,Books,2024-11-14,6,167.42,0.25,SG
ORD008229,364,Toys,2023-09-04,6,251.05,0.05,US
ORD008230,195,Home & Garden,2023-06-29,8,166.98,0.1,IN
ORD008231,480,Sports,2023-06-11,8,41.78,0.21,IT
ORD008232,498,Clothing,2023-12-12,8,428.24,0.32,IN
ORD008233,241,Automotive,2024-01-03,10,411.33,0.09,MX
ORD008234,356,Electronics,2024-05-06,7,47.88,0.08,AU
ORD008235,181,Clothing,2024-08-13,3,329.35,0.17,IT
ORD008236,478,Home & Garden,2024-05-27,3,423.51,0.05,US
ORD008237,259,Home & Garden,2023-12-26,8,25.74,0.1,AU
ORD008238,307,Home & Garden,2024-01-27,2,198.96,0.12,BR
ORD008239,196,Books,2024-12-13,3,126.58,0.31,UK
ORD008240,214,Clothing,2023-11-23,9,240.7,0.27,SG
ORD008241,155,Books,2023-08-23,3,82.01,0.14,SG
ORD008242,127,Home & Garden,2024-04-16,8,22.76,0.38,CA
ORD008243,486,Beauty,2024-05-06,8,16.36,0.11,NL
ORD008244,168,Clothing,2024-11-15,4,474.65,0.2,NL
ORD008245,468,Sports,2023-09-15,3,39.12,0.25,BR
ORD008246,3,Home & Garden,2024-01-08,4,113.73,0.38,ES
ORD008247,313,Electronics,2024-03-31,1,315.25,0.34,DE
ORD008248,407,Home & Garden,2024-06-01,6,321.43,0.15,IT
ORD008249,10,Automotive,2023-01-30,5,53.34,0.2,SG
ORD008250,33,Clothing,2024-10-19,2,275.46,0.18,MX
ORD008251,186,Clothing,2023-05-10,4,232.53,0.12,CA
ORD008252,158,Automotive,2023-06-14,2,116.51,0.19,IN
ORD008253,100,Toys,2024-05-21,1,403.83,0.04,SE
ORD008254,251,Home & Garden,2023-05-26,7,483.01,0.02,IN
ORD008255,292,Toys,2023-04-08,4,151.45,0.03,FR
ORD008256,432,Sports,2024-11-24,2,107.73,0.05,IT
ORD008257,200,Beauty,2024-04-14,4,185.87,0.11,CA
ORD008258,398,Home & Garden,2024-11-22,9,442.17,0.26,FR
ORD008259,209,Toys,2023-02-16,6,384.34,0.34,AU
ORD008260,379,Clothing,2023-01-26,8,377.1,0.31,DE
ORD008261,462,Home & Garden,2023-07-23,5,452.02,0.13,IN
ORD008262,205,Clothing,2023-01-29,9,120.77,0.02,SG
ORD008263,452,Clothing,2023-11-17,2,432.59,0.02,SE
ORD008264,281,Beauty,2024-12-02,10,459.15,0.32,AU
ORD008265,136,Sports,2023-09-18,7,349.96,0.35,SG
ORD008266,430,Electronics,2024-06-18,4,206.95,0.37,DE
ORD008267,312,Electronics,2024-04-16,10,454.48,0.39,UK
ORD008268,279,Automotive,2023-01-24,6,23.65,0.34,ES
ORD008269,434,Sports,2023-06-19,8,146.22,0.14,NL
ORD008270,326,Books,2024-04-04,4,53.35,0.19,DE
ORD008271,480,Clothing,2023-03-09,2,195.5,0.33,AU
ORD008272,4,Clothing,2023-11-30,5,372.08,0.36,IN
ORD008273,372,Toys,2024-05-09,6,204.39,0.14,MX
ORD008274,244,Electronics,2023-09-06,1,281.91,0.25,FR
ORD008275,50,Home & Garden,2023-08-16,2,210.14,0.07,DE
ORD008276,176,Beauty,2024-06-11,3,22.31,0.0,UK
ORD008277,341,Beauty,2023-11-02,4,37.43,0.14,UK
ORD008278,32,Home & Garden,2024-01-24,2,28.18,0.37,NL
ORD008279,246,Sports,2023-05-26,9,405.98,0.26,JP
ORD008280,339,Toys,2024-07-30,7,47.16,0.36,SG
ORD008281,145,Home & Garden,2024-03-13,2,170.14,0.14,IT
ORD008282,437,Toys,2024-12-11,4,280.87,0.02,JP
ORD008283,446,Toys,2024-07-05,10,270.51,0.14,SE
ORD008284,322,Books,2024-03-13,9,309.96,0.17,IN
ORD008285,320,Clothing,2024-03-24,4,265.67,0.27,SG
ORD008286,139,Books,2023-09-01,3,249.65,0.39,JP
ORD008287,457,Automotive,2023-11-22,7,337.08,0.12,NL
ORD008288,248,Electronics,2024-05-06,8,150.2,0.3,BR
ORD008289,34,Electronics,2024-01-11,5,231.38,0.35,NL
ORD008290,175,Toys,2024-11-27,6,219.36,0.1,UK
ORD008291,393,Books,2024-02-08,6,181.2,0.31,UK
ORD008292,289,Beauty,2023-01-10,7,498.42,0.38,BR
ORD008293,294,Electronics,2023-04-03,7,452.06,0.31,IN
ORD008294,346,Beauty,2023-02-03,4,339.57,0.16,NL
ORD008295,151,Sports,2024-10-21,1,371.41,0.23,IT
ORD008296,132,Electronics,2023-08-19,7,437.03,0.3,SE
ORD008297,439,Home & Garden,2024-09-02,3,183.18,0.32,JP
ORD008298,245,Electronics,2023-11-22,7,267.68,0.28,UK
ORD008299,399,Electronics,2024-11-02,8,180.76,0.39,FR
ORD008300,316,Electronics,2023-12-19,8,446.62,0.34,UK
ORD008301,285,Toys,2024-09-19,8,306.21,0.09,FR
ORD008302,253,Home & Garden,2024-05-05,6,283.27,0.4,US
ORD008303,486,Automotive,2023-07-14,6,229.0,0.28,BR
ORD008304,290,Toys,2024-02-25,8,288.8,0.37,UK
ORD008305,400,Electronics,2023-07-15,10,149.26,0.2,SE
ORD008306,115,Automotive,2023-05-26,10,260.23,0.36,US
ORD008307,234,Clothing,2023-08-22,1,107.78,0.39,CA
ORD008308,269,Books,2023-08-05,4,125.34,0.33,NL
ORD008309,28,Books,2023-12-29,10,95.3,0.32,CA
ORD008310,500,Home & Garden,2024-04-10,7,102.81,0.09,JP
ORD008311,305,Toys,2024-12-07,5,241.74,0.05,SG
ORD008312,54,Clothing,2023-12-09,7,34.99,0.31,UK
ORD008313,217,Home & Garden,2024-07-09,10,169.82,0.28,CA
ORD008314,494,Beauty,2023-12-25,8,242.7,0.25,IT
ORD008315,290,Beauty,2023-11-13,5,79.85,0.18,UK
ORD008316,111,Books,2023-10-28,8,181.6,0.03,NL
ORD008317,24,Home & Garden,2024-10-01,8,275.58,0.23,IN
ORD008318,203,Toys,2023-04-17,7,453.39,0.21,US
ORD008319,412,Electronics,2023-07-31,10,165.35,0.29,IT
ORD008320,135,Beauty,2024-06-10,5,8.5,0.04,JP
ORD008321,403,Clothing,2023-08-04,9,339.14,0.16,SG
ORD008322,280,Home & Garden,2023-01-02,2,479.69,0.17,MX
ORD008323,378,Books,2023-06-08,1,494.3,0.19,AU
ORD008324,454,Electronics,2023-01-22,2,234.7,0.01,MX
ORD008325,391,Toys,2023-08-02,8,92.93,0.23,US
ORD008326,348,Books,2023-08-27,3,338.83,0.08,ES
ORD008327,91,Toys,2024-11-26,5,404.83,0.36,AU
ORD008328,367,Books,2024-08-12,4,280.83,0.25,IN
ORD008329,256,Toys,2023-03-31,3,179.63,0.33,BR
ORD008330,104,Automotive,2023-03-31,2,170.9,0.2,IT
ORD008331,379,Electronics,2024-12-28,8,224.08,0.15,FR
ORD008332,456,Electronics,2024-05-05,7,106.78,0.1,DE
ORD008333,312,Books,2024-04-01,5,215.89,0.16,MX
ORD008334,438,Beauty,2024-03-05,7,412.68,0.37,ES
ORD008335,259,Toys,2023-04-20,6,280.28,0.37,DE
ORD008336,447,Automotive,2023-07-12,2,132.05,0.38,FR
ORD008337,178,Toys,2023-11-12,8,351.74,0.31,SG
ORD008338,13,Beauty,2023-11-22,4,178.71,0.07,CA
ORD008339,332,Sports,2024-12-09,9,98.44,0.29,DE
ORD008340,175,Clothing,2023-02-01,1,30.71,0.13,MX
ORD008341,20,Home & Garden,2023-01-11,5,434.15,0.17,IT
ORD008342,269,Toys,2024-10-29,10,283.69,0.18,IN
ORD008343,15,Electronics,2024-10-02,5,20.7,0.1,ES
ORD008344,258,Home & Garden,2023-07-31,9,250.33,0.08,FR
ORD008345,219,Sports,2023-08-23,5,146.82,0.04,BR
ORD008346,138,Home & Garden,2024-03-08,7,135.0,0.18,JP
ORD008347,275,Books,2023-05-28,7,462.44,0.24,FR
ORD008348,204,Home & Garden,2024-10-01,3,478.65,0.35,US
ORD008349,163,Books,2023-07-16,10,371.0,0.01,IN
ORD008350,41,Toys,2023-02-13,3,128.6,0.02,IN
ORD008351,342,Sports,2024-01-24,3,54.93,0.3,ES
ORD008352,36,Automotive,2024-06-19,2,32.94,0.32,FR
ORD008353,465,Home & Garden,2024-11-29,3,29.87,0.01,AU
ORD008354,425,Toys,2024-04-01,10,486.5,0.3,IN
ORD008355,64,Home & Garden,2023-03-16,7,92.17,0.22,IN
ORD008356,178,Toys,2024-04-28,7,367.15,0.13,DE
ORD008357,238,Home & Garden,2023-03-09,5,160.95,0.26,JP
ORD008358,288,Beauty,2023-05-22,3,383.76,0.12,SG
ORD008359,472,Beauty,2023-08-05,1,409.3,0.18,MX
ORD008360,14,Clothing,2023-02-10,8,135.98,0.2,SG
ORD008361,478,Home & Garden,2023-09-25,1,172.99,0.12,NL
ORD008362,324,Beauty,2024-07-13,2,250.62,0.13,SE
ORD008363,246,Sports,2023-02-09,7,31.6,0.36,SE
ORD008364,161,Toys,2023-12-28,5,17.92,0.16,ES
ORD008365,386,Electronics,2023-06-15,4,408.83,0.11,US
ORD008366,20,Automotive,2024-02-18,7,231.25,0.2,CA
ORD008367,97,Sports,2023-12-26,7,252.16,0.05,ES
ORD008368,431,Electronics,2023-05-02,3,306.08,0.23,FR
ORD008369,403,Electronics,2024-09-14,8,168.47,0.34,IT
ORD008370,230,Clothing,2024-01-01,10,382.6,0.19,NL
ORD008371,488,Beauty,2024-12-20,4,17.21,0.01,SG
ORD008372,198,Toys,2024-12-19,8,68.93,0.36,BR
ORD008373,166,Electronics,2023-07-03,6,464.35,0.3,AU
ORD008374,68,Books,2024-10-06,6,438.9,0.39,SE
ORD008375,118,Toys,2024-06-09,5,43.84,0.32,SE
ORD008376,122,Clothing,2023-11-12,7,279.77,0.34,IN
ORD008377,59,Sports,2024-08-18,10,368.18,0.37,UK
ORD008378,486,Beauty,2023-11-03,2,133.04,0.1,SG
ORD008379,224,Toys,2023-12-26,10,13.87,0.39,IN
ORD008380,498,Automotive,2023-09-29,3,331.89,0.1,JP
ORD008381,164,Clothing,2024-09-07,7,388.72,0.39,IN
ORD008382,450,Sports,2024-10-23,6,367.73,0.32,US
ORD008383,250,Sports,2023-04-21,4,89.72,0.29,US
ORD008384,122,Home & Garden,2024-03-06,8,285.99,0.09,DE
ORD008385,259,Beauty,2023-03-27,10,118.45,0.12,AU
ORD008386,106,Books,2024-10-08,9,309.55,0.06,BR
ORD008387,432,Clothing,2023-06-10,4,244.17,0.12,CA
ORD008388,156,Electronics,2023-01-27,5,287.6,0.37,FR
ORD008389,442,Electronics,2024-06-28,6,161.43,0.18,NL
ORD008390,375,Electronics,2024-05-01,3,266.32,0.38,MX
ORD008391,219,Beauty,2023-10-28,10,260.59,0.24,BR
ORD008392,231,Sports,2024-03-27,1,90.8,0.01,AU
ORD008393,380,Toys,2024-07-16,7,15.4,0.14,UK
ORD008394,16,Clothing,2023-05-05,3,331.62,0.14,UK
ORD008395,280,Clothing,2023-08-11,5,126.43,0.17,IN
ORD008396,352,Beauty,2023-12-21,2,268.25,0.27,IT
ORD008397,364,Books,2024-04-07,1,14.84,0.11,CA
ORD008398,446,Beauty,2024-03-23,6,138.04,0.16,ES
ORD008399,351,Home & Garden,2023-12-27,8,25.98,0.4,DE
ORD008400,222,Clothing,2024-04-27,2,151.46,0.14,ES
ORD008401,414,Electronics,2023-01-16,1,366.6,0.2,JP
ORD008402,86,Electronics,2023-08-25,3,315.8,0.21,FR
ORD008403,82,Home & Garden,2024-02-22,1,87.25,0.08,CA
ORD008404,5,Books,2023-08-12,5,65.9,0.2,FR
ORD008405,398,Electronics,2024-11-18,3,64.3,0.09,JP
ORD008406,156,Clothing,2024-12-04,5,425.65,0.04,BR
ORD008407,113,Automotive,2023-09-29,7,146.63,0.32,IN
ORD008408,94,Sports,2023-06-19,4,497.66,0.29,US
ORD008409,344,Automotive,2023-06-13,9,280.05,0.11,FR
ORD008410,238,Sports,2023-11-21,6,499.41,0.05,UK
ORD008411,480,Sports,2024-11-30,1,124.92,0.39,DE
ORD008412,345,Home & Garden,2023-06-22,5,474.73,0.37,SG
ORD008413,293,Home & Garden,2023-08-30,7,461.82,0.14,MX
ORD008414,89,Books,2024-02-13,5,90.35,0.26,BR
ORD008415,443,Automotive,2024-02-21,6,493.15,0.11,MX
ORD008416,155,Electronics,2024-04-28,8,178.91,0.15,UK
ORD008417,406,Toys,2024-06-15,7,78.87,0.22,FR
ORD008418,3,Automotive,2024-07-31,2,186.15,0.11,BR
ORD008419,351,Clothing,2023-12-25,7,46.31,0.03,UK
ORD008420,388,Automotive,2023-02-21,2,301.1,0.29,UK
ORD008421,38,Clothing,2024-05-08,7,302.23,0.08,ES
ORD008422,354,Automotive,2024-03-08,7,170.02,0.12,JP
ORD008423,13,Toys,2023-06-06,9,161.15,0.38,ES
ORD008424,268,Home & Garden,2024-09-15,10,23.74,0.24,NL
ORD008425,454,Automotive,2024-06-25,2,334.92,0.09,BR
ORD008426,198,Clothing,2023-11-04,10,129.77,0.11,SE
ORD008427,349,Books,2024-12-08,3,239.79,0.09,BR
ORD008428,96,Sports,2024-05-09,1,256.08,0.35,DE
ORD008429,274,Electronics,2024-11-09,9,395.08,0.32,DE
ORD008430,232,Clothing,2024-06-15,10,318.79,0.22,SG
ORD008431,2,Beauty,2024-06-02,1,485.5,0.05,NL
ORD008432,420,Clothing,2023-06-09,5,318.23,0.3,MX
ORD008433,63,Clothing,2023-11-02,10,182.46,0.34,AU
ORD008434,31,Automotive,2024-04-09,8,435.67,0.21,SE
ORD008435,345,Electronics,2024-08-27,5,260.84,0.08,FR
ORD008436,415,Toys,2024-10-27,8,98.69,0.28,JP
ORD008437,118,Toys,2023-03-01,4,285.14,0.13,IN
ORD008438,340,Electronics,2024-06-05,3,66.64,0.37,DE
ORD008439,179,Sports,2023-07-14,5,176.56,0.33,DE
ORD008440,384,Home & Garden,2024-06-02,9,21.06,0.16,IT
ORD008441,415,Home & Garden,2023-08-20,3,44.66,0.02,FR
ORD008442,286,Books,2024-02-21,6,113.93,0.38,ES
ORD008443,163,Electronics,2024-01-20,9,313.24,0.38,IN
ORD008444,183,Sports,2024-09-28,1,249.65,0.19,SE
ORD008445,259,Electronics,2024-04-22,7,219.88,0.0,FR
ORD008446,94,Home & Garden,2023-06-27,9,288.18,0.29,AU
ORD008447,36,Home & Garden,2024-04-04,3,102.55,0.11,FR
ORD008448,339,Sports,2024-04-12,2,343.04,0.3,AU
ORD008449,248,Sports,2023-09-23,8,274.82,0.01,JP
ORD008450,254,Beauty,2023-07-11,4,74.88,0.25,ES
ORD008451,359,Automotive,2024-10-26,8,279.71,0.38,IT
ORD008452,238,Sports,2023-04-23,5,61.69,0.21,UK
ORD008453,115,Sports,2023-04-14,6,339.09,0.38,JP
ORD008454,1,Sports,2024-03-06,4,117.59,0.29,DE
ORD008455,290,Home & Garden,2023-08-14,5,30.14,0.24,SG
ORD008456,297,Sports,2024-01-04,1,98.64,0.34,UK
ORD008457,294,Clothing,2023-07-15,9,244.56,0.37,UK
ORD008458,45,Electronics,2023-09-26,4,357.52,0.34,FR
ORD008459,408,Clothing,2023-10-25,3,189.13,0.37,JP
ORD008460,451,Clothing,2024-02-15,1,186.54,0.03,BR
ORD008461,181,Sports,2023-02-27,10,223.03,0.09,IN
ORD008462,17,Electronics,2023-11-12,8,434.01,0.11,IT
ORD008463,448,Books,2024-05-16,6,401.48,0.38,DE
ORD008464,324,Electronics,2024-06-01,6,463.78,0.36,CA
ORD008465,236,Clothing,2023-07-17,10,394.08,0.32,US
ORD008466,92,Toys,2024-02-01,8,225.95,0.32,BR
ORD008467,17,Home & Garden,2023-10-08,10,288.52,0.18,US
ORD008468,113,Beauty,2023-01-27,6,278.54,0.04,ES
ORD008469,39,Toys,2023-11-12,1,494.31,0.27,IT
ORD008470,84,Clothing,2024-05-06,3,370.31,0.21,IT
ORD008471,456,Electronics,2024-11-21,4,269.54,0.16,BR
ORD008472,342,Automotive,2023-03-23,10,324.94,0.15,SE
ORD008473,39,Clothing,2023-11-09,7,479.31,0.06,MX
ORD008474,396,Toys,2024-11-18,2,100.28,0.16,NL
ORD008475,397,Sports,2023-12-09,2,471.73,0.37,FR
ORD008476,93,Beauty,2024-10-14,5,180.26,0.08,CA
ORD008477,494,Sports,2024-05-12,6,178.12,0.24,BR
ORD008478,64,Electronics,2024-09-24,5,116.97,0.25,IT
ORD008479,419,Clothing,2024-07-07,4,180.96,0.15,CA
ORD008480,155,Beauty,2023-02-22,7,255.97,0.11,JP
ORD008481,203,Sports,2024-07-10,10,90.39,0.06,SG
ORD008482,221,Beauty,2023-04-04,10,89.33,0.17,MX
ORD008483,117,Toys,2024-06-30,3,148.25,0.2,US
ORD008484,425,Automotive,2023-11-02,8,9.84,0.01,UK
ORD008485,81,Electronics,2024-05-14,2,325.28,0.37,SG
ORD008486,308,Electronics,2023-02-14,1,105.41,0.0,ES
ORD008487,184,Toys,2023-03-25,5,437.31,0.02,SG
ORD008488,485,Electronics,2023-03-19,3,192.95,0.27,NL
ORD008489,246,Electronics,2023-10-02,3,230.67,0.32,SG
ORD008490,442,Toys,2023-05-04,7,464.43,0.18,BR
ORD008491,238,Beauty,2023-01-06,9,18.49,0.13,NL
ORD008492,354,Beauty,2024-10-03,6,355.44,0.29,FR
ORD008493,310,Clothing,2024-07-02,1,255.86,0.35,AU
ORD008494,185,Toys,2024-02-19,10,320.45,0.13,BR
ORD008495,396,Clothing,2024-06-12,7,485.2,0.25,SE
ORD008496,165,Automotive,2023-08-09,5,69.96,0.36,DE
ORD008497,84,Toys,2024-05-30,5,339.55,0.27,FR
ORD008498,337,Beauty,2024-01-15,8,353.97,0.03,AU
ORD008499,166,Toys,2023-03-06,10,229.88,0.06,AU
ORD008500,358,Automotive,2024-04-30,1,94.67,0.32,IT
ORD008501,372,Books,2024-12-26,10,90.99,0.19,SG
ORD008502,362,Beauty,2023-07-06,5,213.61,0.09,JP
ORD008503,446,Automotive,2023-01-04,9,339.53,0.03,FR
ORD008504,390,Clothing,2024-07-02,1,277.66,0.03,UK
ORD008505,420,Home & Garden,2023-07-23,5,56.84,0.21,CA
ORD008506,475,Toys,2023-10-23,6,32.27,0.29,US
ORD008507,485,Home & Garden,2023-01-06,5,189.14,0.17,ES
ORD008508,22,Toys,2023-02-17,1,61.37,0.16,UK
ORD008509,399,Clothing,2024-06-01,1,75.19,0.0,ES
ORD008510,433,Electronics,2024-12-04,9,341.66,0.15,JP
ORD008511,487,Electronics,2024-03-07,10,240.86,0.07,AU
ORD008512,104,Clothing,2024-09-06,8,326.15,0.16,MX
ORD008513,468,Beauty,2023-05-31,10,177.58,0.02,NL
ORD008514,496,Toys,2023-02-19,10,52.58,0.22,BR
ORD008515,328,Books,2023-09-11,3,37.88,0.23,BR
ORD008516,195,Toys,2023-06-01,6,14.27,0.34,US
ORD008517,353,Home & Garden,2024-03-26,5,432.34,0.07,MX
ORD008518,63,Clothing,2024-11-29,10,482.46,0.24,SG
ORD008519,155,Beauty,2023-06-18,6,80.04,0.34,SE
ORD008520,277,Electronics,2024-10-20,2,473.38,0.37,AU
ORD008521,450,Electronics,2024-01-28,6,136.18,0.07,IN
ORD008522,226,Books,2023-03-16,6,324.58,0.25,SE
ORD008523,350,Sports,2024-01-27,5,193.55,0.06,DE
ORD008524,283,Books,2023-12-07,4,311.62,0.08,DE
ORD008525,449,Books,2024-06-30,7,422.42,0.29,NL
ORD008526,441,Sports,2024-06-30,4,431.19,0.34,FR
ORD008527,106,Beauty,2024-04-12,8,435.27,0.15,BR
ORD008528,235,Books,2024-05-02,4,136.72,0.32,MX
ORD008529,185,Home & Garden,2024-03-19,5,389.76,0.27,SG
ORD008530,332,Electronics,2023-06-22,2,178.51,0.14,SE
ORD008531,43,Automotive,2024-11-06,1,95.08,0.11,MX
ORD008532,121,Beauty,2023-06-04,5,158.36,0.29,SE
ORD008533,467,Books,2024-03-10,3,177.94,0.34,UK
ORD008534,399,Beauty,2024-07-18,8,284.35,0.04,IN
ORD008535,406,Electronics,2023-03-03,2,310.91,0.19,CA
ORD008536,324,Electronics,2023-11-25,3,203.0,0.11,SG
ORD008537,382,Sports,2023-01-22,7,414.67,0.05,ES
ORD008538,240,Sports,2023-06-15,1,32.33,0.07,AU
ORD008539,219,Clothing,2024-04-09,6,434.39,0.32,CA
ORD008540,214,Sports,2024-10-28,7,366.63,0.27,NL
ORD008541,6,Clothing,2023-08-11,2,185.81,0.39,NL
ORD008542,160,Home & Garden,2024-09-01,2,310.23,0.13,BR
ORD008543,485,Home & Garden,2024-01-19,4,218.73,0.36,SE
ORD008544,387,Clothing,2024-07-09,1,59.5,0.04,IN
ORD008545,193,Books,2024-08-14,10,482.12,0.35,IN
ORD008546,74,Sports,2024-04-09,7,180.46,0.02,MX
ORD008547,124,Sports,2023-11-05,9,421.98,0.07,NL
ORD008548,305,Automotive,2024-03-02,4,390.68,0.32,JP
ORD008549,428,Toys,2024-05-19,6,381.21,0.37,FR
ORD008550,170,Beauty,2024-09-20,5,23.47,0.24,SG
ORD008551,103,Automotive,2024-02-05,1,417.83,0.34,IN
ORD008552,203,Home & Garden,2024-09-29,5,242.1,0.05,SG
ORD008553,86,Books,2023-10-11,8,437.89,0.35,ES
ORD008554,228,Sports,2024-07-08,2,199.27,0.11,US
ORD008555,236,Sports,2024-03-21,1,326.47,0.38,DE
ORD008556,155,Toys,2023-02-26,1,154.45,0.17,US
ORD008557,230,Beauty,2024-01-02,10,363.05,0.31,AU
ORD008558,296,Sports,2024-07-11,5,495.97,0.28,AU
ORD008559,443,Sports,2024-05-05,6,164.38,0.01,CA
ORD008560,386,Beauty,2024-02-16,7,170.16,0.09,IN
ORD008561,499,Books,2024-08-01,3,374.09,0.23,SG
ORD008562,287,Clothing,2024-10-21,6,244.24,0.09,CA
ORD008563,130,Electronics,2023-04-15,1,144.24,0.32,JP
ORD008564,36,Clothing,2023-07-06,3,485.21,0.33,ES
ORD008565,101,Clothing,2024-12-22,8,38.79,0.01,CA
ORD008566,181,Home & Garden,2023-06-26,9,437.91,0.24,NL
ORD008567,235,Electronics,2024-08-26,2,31.55,0.4,CA
ORD008568,288,Beauty,2024-01-24,3,324.51,0.21,ES
ORD008569,221,Sports,2023-10-08,5,180.89,0.34,AU
ORD008570,165,Books,2024-06-14,7,341.48,0.04,DE
ORD008571,412,Sports,2024-07-03,1,333.14,0.29,CA
ORD008572,304,Electronics,2023-07-18,7,148.41,0.08,JP
ORD008573,49,Books,2023-01-09,10,179.55,0.11,CA
ORD008574,264,Home & Garden,2024-07-22,9,374.03,0.2,US
ORD008575,81,Automotive,2024-05-18,8,11.66,0.38,IN
ORD008576,395,Toys,2023-03-29,7,190.23,0.27,CA
ORD008577,103,Sports,2023-01-27,2,102.27,0.37,IT
ORD008578,263,Automotive,2024-04-27,6,251.5,0.3,NL
ORD008579,42,Automotive,2024-03-14,7,110.38,0.3,FR
ORD008580,471,Sports,2024-07-11,3,349.32,0.34,NL
ORD008581,33,Books,2024-09-29,5,396.39,0.13,BR
ORD008582,319,Books,2024-04-29,6,153.59,0.32,IN
ORD008583,258,Sports,2024-04-09,1,282.88,0.34,ES
ORD008584,31,Beauty,2024-01-16,2,244.42,0.3,DE
ORD008585,445,Books,2024-02-18,5,122.58,0.27,DE
ORD008586,205,Beauty,2024-12-12,9,375.24,0.08,AU
ORD008587,412,Automotive,2023-02-03,4,149.18,0.38,IT
ORD008588,231,Sports,2024-02-01,9,299.45,0.11,MX
ORD008589,97,Books,2023-06-30,3,431.38,0.17,MX
ORD008590,144,Books,2024-06-13,2,330.32,0.03,CA
ORD008591,72,Clothing,2024-06-30,10,197.31,0.01,CA
ORD008592,205,Books,2023-07-13,5,268.93,0.07,US
ORD008593,307,Toys,2024-07-07,3,443.93,0.25,BR
ORD008594,274,Electronics,2024-04-15,8,319.27,0.12,AU
ORD008595,165,Books,2024-11-22,7,277.25,0.35,SG
ORD008596,178,Beauty,2024-08-18,2,208.12,0.01,MX
ORD008597,253,Beauty,2024-07-17,10,378.99,0.08,JP
ORD008598,144,Electronics,2023-04-13,2,91.02,0.03,ES
ORD008599,359,Electronics,2024-12-21,1,359.4,0.04,NL
ORD008600,163,Clothing,2024-08-04,9,282.46,0.1,DE
ORD008601,450,Electronics,2024-09-07,2,50.5,0.35,IT
ORD008602,124,Sports,2024-07-02,5,419.08,0.34,US
ORD008603,94,Electronics,2024-09-15,8,290.67,0.13,ES
ORD008604,473,Clothing,2024-03-20,8,308.39,0.03,UK
ORD008605,35,Books,2023-01-10,6,291.54,0.27,UK
ORD008606,7,Automotive,2023-12-05,2,457.59,0.28,AU
ORD008607,114,Beauty,2023-07-01,9,275.99,0.37,SE
ORD008608,87,Toys,2023-08-16,7,384.01,0.37,FR
ORD008609,277,Automotive,2023-07-21,5,271.36,0.1,DE
ORD008610,431,Automotive,2024-04-05,7,401.22,0.35,CA
ORD008611,45,Automotive,2024-07-29,10,394.18,0.21,CA
ORD008612,259,Automotive,2024-09-26,7,495.89,0.37,DE
ORD008613,164,Automotive,2024-09-30,3,300.34,0.27,IT
ORD008614,389,Clothing,2023-01-15,9,183.95,0.19,FR
ORD008615,153,Books,2024-07-04,5,453.28,0.23,AU
ORD008616,152,Home & Garden,2024-11-09,10,328.16,0.09,BR
ORD008617,55,Sports,2024-07-18,9,309.05,0.23,IN
ORD008618,1,Home & Garden,2023-03-27,10,373.06,0.11,FR
ORD008619,490,Books,2024-11-29,2,255.35,0.18,AU
ORD008620,214,Home & Garden,2024-01-02,10,357.81,0.12,SG
ORD008621,428,Toys,2024-02-24,6,491.84,0.18,SE
ORD008622,486,Toys,2023-07-26,9,359.96,0.34,AU
ORD008623,297,Automotive,2024-09-10,5,382.22,0.23,CA
ORD008624,275,Beauty,2024-10-02,7,351.92,0.02,DE
ORD008625,443,Clothing,2024-08-18,6,321.32,0.28,DE
ORD008626,371,Clothing,2023-06-01,3,321.48,0.26,BR
ORD008627,143,Home & Garden,2023-04-03,2,493.26,0.04,DE
ORD008628,496,Beauty,2024-12-13,9,331.5,0.12,NL
ORD008629,423,Home & Garden,2024-09-28,6,29.03,0.1,UK
ORD008630,11,Clothing,2024-09-17,8,110.81,0.18,FR
ORD008631,340,Automotive,2024-07-23,6,142.13,0.15,SE
ORD008632,20,Sports,2023-03-19,2,341.66,0.33,NL
ORD008633,117,Automotive,2024-01-11,6,86.42,0.16,ES
ORD008634,317,Books,2023-03-26,1,447.24,0.05,SE
ORD008635,338,Beauty,2023-11-05,2,89.37,0.11,MX
ORD008636,111,Electronics,2023-04-28,6,419.92,0.06,MX
ORD008637,256,Toys,2023-12-17,4,458.71,0.13,ES
ORD008638,50,Automotive,2024-05-05,8,496.09,0.34,BR
ORD008639,249,Automotive,2024-09-05,5,13.95,0.21,BR
ORD008640,129,Home & Garden,2023-02-28,7,243.77,0.14,JP
ORD008641,465,Automotive,2024-10-13,7,396.62,0.36,SE
ORD008642,398,Automotive,2023-05-19,1,461.01,0.18,MX
ORD008643,195,Clothing,2024-11-19,10,260.5,0.29,FR
ORD008644,212,Home & Garden,2023-12-18,5,125.06,0.08,JP
ORD008645,460,Automotive,2023-02-11,1,178.15,0.15,MX
ORD008646,435,Beauty,2024-07-31,7,205.75,0.2,CA
ORD008647,415,Sports,2023-02-04,10,397.6,0.21,NL
ORD008648,273,Clothing,2024-04-03,9,467.41,0.32,UK
ORD008649,212,Books,2024-08-04,9,232.82,0.23,US
ORD008650,307,Electronics,2023-12-04,2,479.43,0.36,BR
ORD008651,388,Sports,2024-05-12,4,348.02,0.37,DE
ORD008652,52,Electronics,2024-02-22,6,234.36,0.17,IN
ORD008653,58,Home & Garden,2023-02-21,6,58.96,0.27,NL
ORD008654,222,Clothing,2024-05-21,1,255.67,0.31,ES
ORD008655,251,Sports,2024-11-26,3,199.62,0.15,US
ORD008656,92,Electronics,2023-09-08,2,69.6,0.11,ES
ORD008657,32,Books,2023-04-03,5,442.47,0.35,NL
ORD008658,252,Books,2023-07-07,3,65.19,0.24,AU
ORD008659,99,Toys,2024-04-08,9,468.44,0.08,BR
ORD008660,74,Toys,2024-12-18,6,18.23,0.23,US
ORD008661,179,Toys,2024-08-15,1,99.54,0.09,BR
ORD008662,457,Home & Garden,2024-07-24,8,358.51,0.19,UK
ORD008663,46,Electronics,2023-09-21,9,477.37,0.27,BR
ORD008664,231,Automotive,2024-03-21,4,35.69,0.33,DE
ORD008665,446,Beauty,2023-10-23,6,130.33,0.16,ES
ORD008666,2,Toys,2023-02-12,3,300.97,0.04,FR
ORD008667,438,Sports,2023-12-25,7,471.73,0.31,IT
ORD008668,393,Sports,2024-02-04,6,216.44,0.27,IN
ORD008669,3,Beauty,2024-09-10,5,292.84,0.25,FR
ORD008670,208,Books,2024-07-11,2,181.46,0.12,US
ORD008671,50,Toys,2023-11-28,3,68.21,0.02,ES
ORD008672,192,Automotive,2023-12-30,2,16.86,0.24,IT
ORD008673,470,Automotive,2024-08-01,4,338.15,0.31,IT
ORD008674,419,Beauty,2023-07-31,1,439.47,0.12,US
ORD008675,2,Toys,2023-09-20,6,87.15,0.27,NL
ORD008676,411,Electronics,2024-10-21,4,293.49,0.05,MX
ORD008677,479,Home & Garden,2024-07-08,5,372.16,0.29,NL
ORD008678,322,Beauty,2024-11-19,8,153.58,0.34,IT
ORD008679,287,Clothing,2024-10-03,6,195.46,0.16,CA
ORD008680,332,Books,2024-07-10,10,462.53,0.05,JP
ORD008681,278,Toys,2023-07-10,1,171.95,0.19,BR
ORD008682,120,Automotive,2024-01-16,1,138.75,0.23,US
ORD008683,18,Home & Garden,2023-11-01,8,49.6,0.05,ES
ORD008684,25,Beauty,2023-10-12,9,305.08,0.08,JP
ORD008685,182,Home & Garden,2024-07-22,6,237.19,0.03,AU
ORD008686,370,Toys,2023-10-10,4,479.86,0.34,JP
ORD008687,419,Beauty,2023-04-18,10,298.77,0.15,SG
ORD008688,112,Automotive,2023-09-12,3,122.95,0.22,IN
ORD008689,162,Automotive,2024-08-12,5,34.69,0.28,MX
ORD008690,6,Beauty,2024-01-06,10,450.38,0.1,CA
ORD008691,453,Home & Garden,2023-01-10,1,374.75,0.31,SE
ORD008692,81,Electronics,2024-03-30,9,301.32,0.07,ES
ORD008693,258,Electronics,2023-05-08,9,229.09,0.4,MX
ORD008694,30,Automotive,2023-03-20,5,26.41,0.19,SG
ORD008695,420,Automotive,2023-08-11,10,291.21,0.2,US
ORD008696,441,Books,2024-07-16,2,67.88,0.22,FR
ORD008697,392,Electronics,2023-02-06,7,380.36,0.12,ES
ORD008698,90,Sports,2023-06-01,9,446.73,0.18,US
ORD008699,232,Home & Garden,2023-05-28,4,462.8,0.02,FR
ORD008700,476,Home & Garden,2024-08-23,3,34.17,0.33,US
ORD008701,418,Books,2023-07-02,6,219.25,0.38,ES
ORD008702,78,Electronics,2024-02-27,6,304.09,0.15,UK
ORD008703,432,Books,2023-04-03,9,228.89,0.34,FR
ORD008704,242,Home & Garden,2024-07-31,4,332.21,0.26,DE
ORD008705,481,Toys,2023-07-10,1,257.18,0.12,UK
ORD008706,211,Clothing,2023-12-03,9,59.47,0.09,UK
ORD008707,38,Beauty,2023-08-31,1,81.86,0.23,IT
ORD008708,245,Beauty,2024-04-24,2,322.74,0.11,ES
ORD008709,405,Toys,2023-07-08,9,401.52,0.27,IN
ORD008710,416,Home & Garden,2023-01-01,8,13.92,0.1,BR
ORD008711,334,Home & Garden,2024-01-19,2,174.79,0.34,US
ORD008712,435,Automotive,2024-12-12,2,115.78,0.35,FR
ORD008713,351,Beauty,2024-08-29,8,473.16,0.2,SE
ORD008714,290,Sports,2024-12-25,7,169.23,0.23,IT
ORD008715,464,Toys,2023-11-21,10,228.1,0.14,BR
ORD008716,136,Automotive,2024-02-19,5,367.4,0.35,SE
ORD008717,20,Home & Garden,2024-08-05,3,63.82,0.36,BR
ORD008718,469,Books,2023-09-04,1,147.06,0.25,SE
ORD008719,378,Books,2023-03-24,10,450.28,0.05,AU
ORD008720,388,Beauty,2023-05-04,2,324.76,0.21,IT
ORD008721,188,Home & Garden,2024-12-03,9,249.23,0.28,AU
ORD008722,258,Books,2024-07-30,7,323.46,0.37,DE
ORD008723,302,Beauty,2023-07-30,7,320.2,0.37,DE
ORD008724,324,Beauty,2024-07-23,7,127.44,0.31,UK
ORD008725,118,Toys,2024-05-29,6,474.82,0.01,UK
ORD008726,194,Beauty,2023-12-09,7,173.75,0.16,JP
ORD008727,146,Beauty,2023-01-17,3,210.99,0.37,JP
ORD008728,224,Toys,2024-06-15,10,61.07,0.15,ES
ORD008729,309,Automotive,2023-08-01,6,265.08,0.24,MX
ORD008730,126,Home & Garden,2023-07-18,3,304.75,0.33,UK
ORD008731,185,Automotive,2024-01-20,1,254.51,0.08,BR
ORD008732,182,Books,2023-07-14,8,380.48,0.08,MX
ORD008733,149,Automotive,2024-06-06,5,172.38,0.37,SG
ORD008734,406,Toys,2023-08-02,8,300.48,0.33,UK
ORD008735,18,Beauty,2024-08-11,7,112.7,0.17,IT
ORD008736,297,Automotive,2023-11-16,10,471.09,0.37,IN
ORD008737,77,Automotive,2024-01-13,9,373.55,0.23,NL
ORD008738,246,Automotive,2023-01-26,8,128.42,0.09,AU
ORD008739,305,Home & Garden,2023-01-15,2,50.96,0.14,US
ORD008740,235,Home & Garden,2023-06-04,7,88.61,0.33,MX
ORD008741,203,Clothing,2023-09-11,1,79.93,0.22,UK
ORD008742,300,Home & Garden,2023-05-09,2,355.39,0.01,JP
ORD008743,15,Beauty,2024-01-02,1,10.56,0.2,UK
ORD008744,454,Sports,2024-03-14,9,135.49,0.01,UK
ORD008745,176,Clothing,2024-08-09,9,204.57,0.07,MX
ORD008746,23,Books,2024-01-11,4,19.95,0.26,FR
ORD008747,183,Sports,2023-09-26,4,130.39,0.25,SE
ORD008748,178,Books,2024-11-05,4,392.1,0.22,SG
ORD008749,115,Automotive,2023-11-15,2,426.97,0.25,FR
ORD008750,306,Beauty,2023-07-25,4,235.91,0.17,FR
ORD008751,84,Beauty,2023-02-25,9,358.53,0.0,SE
ORD008752,173,Beauty,2023-05-15,2,423.1,0.26,FR
ORD008753,5,Books,2024-05-19,1,46.19,0.29,FR
ORD008754,116,Clothing,2023-05-25,3,405.95,0.22,CA
ORD008755,315,Clothing,2023-09-24,6,420.03,0.24,IT
ORD008756,138,Clothing,2023-01-21,10,359.49,0.07,SG
ORD008757,384,Sports,2023-10-04,7,208.01,0.1,US
ORD008758,252,Clothing,2024-04-18,4,260.68,0.22,DE
ORD008759,117,Beauty,2023-06-10,10,82.24,0.12,CA
ORD008760,133,Beauty,2023-01-03,5,376.89,0.09,MX
ORD008761,163,Beauty,2024-08-31,5,361.03,0.31,JP
ORD008762,271,Books,2024-06-10,10,313.7,0.25,SG
ORD008763,450,Beauty,2024-12-25,7,417.07,0.04,BR
ORD008764,122,Clothing,2023-04-09,6,46.84,0.34,JP
ORD008765,484,Electronics,2024-05-09,1,266.25,0.21,CA
ORD008766,327,Toys,2023-07-07,3,162.75,0.3,CA
ORD008767,284,Toys,2024-01-02,6,300.03,0.22,IN
ORD008768,158,Beauty,2024-06-29,6,11.23,0.19,UK
ORD008769,200,Toys,2023-05-03,5,147.03,0.28,UK
ORD008770,382,Home & Garden,2023-12-06,5,48.81,0.19,IT
ORD008771,494,Home & Garden,2023-07-16,3,221.94,0.26,AU
ORD008772,252,Toys,2023-04-24,1,461.99,0.23,US
ORD008773,30,Automotive,2024-06-11,10,28.57,0.29,AU
ORD008774,284,Home & Garden,2023-07-08,2,460.49,0.31,SE
ORD008775,148,Home & Garden,2024-01-22,7,351.2,0.28,US
ORD008776,385,Clothing,2024-05-20,7,442.11,0.37,SE
ORD008777,263,Electronics,2023-11-20,6,397.48,0.38,BR
ORD008778,71,Toys,2023-04-08,7,216.84,0.04,US
ORD008779,124,Electronics,2023-01-09,2,226.66,0.24,SG
ORD008780,457,Electronics,2023-10-06,4,14.12,0.23,IT
ORD008781,462,Home & Garden,2024-12-24,7,254.2,0.02,BR
ORD008782,190,Toys,2024-12-11,6,254.59,0.15,JP
ORD008783,263,Sports,2023-11-24,5,380.85,0.11,US
ORD008784,169,Automotive,2023-10-31,3,287.31,0.17,ES
ORD008785,446,Automotive,2024-04-16,8,146.51,0.31,UK
ORD008786,425,Books,2024-08-30,1,118.09,0.12,JP
ORD008787,166,Home & Garden,2024-02-27,8,387.89,0.37,ES
ORD008788,125,Books,2024-06-12,9,256.15,0.35,DE
ORD008789,83,Sports,2023-01-18,9,55.58,0.25,MX
ORD008790,386,Sports,2024-10-03,6,400.66,0.39,DE
ORD008791,459,Beauty,2024-01-29,5,201.51,0.01,MX
ORD008792,265,Books,2023-12-26,2,143.41,0.14,NL
ORD008793,240,Toys,2023-06-07,9,62.21,0.1,NL
ORD008794,185,Electronics,2023-04-10,8,101.72,0.06,IT
ORD008795,397,Automotive,2023-09-26,4,31.79,0.31,DE
ORD008796,24,Electronics,2024-11-02,4,362.22,0.2,BR
ORD008797,158,Toys,2024-02-13,7,310.6,0.37,SG
ORD008798,303,Clothing,2023-10-28,3,481.79,0.16,NL
ORD008799,55,Automotive,2023-04-12,4,88.12,0.38,MX
ORD008800,176,Beauty,2023-02-15,7,157.52,0.26,ES
ORD008801,317,Toys,2024-03-18,9,321.84,0.15,SG
ORD008802,173,Home & Garden,2024-11-30,9,280.42,0.26,SG
ORD008803,132,Clothing,2023-11-23,5,275.03,0.36,BR
ORD008804,362,Automotive,2023-06-23,6,51.91,0.02,AU
ORD008805,459,Books,2023-10-03,3,16.23,0.17,NL
ORD008806,107,Electronics,2024-01-08,2,362.6,0.02,IN
ORD008807,147,Home & Garden,2024-07-04,10,355.54,0.25,BR
ORD008808,109,Electronics,2023-11-28,1,20.09,0.01,US
ORD008809,144,Beauty,2024-11-07,4,416.52,0.21,FR
ORD008810,460,Home & Garden,2024-04-12,7,384.75,0.08,US
ORD008811,377,Books,2023-03-30,10,113.26,0.08,SE
ORD008812,405,Books,2023-03-25,8,285.71,0.3,IT
ORD008813,189,Home & Garden,2024-02-07,9,135.84,0.07,JP
ORD008814,60,Electronics,2024-08-09,1,418.04,0.02,JP
ORD008815,72,Clothing,2024-01-25,6,92.1,0.15,CA
ORD008816,466,Books,2024-08-09,4,416.17,0.18,IT
ORD008817,120,Books,2023-02-28,3,331.16,0.14,SE
ORD008818,53,Electronics,2023-08-29,6,97.62,0.21,ES
ORD008819,332,Books,2023-02-05,1,433.56,0.15,IN
ORD008820,162,Home & Garden,2023-09-17,3,415.69,0.12,ES
ORD008821,62,Automotive,2024-02-20,3,319.92,0.2,CA
ORD008822,170,Automotive,2024-11-06,4,252.5,0.01,FR
ORD008823,349,Automotive,2023-12-02,9,316.72,0.01,ES
ORD008824,169,Clothing,2023-10-02,7,336.95,0.35,MX
ORD008825,474,Toys,2024-05-11,3,56.75,0.27,AU
ORD008826,220,Electronics,2024-06-08,9,204.07,0.14,UK
ORD008827,69,Electronics,2023-05-05,3,468.3,0.14,AU
ORD008828,449,Electronics,2024-05-26,10,387.87,0.14,FR
ORD008829,140,Automotive,2024-01-29,1,44.01,0.35,SE
ORD008830,178,Books,2024-01-07,10,429.6,0.39,IT
ORD008831,171,Clothing,2024-12-17,6,36.95,0.12,ES
ORD008832,244,Electronics,2024-07-16,3,344.11,0.28,NL
ORD008833,294,Electronics,2024-08-17,6,172.43,0.1,FR
ORD008834,283,Electronics,2024-08-22,8,140.04,0.29,DE
ORD008835,324,Electronics,2024-04-17,7,243.4,0.38,UK
ORD008836,137,Sports,2023-01-19,10,45.07,0.01,AU
ORD008837,483,Books,2023-09-26,9,483.61,0.03,IN
ORD008838,235,Automotive,2024-07-13,3,478.39,0.32,AU
ORD008839,492,Clothing,2023-05-12,2,90.14,0.18,JP
ORD008840,36,Clothing,2024-11-29,7,480.04,0.22,CA
ORD008841,161,Clothing,2023-01-06,4,478.92,0.16,FR
ORD008842,413,Books,2024-02-12,6,66.32,0.02,AU
ORD008843,104,Books,2023-03-03,7,12.69,0.16,SG
ORD008844,320,Automotive,2024-07-09,1,237.71,0.06,FR
ORD008845,125,Automotive,2024-03-26,2,172.84,0.13,CA
ORD008846,411,Electronics,2023-10-23,9,244.09,0.07,FR
ORD008847,306,Automotive,2023-03-16,3,260.37,0.34,DE
ORD008848,248,Automotive,2023-11-26,4,378.33,0.1,AU
ORD008849,135,Automotive,2023-09-13,8,318.04,0.23,UK
ORD008850,462,Automotive,2023-05-18,3,258.28,0.39,MX
ORD008851,408,Beauty,2023-05-15,1,253.99,0.4,UK
ORD008852,230,Books,2024-09-10,5,470.11,0.26,NL
ORD008853,232,Toys,2023-08-28,9,152.39,0.12,CA
ORD008854,383,Clothing,2023-03-14,6,100.01,0.2,AU
ORD008855,6,Sports,2023-04-26,8,161.07,0.2,DE
ORD008856,392,Electronics,2024-04-27,6,395.02,0.35,JP
ORD008857,394,Automotive,2023-09-27,4,153.19,0.29,MX
ORD008858,373,Electronics,2023-02-11,9,327.63,0.35,FR
ORD008859,212,Books,2023-02-10,4,193.36,0.01,MX
ORD008860,231,Electronics,2023-02-13,3,202.8,0.39,SE
ORD008861,497,Toys,2024-06-22,3,373.18,0.27,UK
ORD008862,350,Toys,2024-09-12,3,98.21,0.37,IT
ORD008863,382,Electronics,2024-09-08,1,310.9,0.32,NL
ORD008864,231,Sports,2024-02-03,9,287.71,0.28,SG
ORD008865,280,Electronics,2023-10-14,8,404.28,0.03,ES
ORD008866,188,Toys,2023-08-20,1,457.24,0.06,BR
ORD008867,61,Sports,2024-06-28,8,76.63,0.08,IN
ORD008868,404,Electronics,2024-08-12,8,133.05,0.2,SG
ORD008869,261,Beauty,2024-11-16,2,76.23,0.31,AU
ORD008870,263,Electronics,2024-12-19,3,499.22,0.09,NL
ORD008871,307,Automotive,2024-05-29,4,306.56,0.39,DE
ORD008872,341,Toys,2023-05-21,7,469.57,0.27,FR
ORD008873,428,Electronics,2024-12-03,5,481.96,0.3,IN
ORD008874,370,Books,2023-03-31,3,452.7,0.36,JP
ORD008875,406,Books,2023-07-23,1,137.61,0.21,IN
ORD008876,355,Automotive,2024-08-30,10,256.25,0.06,AU
ORD008877,469,Beauty,2024-01-12,3,121.35,0.17,IN
ORD008878,63,Books,2023-06-28,8,218.62,0.21,SG
ORD008879,355,Sports,2024-01-18,3,216.43,0.39,DE
ORD008880,60,Clothing,2024-07-16,10,457.52,0.03,NL
ORD008881,240,Clothing,2023-07-19,9,349.28,0.13,UK
ORD008882,23,Books,2024-01-01,3,372.36,0.3,BR
ORD008883,206,Home & Garden,2023-07-29,2,371.54,0.28,NL
ORD008884,190,Electronics,2023-10-18,8,276.04,0.33,AU
ORD008885,239,Beauty,2023-06-04,3,176.55,0.38,DE
ORD008886,422,Beauty,2024-05-31,6,420.33,0.23,MX
ORD008887,152,Beauty,2023-08-18,5,177.49,0.34,NL
ORD008888,56,Toys,2024-01-05,5,263.33,0.39,UK
ORD008889,71,Beauty,2024-08-10,2,80.92,0.05,MX
ORD008890,402,Electronics,2023-04-14,1,298.6,0.24,SG
ORD008891,129,Electronics,2024-04-27,3,238.22,0.18,IT
ORD008892,188,Home & Garden,2023-08-30,6,439.99,0.31,BR
ORD008893,347,Books,2023-12-23,10,155.59,0.08,AU
ORD008894,443,Beauty,2024-06-06,3,156.22,0.34,MX
ORD008895,40,Books,2024-11-05,9,67.36,0.18,DE
ORD008896,385,Home & Garden,2024-09-20,6,244.12,0.15,BR
ORD008897,196,Books,2024-10-19,2,384.57,0.29,IN
ORD008898,260,Beauty,2023-02-06,7,325.7,0.13,ES
ORD008899,89,Home & Garden,2023-11-04,3,49.88,0.36,MX
ORD008900,63,Toys,2024-08-07,6,154.32,0.35,AU
ORD008901,345,Home & Garden,2024-08-15,9,166.57,0.01,JP
ORD008902,313,Toys,2023-11-03,9,302.75,0.07,FR
ORD008903,168,Home & Garden,2023-07-28,4,395.47,0.29,SE
ORD008904,182,Automotive,2024-02-05,3,496.73,0.22,IT
ORD008905,263,Home & Garden,2024-06-28,5,131.95,0.03,UK
ORD008906,219,Books,2024-05-19,7,101.56,0.16,IN
ORD008907,418,Books,2023-07-02,2,214.9,0.01,IT
ORD008908,109,Beauty,2023-01-01,9,340.0,0.1,JP
ORD008909,265,Automotive,2024-10-08,6,360.82,0.07,BR
ORD008910,327,Sports,2023-11-22,3,415.99,0.33,CA
ORD008911,150,Sports,2024-08-30,2,160.2,0.34,BR
ORD008912,100,Automotive,2024-09-28,7,421.44,0.33,JP
ORD008913,299,Home & Garden,2024-11-16,6,336.99,0.01,DE
ORD008914,199,Beauty,2023-09-15,3,15.48,0.3,BR
ORD008915,488,Clothing,2024-04-26,10,486.56,0.24,MX
ORD008916,105,Electronics,2024-03-11,6,130.96,0.27,IT
ORD008917,285,Books,2023-04-30,5,43.31,0.02,JP
ORD008918,211,Electronics,2023-11-15,3,224.93,0.08,IN
ORD008919,173,Beauty,2023-11-11,9,270.1,0.08,SG
ORD008920,286,Clothing,2023-05-20,9,237.02,0.06,DE
ORD008921,386,Home & Garden,2023-10-01,6,385.34,0.23,MX
ORD008922,148,Beauty,2023-11-15,10,63.72,0.13,BR
ORD008923,310,Books,2024-08-06,4,407.13,0.18,JP
ORD008924,417,Automotive,2024-09-18,1,245.58,0.29,AU
ORD008925,484,Clothing,2024-06-07,10,44.15,0.22,DE
ORD008926,314,Toys,2024-08-10,7,487.73,0.18,FR
ORD008927,79,Automotive,2023-03-13,10,447.68,0.36,DE
ORD008928,421,Books,2024-02-11,8,163.09,0.26,US
ORD008929,494,Books,2023-07-08,4,255.46,0.27,IN
ORD008930,475,Toys,2023-11-02,7,126.32,0.07,CA
ORD008931,350,Clothing,2024-05-28,10,256.62,0.24,IT
ORD008932,60,Toys,2024-11-22,5,128.9,0.21,IT
ORD008933,307,Toys,2023-09-18,10,188.89,0.38,UK
ORD008934,91,Automotive,2024-02-26,4,140.95,0.3,MX
ORD008935,381,Automotive,2023-03-20,4,227.36,0.34,SE
ORD008936,25,Clothing,2024-05-13,4,39.44,0.26,SE
ORD008937,76,Beauty,2023-06-23,5,270.15,0.13,NL
ORD008938,348,Beauty,2023-12-09,10,114.58,0.26,BR
ORD008939,129,Books,2023-08-26,1,89.42,0.39,US
ORD008940,45,Automotive,2023-02-06,2,178.66,0.13,MX
ORD008941,60,Toys,2024-06-24,1,365.5,0.07,ES
ORD008942,154,Home & Garden,2024-03-28,6,181.81,0.12,IT
ORD008943,247,Books,2024-08-19,2,378.48,0.31,SE
ORD008944,359,Electronics,2024-11-21,10,489.52,0.03,IN
ORD008945,257,Home & Garden,2023-10-27,3,472.28,0.37,MX
ORD008946,211,Electronics,2024-07-06,4,115.15,0.29,IN
ORD008947,452,Electronics,2023-08-15,9,465.69,0.24,IT
ORD008948,389,Toys,2023-11-12,7,432.56,0.07,JP
ORD008949,222,Books,2024-09-02,4,19.95,0.22,DE
ORD008950,500,Sports,2024-10-17,10,485.85,0.01,FR
ORD008951,360,Sports,2023-10-02,8,479.07,0.23,JP
ORD008952,183,Sports,2024-08-09,1,372.51,0.12,US
ORD008953,202,Electronics,2024-07-13,10,304.1,0.21,IN
ORD008954,38,Sports,2023-05-17,1,495.1,0.14,UK
ORD008955,399,Toys,2024-04-01,6,102.5,0.18,CA
ORD008956,302,Beauty,2023-12-29,2,388.75,0.22,US
ORD008957,59,Home & Garden,2023-02-15,9,452.7,0.38,JP
ORD008958,76,Home & Garden,2024-02-04,9,252.92,0.39,SE
ORD008959,52,Sports,2024-12-16,5,153.26,0.25,US
ORD008960,80,Toys,2024-07-23,4,225.73,0.06,NL
ORD008961,162,Home & Garden,2023-05-27,3,486.16,0.02,FR
ORD008962,379,Toys,2023-06-11,10,372.8,0.4,IT
ORD008963,498,Toys,2023-08-21,8,276.18,0.25,AU
ORD008964,211,Toys,2023-01-14,2,60.45,0.24,CA
ORD008965,268,Toys,2023-02-23,7,347.69,0.02,DE
ORD008966,270,Automotive,2024-06-09,10,136.67,0.38,BR
ORD008967,326,Toys,2024-02-04,7,494.46,0.06,DE
ORD008968,344,Automotive,2024-05-23,4,261.4,0.22,IN
ORD008969,50,Clothing,2024-06-06,4,309.48,0.12,BR
ORD008970,287,Toys,2023-02-23,9,499.66,0.15,US
ORD008971,195,Toys,2024-11-21,5,377.85,0.13,SG
ORD008972,405,Books,2024-12-08,3,246.28,0.1,SG
ORD008973,466,Sports,2023-01-25,4,278.2,0.1,BR
ORD008974,177,Home & Garden,2023-02-19,3,452.96,0.03,UK
ORD008975,285,Electronics,2024-08-21,10,468.74,0.01,ES
ORD008976,128,Home & Garden,2024-03-19,1,245.14,0.16,ES
ORD008977,29,Electronics,2024-12-24,10,177.69,0.03,AU
ORD008978,72,Automotive,2023-06-30,6,392.1,0.14,SG
ORD008979,426,Sports,2024-08-03,2,84.67,0.1,SG
ORD008980,161,Sports,2024-01-19,6,202.39,0.2,US
ORD008981,54,Sports,2024-02-10,8,16.58,0.25,AU
ORD008982,120,Books,2023-06-02,9,420.2,0.16,IN
ORD008983,310,Beauty,2024-03-18,3,30.05,0.18,SG
ORD008984,213,Home & Garden,2023-10-27,6,275.8,0.4,DE
ORD008985,76,Beauty,2023-06-11,8,497.13,0.18,NL
ORD008986,237,Home & Garden,2024-09-03,8,167.32,0.17,CA
ORD008987,437,Home & Garden,2023-06-06,3,402.78,0.23,NL
ORD008988,231,Books,2023-08-08,1,72.63,0.01,FR
ORD008989,487,Home & Garden,2023-03-05,5,69.92,0.2,SG
ORD008990,185,Clothing,2024-05-08,3,117.82,0.02,NL
ORD008991,130,Home & Garden,2023-07-27,5,402.28,0.11,SE
ORD008992,295,Books,2024-11-30,9,315.49,0.31,DE
ORD008993,424,Automotive,2024-06-25,9,416.75,0.08,SE
ORD008994,405,Home & Garden,2024-10-19,3,147.1,0.2,CA
ORD008995,454,Toys,2023-05-24,4,92.32,0.28,JP
ORD008996,27,Books,2024-04-12,3,276.36,0.39,DE
ORD008997,380,Books,2024-10-04,10,23.19,0.26,FR
ORD008998,17,Books,2024-12-02,10,246.74,0.35,AU
ORD008999,389,Toys,2024-04-19,2,479.6,0.08,MX
ORD009000,133,Clothing,2024-11-22,6,326.44,0.03,AU
ORD009001,351,Sports,2023-04-18,3,255.99,0.2,IN
ORD009002,195,Sports,2023-01-30,10,102.9,0.23,UK
ORD009003,35,Sports,2023-12-06,3,232.96,0.13,UK
ORD009004,346,Electronics,2023-08-20,4,277.79,0.29,SE
ORD009005,178,Automotive,2024-11-06,3,253.81,0.22,SE
ORD009006,78,Books,2023-01-12,5,275.56,0.24,US
ORD009007,154,Sports,2023-08-20,6,483.46,0.36,US
ORD009008,93,Books,2023-09-13,5,101.53,0.07,IT
ORD009009,105,Automotive,2024-06-04,4,202.71,0.13,CA
ORD009010,220,Automotive,2023-01-02,9,79.35,0.3,IT
ORD009011,230,Sports,2024-09-12,5,209.35,0.2,US
ORD009012,166,Automotive,2024-11-13,9,53.38,0.35,SE
ORD009013,131,Beauty,2023-12-20,10,181.17,0.06,AU
ORD009014,413,Automotive,2023-03-20,10,197.19,0.18,SG
ORD009015,263,Sports,2023-02-07,9,365.25,0.31,UK
ORD009016,116,Toys,2023-07-08,2,457.48,0.25,BR
ORD009017,241,Sports,2023-04-09,5,256.07,0.06,ES
ORD009018,499,Toys,2024-01-03,4,389.43,0.28,IT
ORD009019,4,Home & Garden,2023-10-27,8,206.59,0.22,IT
ORD009020,462,Home & Garden,2023-05-20,2,145.62,0.39,SE
ORD009021,66,Toys,2024-08-31,2,80.11,0.25,US
ORD009022,126,Automotive,2024-03-14,6,200.71,0.13,AU
ORD009023,294,Electronics,2024-04-02,4,380.46,0.22,DE
ORD009024,110,Automotive,2024-05-13,9,302.63,0.05,JP
ORD009025,490,Toys,2024-09-23,10,113.8,0.3,DE
ORD009026,368,Electronics,2024-05-07,1,375.39,0.34,ES
ORD009027,289,Sports,2023-04-08,10,49.79,0.23,ES
ORD009028,196,Automotive,2023-10-07,7,83.05,0.23,IN
ORD009029,466,Toys,2024-01-16,9,95.64,0.04,BR
ORD009030,180,Sports,2023-05-16,8,343.64,0.07,DE
ORD009031,497,Electronics,2024-11-17,7,146.26,0.38,JP
ORD009032,495,Home & Garden,2023-07-04,7,441.74,0.16,AU
ORD009033,343,Books,2024-07-17,9,51.41,0.31,SE
ORD009034,350,Beauty,2024-11-25,1,468.71,0.36,FR
ORD009035,295,Sports,2023-07-20,2,8.46,0.04,FR
ORD009036,476,Books,2023-11-29,4,459.15,0.36,AU
ORD009037,290,Home & Garden,2023-07-01,5,70.5,0.07,CA
ORD009038,474,Toys,2024-08-23,7,17.55,0.31,CA
ORD009039,101,Electronics,2024-08-03,6,138.72,0.11,ES
ORD009040,215,Home & Garden,2024-10-14,9,172.23,0.34,MX
ORD009041,84,Electronics,2023-02-15,6,369.25,0.18,US
ORD009042,3,Clothing,2024-06-24,5,449.72,0.19,AU
ORD009043,150,Home & Garden,2024-02-28,3,196.56,0.23,IT
ORD009044,469,Sports,2023-11-06,9,130.15,0.34,IT
ORD009045,166,Home & Garden,2024-10-11,7,144.43,0.12,BR
ORD009046,411,Automotive,2024-09-25,5,438.63,0.39,DE
ORD009047,139,Home & Garden,2024-05-25,3,32.67,0.33,IN
ORD009048,342,Toys,2023-05-06,6,220.6,0.15,US
ORD009049,97,Automotive,2023-07-09,8,114.99,0.01,US
ORD009050,241,Toys,2023-04-24,2,182.3,0.07,SG
ORD009051,377,Clothing,2023-07-07,5,134.94,0.22,DE
ORD009052,443,Electronics,2024-07-18,9,391.77,0.33,CA
ORD009053,187,Toys,2023-09-01,6,130.61,0.38,AU
ORD009054,291,Clothing,2023-07-26,1,450.92,0.15,BR
ORD009055,291,Clothing,2023-07-01,10,355.0,0.02,MX
ORD009056,224,Beauty,2023-02-06,3,150.58,0.28,SG
ORD009057,199,Electronics,2023-09-06,10,38.31,0.12,FR
ORD009058,466,Books,2023-03-10,3,91.02,0.24,UK
ORD009059,220,Sports,2024-02-15,9,263.24,0.16,SG
ORD009060,369,Automotive,2023-05-15,4,413.99,0.25,US
ORD009061,213,Beauty,2023-07-18,5,195.58,0.1,SE
ORD009062,268,Toys,2023-12-16,4,203.82,0.06,NL
ORD009063,288,Books,2023-10-06,5,457.97,0.07,ES
ORD009064,98,Clothing,2023-08-23,8,216.82,0.37,CA
ORD009065,116,Sports,2024-11-29,6,90.06,0.35,IT
ORD009066,341,Sports,2023-02-12,1,96.22,0.34,AU
ORD009067,492,Toys,2024-10-04,8,425.94,0.25,ES
ORD009068,340,Automotive,2024-11-08,2,243.06,0.16,ES
ORD009069,301,Toys,2024-12-07,8,393.11,0.09,IT
ORD009070,499,Clothing,2024-09-21,9,288.79,0.26,IN
ORD009071,348,Sports,2024-08-14,3,109.7,0.13,JP
ORD009072,443,Beauty,2023-06-22,3,128.91,0.24,US
ORD009073,173,Automotive,2023-05-12,5,73.63,0.14,UK
ORD009074,407,Home & Garden,2024-03-15,8,55.86,0.01,SE
ORD009075,431,Clothing,2024-01-26,7,307.95,0.25,DE
ORD009076,411,Home & Garden,2024-06-10,7,396.48,0.4,SE
ORD009077,184,Toys,2023-03-27,1,344.47,0.19,NL
ORD009078,372,Clothing,2023-07-28,10,452.31,0.06,US
ORD009079,417,Automotive,2024-05-05,2,453.81,0.3,SE
ORD009080,298,Beauty,2024-03-22,7,473.29,0.2,MX
ORD009081,114,Books,2023-09-12,9,386.09,0.28,IN
ORD009082,93,Home & Garden,2023-04-19,8,242.14,0.35,US
ORD009083,419,Beauty,2024-09-18,10,177.82,0.11,IT
ORD009084,91,Sports,2024-08-29,2,44.92,0.1,JP
ORD009085,476,Sports,2023-04-17,2,468.35,0.19,ES
ORD009086,297,Clothing,2024-06-30,2,147.0,0.03,IN
ORD009087,102,Books,2023-04-14,10,82.06,0.04,BR
ORD009088,105,Clothing,2023-11-26,10,47.92,0.2,CA
ORD009089,17,Home & Garden,2023-12-07,9,126.84,0.16,UK
ORD009090,298,Sports,2023-10-21,7,427.97,0.16,SG
ORD009091,412,Automotive,2023-09-07,2,474.84,0.26,US
ORD009092,370,Automotive,2023-12-08,5,129.57,0.37,DE
ORD009093,292,Home & Garden,2024-06-03,2,420.49,0.37,FR
ORD009094,295,Home & Garden,2023-08-30,2,296.51,0.16,IN
ORD009095,123,Books,2024-02-28,5,148.99,0.26,CA
ORD009096,411,Beauty,2023-09-19,8,151.17,0.16,US
ORD009097,268,Automotive,2024-12-09,8,203.13,0.3,DE
ORD009098,417,Home & Garden,2024-05-14,7,76.63,0.2,SG
ORD009099,492,Books,2024-09-14,5,326.99,0.05,IN
ORD009100,440,Automotive,2023-11-12,10,22.68,0.22,FR
ORD009101,471,Electronics,2023-07-07,9,445.89,0.4,BR
ORD009102,376,Home & Garden,2023-02-27,8,380.08,0.11,DE
ORD009103,154,Clothing,2024-08-19,2,175.76,0.31,DE
ORD009104,144,Sports,2024-05-24,1,250.46,0.11,AU
ORD009105,345,Automotive,2024-08-22,3,210.93,0.29,MX
ORD009106,122,Electronics,2024-05-10,9,476.23,0.19,CA
ORD009107,256,Books,2023-01-28,8,248.43,0.29,ES
ORD009108,348,Electronics,2023-11-07,3,473.89,0.33,AU
ORD009109,144,Beauty,2023-08-31,6,391.69,0.01,SG
ORD009110,54,Clothing,2023-11-13,1,389.28,0.26,NL
ORD009111,72,Beauty,2024-05-02,5,356.29,0.03,ES
ORD009112,350,Books,2024-02-18,6,340.15,0.38,IN
ORD009113,64,Electronics,2024-04-09,9,201.92,0.21,IT
ORD009114,395,Home & Garden,2023-06-03,7,56.25,0.12,UK
ORD009115,13,Toys,2023-12-29,2,254.76,0.27,UK
ORD009116,384,Clothing,2023-06-21,1,392.84,0.27,UK
ORD009117,320,Sports,2024-01-09,5,66.83,0.18,IT
ORD009118,132,Home & Garden,2023-08-04,10,239.72,0.36,CA
ORD009119,136,Sports,2023-06-08,10,131.46,0.39,IT
ORD009120,264,Clothing,2024-11-17,1,229.55,0.18,AU
ORD009121,293,Home & Garden,2023-07-15,10,106.38,0.29,IN
ORD009122,420,Automotive,2024-04-01,1,340.6,0.0,DE
ORD009123,379,Clothing,2024-04-02,4,324.88,0.12,SG
ORD009124,260,Books,2024-02-25,1,218.14,0.33,DE
ORD009125,3,Clothing,2024-06-08,5,130.28,0.05,FR
ORD009126,461,Home & Garden,2024-03-20,8,143.76,0.01,SE
ORD009127,222,Electronics,2024-09-12,1,103.5,0.27,NL
ORD009128,425,Electronics,2023-01-19,10,483.44,0.15,SE
ORD009129,136,Books,2023-02-23,3,119.61,0.36,MX
ORD009130,184,Toys,2024-02-09,9,216.34,0.39,FR
ORD009131,307,Toys,2023-10-19,1,253.92,0.14,CA
ORD009132,365,Sports,2023-06-04,3,337.44,0.39,MX
ORD009133,72,Books,2023-09-15,6,377.11,0.28,SE
ORD009134,397,Automotive,2024-04-19,1,196.37,0.18,SG
ORD009135,286,Home & Garden,2024-09-14,10,261.48,0.22,CA
ORD009136,407,Sports,2023-05-13,9,450.7,0.36,US
ORD009137,294,Sports,2023-08-02,2,62.75,0.04,UK
ORD009138,275,Automotive,2023-04-13,4,224.29,0.14,AU
ORD009139,320,Toys,2024-12-28,10,99.53,0.15,SE
ORD009140,254,Home & Garden,2023-01-15,8,28.77,0.16,MX
ORD009141,51,Beauty,2023-04-26,5,82.54,0.24,AU
ORD009142,170,Toys,2023-10-08,3,128.99,0.08,IT
ORD009143,490,Books,2023-05-26,1,284.43,0.23,FR
ORD009144,127,Electronics,2024-05-11,10,384.79,0.38,US
ORD009145,219,Toys,2023-01-17,2,470.72,0.19,CA
ORD009146,110,Beauty,2024-01-11,1,479.32,0.17,ES
ORD009147,230,Books,2023-05-24,5,440.11,0.05,DE
ORD009148,390,Sports,2024-04-06,5,260.42,0.29,ES
ORD009149,360,Toys,2023-03-27,3,215.41,0.28,ES
ORD009150,52,Beauty,2023-05-25,3,228.36,0.26,IT
ORD009151,463,Automotive,2024-08-28,7,482.83,0.38,CA
ORD009152,318,Sports,2024-10-19,6,297.15,0.16,ES
ORD009153,343,Books,2023-09-21,3,374.15,0.23,US
ORD009154,385,Home & Garden,2024-03-04,4,38.08,0.36,DE
ORD009155,334,Home & Garden,2024-05-08,8,487.07,0.29,SG
ORD009156,437,Clothing,2024-07-09,10,263.18,0.26,SG
ORD009157,348,Clothing,2024-01-27,3,303.71,0.26,IT
ORD009158,495,Clothing,2024-02-27,2,405.07,0.11,IN
ORD009159,340,Sports,2024-07-26,6,47.73,0.04,US
ORD009160,419,Home & Garden,2024-02-03,4,12.22,0.02,BR
ORD009161,271,Sports,2024-01-28,6,477.94,0.27,SG
ORD009162,166,Electronics,2023-07-26,5,111.37,0.19,SG
ORD009163,258,Beauty,2024-09-03,9,58.25,0.35,SE
ORD009164,78,Automotive,2023-11-19,1,468.23,0.01,SG
ORD009165,239,Beauty,2024-02-08,7,191.4,0.25,BR
ORD009166,364,Toys,2024-04-06,10,428.05,0.07,US
ORD009167,382,Home & Garden,2024-01-30,6,466.02,0.18,JP
ORD009168,197,Electronics,2023-11-19,2,103.05,0.34,UK
ORD009169,234,Clothing,2023-12-21,10,40.18,0.16,IN
ORD009170,288,Books,2023-03-14,2,25.39,0.2,MX
ORD009171,69,Books,2024-08-23,9,142.51,0.31,MX
ORD009172,314,Books,2023-03-01,7,94.05,0.01,MX
ORD009173,245,Sports,2024-12-21,9,451.35,0.0,UK
ORD009174,374,Home & Garden,2024-12-08,1,464.79,0.31,UK
ORD009175,319,Automotive,2024-10-06,3,224.33,0.16,SE
ORD009176,88,Electronics,2023-02-25,9,180.25,0.34,US
ORD009177,283,Toys,2023-01-19,8,207.51,0.32,US
ORD009178,170,Clothing,2024-03-26,7,417.86,0.3,FR
ORD009179,309,Books,2023-05-01,7,77.5,0.39,US
ORD009180,315,Home & Garden,2024-11-17,10,80.49,0.21,UK
ORD009181,191,Automotive,2024-04-24,9,144.32,0.06,NL
ORD009182,307,Automotive,2024-09-19,3,293.91,0.15,IT
ORD009183,88,Beauty,2024-12-26,7,357.87,0.35,IT
ORD009184,190,Electronics,2024-11-15,7,495.3,0.26,IN
ORD009185,361,Home & Garden,2023-03-18,2,26.16,0.24,IN
ORD009186,260,Beauty,2024-12-18,3,182.29,0.02,AU
ORD009187,19,Toys,2023-02-21,3,158.1,0.28,FR
ORD009188,227,Books,2024-07-22,8,26.82,0.27,JP
ORD009189,128,Electronics,2024-07-01,5,397.18,0.31,BR
ORD009190,448,Home & Garden,2023-06-05,6,216.39,0.3,AU
ORD009191,467,Automotive,2023-10-07,6,309.38,0.17,IT
ORD009192,35,Books,2024-04-05,2,229.4,0.05,SE
ORD009193,185,Clothing,2023-12-30,5,186.85,0.1,DE
ORD009194,294,Beauty,2024-05-28,4,73.95,0.11,IN
ORD009195,168,Beauty,2023-04-06,9,446.12,0.38,NL
ORD009196,365,Beauty,2023-10-25,1,64.98,0.14,SE
ORD009197,63,Home & Garden,2024-06-07,9,291.77,0.05,UK
ORD009198,424,Home & Garden,2023-01-06,10,488.21,0.39,BR
ORD009199,126,Toys,2024-04-19,8,147.56,0.3,NL
ORD009200,120,Electronics,2024-01-30,10,241.8,0.14,NL
ORD009201,170,Books,2024-11-06,5,374.34,0.0,MX
ORD009202,468,Electronics,2024-12-03,2,132.82,0.0,AU
ORD009203,140,Sports,2024-05-18,8,117.2,0.18,FR
ORD009204,128,Automotive,2024-01-29,2,60.68,0.35,US
ORD009205,125,Sports,2024-01-23,9,17.19,0.26,AU
ORD009206,75,Electronics,2023-11-21,6,145.63,0.02,US
ORD009207,466,Home & Garden,2024-07-22,7,341.5,0.06,MX
ORD009208,329,Sports,2023-09-02,6,43.11,0.29,US
ORD009209,281,Home & Garden,2023-06-26,7,385.29,0.18,FR
ORD009210,69,Home & Garden,2023-11-19,9,217.08,0.29,JP
ORD009211,25,Automotive,2023-08-31,3,279.65,0.36,CA
ORD009212,154,Clothing,2024-08-17,5,160.21,0.29,CA
ORD009213,466,Home & Garden,2023-07-20,4,331.66,0.26,ES
ORD009214,266,Books,2023-10-21,2,379.48,0.34,IN
ORD009215,405,Clothing,2023-07-17,7,48.04,0.18,US
ORD009216,152,Automotive,2024-01-28,5,444.52,0.26,UK
ORD009217,51,Home & Garden,2023-08-12,10,296.58,0.33,IT
ORD009218,114,Home & Garden,2024-04-02,3,326.84,0.35,CA
ORD009219,118,Automotive,2024-08-11,7,266.18,0.15,AU
ORD009220,302,Books,2024-07-01,8,52.1,0.13,MX
ORD009221,97,Books,2023-08-09,4,226.2,0.09,FR
ORD009222,490,Beauty,2024-02-17,7,93.25,0.35,US
ORD009223,346,Books,2023-10-07,8,258.36,0.23,CA
ORD009224,204,Home & Garden,2024-04-19,3,451.25,0.23,MX
ORD009225,301,Books,2024-09-28,5,238.77,0.1,SE
ORD009226,358,Books,2024-09-05,5,109.3,0.14,NL
ORD009227,384,Books,2024-10-09,4,255.59,0.03,NL
ORD009228,10,Books,2023-10-21,5,172.83,0.13,US
ORD009229,254,Home & Garden,2024-08-15,4,464.78,0.39,JP
ORD009230,197,Beauty,2023-10-02,10,216.5,0.24,JP
ORD009231,152,Books,2023-03-16,8,399.68,0.27,FR
ORD009232,324,Books,2024-03-05,4,244.0,0.25,ES
ORD009233,122,Clothing,2024-03-11,9,122.62,0.26,SE
ORD009234,128,Home & Garden,2024-07-09,4,333.64,0.36,FR
ORD009235,332,Books,2024-09-05,4,15.31,0.37,FR
ORD009236,33,Home & Garden,2024-10-15,7,409.32,0.02,AU
ORD009237,187,Home & Garden,2024-05-27,3,446.66,0.11,JP
ORD009238,378,Sports,2024-04-02,2,276.53,0.07,SE
ORD009239,201,Home & Garden,2023-01-12,6,128.28,0.36,JP
ORD009240,147,Clothing,2023-03-24,3,92.11,0.32,ES
ORD009241,106,Toys,2023-04-13,9,362.4,0.37,MX
ORD009242,246,Sports,2023-07-09,4,111.91,0.02,AU
ORD009243,394,Toys,2024-10-14,2,258.43,0.24,MX
ORD009244,45,Beauty,2024-06-14,6,432.28,0.02,UK
ORD009245,305,Beauty,2024-04-07,5,383.44,0.07,IT
ORD009246,393,Toys,2023-04-01,2,13.25,0.33,FR
ORD009247,111,Books,2024-04-23,1,353.53,0.25,ES
ORD009248,343,Electronics,2024-06-17,2,11.89,0.21,IN
ORD009249,209,Sports,2023-08-13,6,166.09,0.01,CA
ORD009250,10,Clothing,2023-06-27,5,190.91,0.11,FR
ORD009251,353,Clothing,2024-05-16,3,239.14,0.14,NL
ORD009252,359,Toys,2023-03-29,6,329.47,0.17,AU
ORD009253,346,Sports,2024-02-29,4,495.57,0.05,MX
ORD009254,41,Clothing,2024-12-13,4,93.45,0.1,ES
ORD009255,226,Automotive,2023-01-19,4,337.58,0.27,SG
ORD009256,88,Electronics,2023-05-14,5,95.67,0.25,IN
ORD009257,328,Beauty,2024-01-23,5,170.2,0.14,BR
ORD009258,225,Beauty,2023-02-21,2,408.17,0.14,BR
ORD009259,312,Sports,2024-05-31,7,41.4,0.33,NL
ORD009260,440,Books,2023-02-28,4,15.82,0.11,AU
ORD009261,43,Books,2023-05-20,1,184.0,0.03,UK
ORD009262,121,Sports,2024-02-04,3,223.2,0.13,BR
ORD009263,292,Clothing,2024-08-18,7,209.43,0.06,US
ORD009264,464,Beauty,2023-09-25,6,295.81,0.11,JP
ORD009265,25,Home & Garden,2023-02-11,3,368.99,0.13,DE
ORD009266,419,Sports,2023-09-11,6,323.51,0.08,DE
ORD009267,400,Home & Garden,2023-02-23,8,370.7,0.12,FR
ORD009268,98,Electronics,2023-05-18,7,262.85,0.25,UK
ORD009269,414,Toys,2023-12-08,2,224.24,0.23,NL
ORD009270,293,Toys,2024-10-05,7,70.66,0.03,AU
ORD009271,27,Electronics,2024-10-14,8,492.9,0.12,FR
ORD009272,26,Books,2024-05-29,3,330.4,0.18,BR
ORD009273,166,Electronics,2024-09-06,7,119.71,0.01,UK
ORD009274,267,Books,2024-01-26,5,345.55,0.39,BR
ORD009275,392,Toys,2024-11-28,1,271.59,0.09,UK
ORD009276,50,Sports,2024-09-01,9,205.53,0.26,US
ORD009277,332,Sports,2024-04-24,9,309.85,0.05,UK
ORD009278,335,Sports,2023-06-20,9,116.02,0.15,MX
ORD009279,193,Books,2024-07-09,1,485.99,0.01,MX
ORD009280,134,Home & Garden,2024-09-30,9,222.26,0.05,UK
ORD009281,131,Toys,2023-12-16,2,288.41,0.05,AU
ORD009282,226,Toys,2023-09-23,5,56.81,0.25,NL
ORD009283,148,Home & Garden,2023-09-24,2,440.48,0.01,DE
ORD009284,285,Toys,2024-07-03,6,342.11,0.13,DE
ORD009285,62,Beauty,2024-11-24,2,55.09,0.07,US
ORD009286,351,Home & Garden,2023-10-20,5,217.25,0.27,FR
ORD009287,499,Beauty,2023-03-19,10,134.8,0.02,SG
ORD009288,112,Clothing,2023-01-31,7,245.1,0.25,ES
ORD009289,339,Toys,2024-08-30,5,211.68,0.24,DE
ORD009290,364,Sports,2023-08-15,3,389.69,0.04,SE
ORD009291,275,Automotive,2024-08-23,2,286.47,0.28,BR
ORD009292,152,Clothing,2023-03-26,10,223.96,0.08,SE
ORD009293,493,Electronics,2023-01-29,6,92.0,0.04,BR
ORD009294,313,Electronics,2023-08-15,10,473.03,0.03,IT
ORD009295,186,Clothing,2023-08-19,8,155.8,0.39,IN
ORD009296,133,Sports,2024-12-29,2,36.66,0.11,US
ORD009297,436,Beauty,2023-06-24,10,152.5,0.34,MX
ORD009298,362,Beauty,2024-06-25,8,96.67,0.21,UK
ORD009299,446,Toys,2024-11-03,6,187.34,0.34,AU
ORD009300,373,Books,2024-07-25,6,409.7,0.32,US
ORD009301,61,Home & Garden,2024-12-12,2,192.83,0.1,UK
ORD009302,391,Electronics,2023-05-03,6,232.51,0.19,FR
ORD009303,496,Sports,2024-05-13,2,398.82,0.09,CA
ORD009304,12,Beauty,2024-01-17,7,257.25,0.14,SG
ORD009305,375,Clothing,2024-09-27,10,364.1,0.39,SG
ORD009306,394,Sports,2024-06-26,5,244.39,0.16,AU
ORD009307,173,Books,2024-07-22,8,176.32,0.05,IT
ORD009308,434,Automotive,2023-10-10,6,254.54,0.21,SG
ORD009309,202,Electronics,2024-05-09,2,489.36,0.29,CA
ORD009310,213,Toys,2024-10-05,5,59.26,0.13,UK
ORD009311,36,Electronics,2023-05-24,8,443.62,0.18,DE
ORD009312,188,Home & Garden,2023-01-23,10,315.08,0.33,BR
ORD009313,393,Toys,2023-08-16,1,484.22,0.12,MX
ORD009314,275,Home & Garden,2024-09-22,7,129.37,0.35,US
ORD009315,153,Sports,2023-12-06,4,194.47,0.31,AU
ORD009316,364,Toys,2023-07-07,2,60.14,0.3,DE
ORD009317,171,Toys,2024-10-26,1,31.9,0.35,FR
ORD009318,194,Electronics,2023-01-31,5,235.48,0.25,BR
ORD009319,259,Home & Garden,2024-08-11,10,50.25,0.18,IN
ORD009320,46,Sports,2024-08-06,10,303.66,0.35,SE
ORD009321,253,Beauty,2024-01-14,4,284.53,0.24,CA
ORD009322,361,Sports,2023-07-12,10,472.98,0.12,BR
ORD009323,104,Home & Garden,2023-11-14,2,456.24,0.09,CA
ORD009324,280,Beauty,2023-09-16,8,151.7,0.14,CA
ORD009325,6,Books,2023-04-14,9,462.57,0.3,FR
ORD009326,412,Beauty,2024-03-10,5,32.94,0.09,ES
ORD009327,357,Sports,2023-05-23,5,368.05,0.27,MX
ORD009328,362,Beauty,2024-12-28,4,292.73,0.17,SE
ORD009329,219,Sports,2024-02-24,7,181.37,0.06,NL
ORD009330,296,Beauty,2023-03-27,7,411.83,0.26,BR
ORD009331,360,Toys,2024-03-24,9,180.58,0.39,BR
ORD009332,182,Sports,2023-10-05,5,268.0,0.01,SE
ORD009333,194,Home & Garden,2023-05-16,3,344.54,0.25,NL
ORD009334,163,Home & Garden,2023-08-05,8,138.27,0.06,IN
ORD009335,186,Automotive,2023-07-06,6,63.51,0.01,MX
ORD009336,341,Sports,2024-03-01,7,349.27,0.08,IN
ORD009337,454,Home & Garden,2023-07-21,2,97.73,0.06,BR
ORD009338,113,Books,2023-02-05,5,110.83,0.11,ES
ORD009339,135,Electronics,2024-08-20,9,104.79,0.25,SG
ORD009340,23,Clothing,2023-07-28,1,375.2,0.36,DE
ORD009341,192,Sports,2023-08-11,4,161.4,0.03,ES
ORD009342,397,Electronics,2023-11-13,6,371.84,0.1,US
ORD009343,177,Beauty,2024-08-02,5,286.32,0.01,DE
ORD009344,3,Books,2024-03-25,6,256.5,0.2,SE
ORD009345,98,Home & Garden,2023-03-06,8,452.62,0.14,BR
ORD009346,108,Sports,2023-12-02,7,291.52,0.36,NL
ORD009347,102,Books,2024-07-06,10,122.89,0.05,UK
ORD009348,413,Sports,2023-01-30,7,491.89,0.2,BR
ORD009349,474,Sports,2023-01-30,4,159.25,0.33,US
ORD009350,226,Books,2024-05-27,7,240.08,0.29,MX
ORD009351,48,Toys,2024-01-02,1,192.04,0.25,IN
ORD009352,480,Books,2023-04-30,9,371.15,0.27,UK
ORD009353,356,Toys,2024-05-04,6,235.37,0.33,CA
ORD009354,411,Electronics,2023-03-01,6,178.92,0.19,UK
ORD009355,57,Home & Garden,2023-11-21,1,325.76,0.19,SE
ORD009356,72,Home & Garden,2024-08-21,1,249.18,0.05,IN
ORD009357,79,Home & Garden,2023-05-10,4,14.66,0.39,SE
ORD009358,499,Beauty,2024-03-06,1,324.58,0.37,UK
ORD009359,367,Beauty,2023-09-28,5,84.58,0.27,MX
ORD009360,418,Toys,2024-10-14,9,480.5,0.21,MX
ORD009361,315,Books,2024-04-17,5,373.68,0.23,US
ORD009362,177,Home & Garden,2023-09-20,8,190.55,0.07,ES
ORD009363,177,Home & Garden,2023-12-24,5,35.73,0.28,UK
ORD009364,49,Toys,2024-01-20,5,167.86,0.29,SE
ORD009365,123,Toys,2024-12-19,8,327.79,0.25,FR
ORD009366,324,Clothing,2024-06-28,10,449.92,0.0,MX
ORD009367,210,Home & Garden,2024-06-05,3,375.34,0.03,MX
ORD009368,272,Sports,2024-12-19,10,386.45,0.06,SE
ORD009369,437,Home & Garden,2023-04-22,6,70.38,0.29,BR
ORD009370,64,Electronics,2023-12-08,3,119.29,0.17,ES
ORD009371,363,Electronics,2024-12-03,4,396.47,0.32,UK
ORD009372,488,Automotive,2024-09-14,2,191.92,0.39,SG
ORD009373,449,Sports,2023-05-30,7,430.04,0.21,IT
ORD009374,99,Clothing,2023-11-04,2,25.95,0.13,IT
ORD009375,144,Automotive,2023-05-18,5,310.79,0.23,US
ORD009376,309,Automotive,2024-05-26,1,257.39,0.13,FR
ORD009377,233,Beauty,2024-03-26,3,403.58,0.16,IT
ORD009378,324,Sports,2024-02-29,5,89.74,0.03,SE
ORD009379,334,Beauty,2024-10-21,6,103.84,0.13,SG
ORD009380,78,Automotive,2023-03-15,7,249.38,0.39,SG
ORD009381,436,Home & Garden,2024-11-17,3,304.48,0.3,AU
ORD009382,57,Automotive,2023-12-20,4,86.25,0.37,UK
ORD009383,305,Beauty,2023-01-20,4,453.71,0.13,NL
ORD009384,463,Toys,2024-10-29,5,422.48,0.09,JP
ORD009385,25,Automotive,2024-11-10,5,68.05,0.03,SG
ORD009386,214,Home & Garden,2024-11-19,2,425.66,0.22,US
ORD009387,224,Clothing,2024-09-01,9,457.75,0.32,UK
ORD009388,208,Automotive,2023-07-23,4,126.77,0.39,SG
ORD009389,431,Home & Garden,2023-07-29,8,433.11,0.08,UK
ORD009390,35,Toys,2023-08-28,7,284.15,0.03,ES
ORD009391,395,Beauty,2023-06-14,7,402.37,0.18,JP
ORD009392,8,Clothing,2024-10-25,10,303.64,0.16,DE
ORD009393,479,Beauty,2024-01-26,2,153.23,0.25,SG
ORD009394,490,Toys,2023-07-14,4,347.96,0.23,JP
ORD009395,374,Automotive,2024-07-17,4,351.62,0.23,MX
ORD009396,420,Clothing,2024-04-03,10,362.24,0.38,UK
ORD009397,81,Automotive,2023-10-04,1,381.48,0.32,FR
ORD009398,76,Clothing,2024-10-29,4,325.28,0.2,SE
ORD009399,101,Books,2024-02-10,6,220.42,0.08,CA
ORD009400,174,Sports,2024-04-03,1,170.24,0.34,AU
ORD009401,173,Sports,2023-01-24,2,455.33,0.02,US
ORD009402,83,Beauty,2024-04-04,9,408.13,0.15,ES
ORD009403,58,Clothing,2023-10-29,1,418.58,0.13,DE
ORD009404,409,Automotive,2024-06-30,2,51.08,0.01,BR
ORD009405,347,Sports,2023-02-01,4,206.79,0.14,ES
ORD009406,410,Toys,2023-10-09,4,181.0,0.08,MX
ORD009407,180,Electronics,2023-02-17,8,438.65,0.25,SG
ORD009408,427,Clothing,2024-11-10,4,169.68,0.12,IT
ORD009409,99,Home & Garden,2023-11-03,5,470.53,0.37,SE
ORD009410,382,Sports,2023-04-12,6,405.98,0.29,IN
ORD009411,118,Sports,2024-06-26,1,435.11,0.05,CA
ORD009412,259,Clothing,2024-10-05,4,58.57,0.31,SG
ORD009413,471,Toys,2024-07-20,6,488.07,0.37,SE
ORD009414,44,Clothing,2024-09-12,3,188.69,0.02,FR
ORD009415,385,Clothing,2024-09-10,5,45.64,0.16,FR
ORD009416,280,Electronics,2024-12-23,6,314.01,0.36,NL
ORD009417,161,Automotive,2023-09-23,10,433.1,0.06,FR
ORD009418,487,Toys,2023-09-12,6,365.63,0.33,FR
ORD009419,392,Electronics,2023-03-23,2,354.4,0.05,UK
ORD009420,417,Clothing,2024-09-18,8,470.93,0.1,MX
ORD009421,461,Sports,2024-11-10,7,483.81,0.26,IT
ORD009422,429,Toys,2023-07-26,4,412.99,0.01,US
ORD009423,385,Automotive,2024-03-25,8,393.31,0.31,FR
ORD009424,87,Automotive,2023-06-28,2,179.13,0.27,IT
ORD009425,196,Beauty,2024-09-21,9,234.56,0.38,JP
ORD009426,196,Beauty,2023-01-06,2,267.77,0.0,UK
ORD009427,89,Sports,2024-05-22,9,242.65,0.08,CA
ORD009428,148,Automotive,2024-02-01,4,404.66,0.17,NL
ORD009429,395,Clothing,2023-07-28,5,496.64,0.29,UK
ORD009430,294,Sports,2024-11-04,3,107.61,0.2,CA
ORD009431,28,Electronics,2023-12-17,8,395.63,0.04,DE
ORD009432,339,Beauty,2024-01-18,7,307.85,0.02,ES
ORD009433,144,Toys,2023-03-02,4,364.95,0.14,DE
ORD009434,28,Automotive,2023-10-28,8,253.28,0.06,FR
ORD009435,39,Electronics,2023-04-27,9,349.86,0.07,FR
ORD009436,44,Toys,2024-02-09,5,314.91,0.12,BR
ORD009437,124,Electronics,2024-02-27,8,329.92,0.23,AU
ORD009438,325,Electronics,2023-06-28,10,475.77,0.31,DE
ORD009439,158,Home & Garden,2024-11-19,1,28.61,0.08,JP
ORD009440,441,Automotive,2023-08-10,3,152.22,0.17,BR
ORD009441,183,Clothing,2024-04-22,2,324.33,0.29,FR
ORD009442,28,Books,2024-12-15,6,194.82,0.34,BR
ORD009443,72,Beauty,2024-08-09,10,228.25,0.08,MX
ORD009444,118,Automotive,2024-06-28,10,216.83,0.34,DE
ORD009445,307,Sports,2023-02-13,6,390.42,0.17,FR
ORD009446,268,Books,2024-01-18,10,34.13,0.26,US
ORD009447,482,Beauty,2024-07-04,8,228.25,0.19,FR
ORD009448,70,Sports,2024-04-27,8,335.46,0.3,US
ORD009449,58,Home & Garden,2024-02-19,9,208.21,0.29,SE
ORD009450,268,Clothing,2024-11-03,9,38.08,0.21,FR
ORD009451,356,Automotive,2024-02-13,1,475.19,0.38,FR
ORD009452,204,Home & Garden,2024-09-03,6,193.22,0.36,US
ORD009453,91,Automotive,2024-10-08,2,470.51,0.14,CA
ORD009454,215,Clothing,2024-07-27,2,461.16,0.05,IT
ORD009455,322,Sports,2023-04-20,10,73.47,0.06,JP
ORD009456,237,Home & Garden,2024-07-19,7,321.17,0.1,SE
ORD009457,83,Clothing,2024-07-28,7,147.69,0.26,SE
ORD009458,30,Automotive,2024-05-06,10,107.74,0.07,ES
ORD009459,444,Electronics,2023-09-29,8,283.38,0.23,NL
ORD009460,169,Electronics,2023-07-30,6,270.97,0.3,IN
ORD009461,12,Automotive,2024-04-20,4,443.05,0.08,FR
ORD009462,210,Books,2024-06-16,4,340.46,0.12,AU
ORD009463,109,Sports,2024-11-02,3,368.28,0.02,US
ORD009464,104,Electronics,2023-09-07,4,396.7,0.05,CA
ORD009465,328,Clothing,2023-07-31,1,39.39,0.15,AU
ORD009466,335,Beauty,2024-06-25,1,185.13,0.11,SG
ORD009467,338,Books,2024-12-15,3,307.99,0.09,AU
ORD009468,442,Beauty,2023-08-01,5,389.3,0.13,UK
ORD009469,229,Automotive,2023-07-20,2,404.06,0.04,FR
ORD009470,370,Automotive,2024-10-14,4,436.48,0.29,MX
ORD009471,123,Automotive,2023-07-13,10,339.4,0.24,BR
ORD009472,326,Home & Garden,2023-10-31,6,75.67,0.1,JP
ORD009473,311,Clothing,2024-12-25,9,143.08,0.05,SE
ORD009474,183,Beauty,2024-08-07,2,305.79,0.02,NL
ORD009475,496,Sports,2023-07-02,8,317.86,0.27,US
ORD009476,466,Clothing,2024-11-26,2,8.82,0.09,ES
ORD009477,320,Beauty,2024-09-07,1,250.98,0.17,ES
ORD009478,96,Beauty,2024-12-12,1,489.25,0.24,IT
ORD009479,90,Toys,2023-10-22,6,35.19,0.14,UK
ORD009480,323,Home & Garden,2024-05-02,1,188.07,0.01,DE
ORD009481,459,Toys,2023-10-06,3,296.02,0.21,NL
ORD009482,82,Clothing,2023-11-19,7,468.88,0.38,ES
ORD009483,358,Beauty,2024-05-04,1,42.87,0.05,ES
ORD009484,288,Automotive,2023-10-30,9,419.1,0.15,IT
ORD009485,300,Beauty,2023-11-02,1,158.32,0.13,MX
ORD009486,73,Home & Garden,2024-01-31,9,153.6,0.1,SE
ORD009487,89,Sports,2023-03-20,8,140.36,0.25,SE
ORD009488,221,Electronics,2024-12-20,9,443.69,0.15,IN
ORD009489,149,Home & Garden,2024-08-26,4,87.85,0.13,IT
ORD009490,318,Sports,2023-12-19,1,41.92,0.07,CA
ORD009491,239,Beauty,2024-07-05,6,399.26,0.15,SE
ORD009492,317,Automotive,2024-12-29,10,437.13,0.4,US
ORD009493,298,Beauty,2024-01-13,8,132.97,0.35,BR
ORD009494,481,Clothing,2024-06-12,7,486.75,0.04,UK
ORD009495,176,Clothing,2023-03-04,5,466.72,0.25,DE
ORD009496,187,Automotive,2024-11-29,3,65.92,0.19,AU
ORD009497,325,Sports,2023-05-02,2,82.87,0.27,JP
ORD009498,282,Beauty,2024-08-07,1,193.47,0.38,ES
ORD009499,83,Sports,2023-12-23,10,338.09,0.04,FR
ORD009500,128,Electronics,2024-04-15,10,9.63,0.22,IN
ORD009501,411,Automotive,2024-03-11,7,308.4,0.03,SE
ORD009502,44,Automotive,2023-10-31,5,428.81,0.15,MX
ORD009503,86,Home & Garden,2024-11-26,2,242.17,0.18,CA
ORD009504,361,Books,2023-08-15,10,45.62,0.03,UK
ORD009505,479,Books,2023-06-18,7,99.84,0.1,BR
ORD009506,427,Beauty,2024-10-14,1,310.09,0.23,US
ORD009507,363,Clothing,2023-08-03,5,310.69,0.09,IN
ORD009508,141,Sports,2023-03-20,4,77.89,0.29,ES
ORD009509,386,Automotive,2023-04-25,8,314.64,0.27,UK
ORD009510,190,Sports,2023-09-18,8,157.9,0.2,MX
ORD009511,165,Sports,2024-10-03,8,56.82,0.22,FR
ORD009512,140,Home & Garden,2024-04-29,8,280.37,0.13,BR
ORD009513,156,Books,2023-04-03,3,343.99,0.22,DE
ORD009514,318,Books,2024-01-26,5,135.65,0.13,FR
ORD009515,408,Home & Garden,2024-03-30,8,389.33,0.36,IN
ORD009516,332,Home & Garden,2024-08-12,3,37.69,0.03,CA
ORD009517,418,Electronics,2024-02-16,6,139.09,0.08,JP
ORD009518,135,Beauty,2023-09-08,9,225.8,0.1,UK
ORD009519,293,Electronics,2024-12-27,7,244.53,0.32,CA
ORD009520,341,Clothing,2023-07-09,4,311.32,0.18,SG
ORD009521,193,Books,2024-12-05,4,160.69,0.22,SE
ORD009522,395,Automotive,2023-06-02,7,86.12,0.12,MX
ORD009523,280,Toys,2024-01-14,2,484.11,0.11,UK
ORD009524,135,Clothing,2023-03-22,8,63.11,0.26,UK
ORD009525,353,Toys,2024-10-13,1,8.81,0.27,IN
ORD009526,28,Home & Garden,2023-12-24,8,274.26,0.21,NL
ORD009527,395,Electronics,2024-10-07,8,81.56,0.28,US
ORD009528,98,Home & Garden,2024-08-25,7,332.54,0.31,UK
ORD009529,226,Toys,2023-05-19,3,330.79,0.04,IT
ORD009530,376,Home & Garden,2023-02-12,5,254.48,0.09,FR
ORD009531,397,Beauty,2024-10-31,6,172.42,0.25,AU
ORD009532,179,Automotive,2024-02-15,10,346.44,0.35,UK
ORD009533,322,Clothing,2024-09-14,9,298.53,0.32,NL
ORD009534,43,Sports,2024-05-18,1,143.63,0.23,BR
ORD009535,422,Clothing,2024-07-15,10,62.44,0.18,ES
ORD009536,123,Home & Garden,2023-12-19,7,71.35,0.01,US
ORD009537,402,Toys,2024-06-19,10,288.25,0.37,AU
ORD009538,255,Home & Garden,2024-11-01,4,230.2,0.3,SG
ORD009539,207,Sports,2024-06-01,9,340.18,0.11,SG
ORD009540,170,Home & Garden,2024-11-11,2,28.29,0.2,IN
ORD009541,385,Home & Garden,2023-06-26,6,485.88,0.1,BR
ORD009542,152,Toys,2024-08-09,5,281.28,0.37,NL
ORD009543,303,Sports,2024-01-22,3,110.77,0.18,AU
ORD009544,11,Books,2023-02-14,4,106.48,0.34,MX
ORD009545,332,Beauty,2024-04-16,1,438.46,0.25,AU
ORD009546,65,Toys,2024-04-02,7,47.25,0.21,BR
ORD009547,114,Electronics,2024-12-24,3,59.04,0.36,IT
ORD009548,363,Toys,2024-04-19,1,391.89,0.06,US
ORD009549,387,Sports,2023-04-06,3,474.01,0.03,IN
ORD009550,54,Toys,2024-12-24,8,223.76,0.27,BR
ORD009551,58,Books,2023-08-18,6,53.81,0.37,MX
ORD009552,60,Electronics,2024-05-23,3,346.52,0.05,IN
ORD009553,98,Books,2024-03-12,7,140.36,0.1,CA
ORD009554,126,Sports,2023-09-17,3,474.9,0.16,UK
ORD009555,176,Beauty,2023-10-24,10,451.24,0.37,FR
ORD009556,260,Books,2024-04-21,2,440.45,0.34,NL
ORD009557,381,Toys,2024-09-28,4,7.4,0.39,BR
ORD009558,42,Toys,2024-11-22,6,470.18,0.31,SE
ORD009559,208,Automotive,2024-12-24,10,344.18,0.14,CA
ORD009560,18,Beauty,2023-03-27,1,29.96,0.02,UK
ORD009561,310,Books,2023-05-18,9,360.86,0.25,NL
ORD009562,452,Home & Garden,2023-05-31,3,460.44,0.36,IT
ORD009563,459,Sports,2024-12-11,8,176.23,0.18,NL
ORD009564,35,Books,2023-03-13,2,341.53,0.16,US
ORD009565,357,Clothing,2024-05-23,2,170.22,0.32,CA
ORD009566,398,Sports,2024-11-30,10,329.79,0.16,AU
ORD009567,416,Beauty,2024-02-24,7,266.29,0.29,UK
ORD009568,24,Home & Garden,2023-01-06,1,69.82,0.08,SE
ORD009569,67,Sports,2023-02-17,6,9.68,0.25,AU
ORD009570,187,Toys,2024-06-02,8,383.45,0.23,SG
ORD009571,31,Automotive,2023-10-18,8,115.52,0.18,DE
ORD009572,173,Sports,2024-01-05,3,208.15,0.13,UK
ORD009573,121,Toys,2023-02-02,6,447.51,0.25,SE
ORD009574,430,Automotive,2024-10-17,2,424.14,0.38,FR
ORD009575,449,Clothing,2024-10-22,10,320.91,0.12,ES
ORD009576,146,Clothing,2024-03-15,3,142.74,0.02,ES
ORD009577,365,Sports,2023-12-14,2,67.54,0.35,FR
ORD009578,12,Beauty,2023-10-15,7,94.37,0.01,JP
ORD009579,191,Automotive,2023-05-25,2,474.78,0.03,BR
ORD009580,457,Home & Garden,2024-11-16,2,317.55,0.06,FR
ORD009581,456,Clothing,2023-12-24,8,210.22,0.3,CA
ORD009582,193,Toys,2023-03-20,2,472.58,0.03,JP
ORD009583,328,Books,2024-08-01,10,269.27,0.2,NL
ORD009584,26,Clothing,2024-12-10,9,204.95,0.06,SE
ORD009585,401,Toys,2023-07-26,3,68.22,0.22,SG
ORD009586,122,Beauty,2024-05-16,1,47.76,0.19,AU
ORD009587,44,Sports,2024-12-28,1,336.86,0.12,MX
ORD009588,268,Books,2023-03-25,6,33.28,0.23,DE
ORD009589,416,Clothing,2024-08-16,7,46.52,0.12,DE
ORD009590,313,Automotive,2023-12-30,4,480.97,0.34,US
ORD009591,245,Clothing,2024-05-03,8,298.99,0.37,DE
ORD009592,136,Toys,2023-05-12,6,447.75,0.21,JP
ORD009593,43,Clothing,2023-06-09,6,89.69,0.05,BR
ORD009594,17,Home & Garden,2024-02-10,1,475.36,0.13,FR
ORD009595,20,Sports,2023-07-02,3,355.23,0.33,IT
ORD009596,172,Beauty,2024-03-11,3,161.87,0.08,MX
ORD009597,284,Automotive,2023-03-06,5,453.36,0.05,SG
ORD009598,5,Automotive,2024-07-24,3,57.68,0.39,FR
ORD009599,294,Sports,2023-07-20,4,448.01,0.22,CA
ORD009600,366,Sports,2024-06-22,2,332.53,0.18,BR
ORD009601,91,Home & Garden,2023-04-30,3,257.23,0.37,FR
ORD009602,222,Clothing,2024-08-06,9,440.93,0.21,CA
ORD009603,154,Clothing,2023-01-10,6,12.72,0.2,MX
ORD009604,391,Clothing,2023-05-05,10,280.82,0.12,SE
ORD009605,198,Automotive,2023-09-04,1,256.91,0.27,MX
ORD009606,396,Toys,2024-07-23,5,82.65,0.29,NL
ORD009607,6,Automotive,2023-01-24,8,134.2,0.05,BR
ORD009608,452,Books,2024-06-24,9,96.95,0.31,BR
ORD009609,486,Toys,2023-06-21,8,127.71,0.18,IT
ORD009610,342,Electronics,2024-12-28,5,353.68,0.17,JP
ORD009611,415,Sports,2023-07-29,10,482.73,0.36,BR
ORD009612,359,Home & Garden,2023-04-17,3,327.03,0.06,DE
ORD009613,126,Automotive,2024-05-13,9,278.68,0.2,US
ORD009614,73,Home & Garden,2023-07-21,10,249.26,0.18,ES
ORD009615,423,Sports,2024-01-30,3,75.12,0.24,CA
ORD009616,1,Beauty,2024-07-17,9,376.63,0.09,SG
ORD009617,305,Books,2024-08-06,4,456.42,0.1,SE
ORD009618,12,Automotive,2023-06-11,9,190.36,0.02,UK
ORD009619,90,Clothing,2023-06-03,5,63.44,0.32,IT
ORD009620,164,Beauty,2023-07-18,4,350.94,0.04,NL
ORD009621,395,Clothing,2023-10-16,8,374.49,0.25,IT
ORD009622,49,Sports,2024-06-29,3,76.07,0.01,IT
ORD009623,49,Home & Garden,2024-01-31,1,125.22,0.24,JP
ORD009624,120,Electronics,2024-10-04,10,173.96,0.09,MX
ORD009625,212,Home & Garden,2024-05-24,10,165.79,0.27,IN
ORD009626,150,Electronics,2024-03-23,1,142.18,0.31,MX
ORD009627,378,Clothing,2024-01-16,8,295.61,0.39,NL
ORD009628,244,Toys,2023-10-29,2,426.5,0.3,UK
ORD009629,449,Sports,2023-09-10,9,295.8,0.38,SE
ORD009630,444,Toys,2023-05-08,3,85.31,0.37,SG
ORD009631,144,Toys,2023-07-17,7,75.79,0.11,DE
ORD009632,372,Toys,2024-10-19,2,483.65,0.16,FR
ORD009633,302,Sports,2024-08-28,10,10.23,0.16,DE
ORD009634,320,Sports,2023-01-04,3,467.67,0.14,ES
ORD009635,422,Beauty,2023-06-13,9,235.82,0.3,US
ORD009636,94,Automotive,2024-08-12,9,8.81,0.15,FR
ORD009637,433,Beauty,2024-03-03,5,126.76,0.37,FR
ORD009638,286,Home & Garden,2023-02-22,2,310.36,0.22,MX
ORD009639,2,Clothing,2024-08-12,8,108.46,0.12,NL
ORD009640,200,Books,2024-07-03,1,462.14,0.34,DE
ORD009641,48,Automotive,2023-07-25,10,21.24,0.27,BR
ORD009642,166,Toys,2024-06-27,4,173.16,0.13,NL
ORD009643,95,Clothing,2024-10-09,10,176.67,0.36,IN
ORD009644,328,Books,2024-04-17,1,352.6,0.18,UK
ORD009645,7,Toys,2024-06-26,10,493.24,0.04,JP
ORD009646,43,Automotive,2023-02-05,2,475.16,0.33,IT
ORD009647,447,Sports,2024-02-17,8,212.93,0.28,SE
ORD009648,203,Automotive,2024-07-04,4,320.76,0.02,FR
ORD009649,34,Sports,2023-12-04,7,459.82,0.05,NL
ORD009650,392,Beauty,2023-10-23,3,376.51,0.36,AU
ORD009651,458,Automotive,2024-02-15,6,80.8,0.02,ES
ORD009652,163,Sports,2024-05-07,6,460.17,0.22,MX
ORD009653,153,Beauty,2024-08-19,2,227.96,0.02,DE
ORD009654,284,Clothing,2024-08-18,8,215.2,0.33,IT
ORD009655,38,Electronics,2024-05-28,5,39.25,0.06,IT
ORD009656,496,Home & Garden,2024-12-19,5,430.62,0.24,NL
ORD009657,189,Toys,2024-01-28,2,457.73,0.39,CA
ORD009658,127,Books,2023-11-20,1,448.13,0.27,UK
ORD009659,365,Home & Garden,2023-08-30,2,101.73,0.16,JP
ORD009660,196,Home & Garden,2023-04-01,7,60.05,0.15,SE
ORD009661,68,Home & Garden,2023-06-12,2,115.81,0.38,DE
ORD009662,236,Beauty,2023-08-12,1,130.38,0.24,CA
ORD009663,478,Electronics,2024-01-05,5,171.82,0.4,JP
ORD009664,247,Clothing,2024-12-29,8,258.16,0.02,NL
ORD009665,89,Automotive,2024-07-20,1,493.3,0.32,SG
ORD009666,111,Automotive,2024-10-10,6,187.96,0.07,SG
ORD009667,450,Books,2023-05-13,9,116.25,0.14,IT
ORD009668,385,Home & Garden,2023-01-18,10,107.95,0.26,US
ORD009669,8,Automotive,2023-01-03,10,298.66,0.32,US
ORD009670,109,Home & Garden,2024-01-02,10,346.29,0.23,SG
ORD009671,369,Beauty,2023-03-27,7,233.38,0.04,NL
ORD009672,151,Electronics,2023-05-19,8,408.53,0.0,MX
ORD009673,244,Beauty,2023-05-10,6,13.59,0.35,MX
ORD009674,439,Sports,2024-06-05,8,307.3,0.11,CA
ORD009675,384,Sports,2024-11-26,10,305.11,0.27,IN
ORD009676,337,Books,2023-03-30,2,450.03,0.31,NL
ORD009677,329,Beauty,2023-03-20,4,107.03,0.28,IN
ORD009678,124,Books,2023-08-29,6,190.24,0.04,DE
ORD009679,98,Books,2024-04-10,7,249.89,0.31,ES
ORD009680,410,Home & Garden,2023-09-27,9,264.82,0.36,AU
ORD009681,25,Sports,2023-07-23,8,145.56,0.32,FR
ORD009682,325,Electronics,2023-03-26,3,257.92,0.2,AU
ORD009683,203,Sports,2023-12-01,8,86.39,0.08,AU
ORD009684,14,Books,2023-01-26,1,189.27,0.25,IT
ORD009685,290,Home & Garden,2024-04-03,9,472.5,0.28,ES
ORD009686,67,Clothing,2024-08-24,4,97.42,0.11,ES
ORD009687,425,Sports,2024-12-08,3,73.73,0.26,SE
ORD009688,125,Electronics,2023-08-24,4,20.84,0.35,CA
ORD009689,119,Beauty,2024-08-25,9,367.64,0.15,NL
ORD009690,339,Clothing,2024-01-06,10,311.98,0.21,IT
ORD009691,151,Clothing,2023-07-15,1,105.63,0.29,BR
ORD009692,184,Electronics,2023-03-12,8,205.55,0.3,UK
ORD009693,170,Automotive,2023-11-23,6,100.82,0.26,NL
ORD009694,254,Toys,2024-09-25,2,351.12,0.21,SG
ORD009695,363,Home & Garden,2024-11-22,1,74.06,0.28,IT
ORD009696,390,Books,2023-12-04,4,379.17,0.34,CA
ORD009697,63,Toys,2024-07-18,4,173.91,0.36,NL
ORD009698,235,Home & Garden,2023-06-05,9,240.84,0.17,SG
ORD009699,261,Automotive,2024-06-27,6,404.66,0.28,CA
ORD009700,476,Toys,2023-01-16,8,268.67,0.16,JP
ORD009701,296,Automotive,2023-11-02,8,196.76,0.34,US
ORD009702,415,Beauty,2024-07-15,3,195.25,0.33,NL
ORD009703,261,Sports,2023-09-25,5,264.28,0.3,SG
ORD009704,258,Electronics,2023-03-17,8,87.19,0.2,JP
ORD009705,273,Automotive,2024-12-09,10,143.1,0.22,IT
ORD009706,49,Clothing,2023-08-07,5,281.09,0.32,SG
ORD009707,217,Sports,2023-01-31,6,106.38,0.02,NL
ORD009708,474,Beauty,2023-10-25,4,308.95,0.23,UK
ORD009709,494,Books,2024-05-23,1,133.09,0.1,MX
ORD009710,87,Beauty,2023-10-08,4,320.56,0.24,CA
ORD009711,226,Sports,2024-10-19,2,67.03,0.19,AU
ORD009712,408,Automotive,2023-06-05,7,254.1,0.26,MX
ORD009713,419,Electronics,2024-02-27,9,376.56,0.04,JP
ORD009714,321,Books,2023-03-20,6,161.8,0.37,US
ORD009715,278,Toys,2023-03-28,10,383.21,0.23,IT
ORD009716,439,Automotive,2023-05-23,4,169.19,0.12,SE
ORD009717,306,Clothing,2023-06-08,7,387.69,0.32,MX
ORD009718,397,Toys,2024-04-26,2,434.34,0.27,IT
ORD009719,407,Home & Garden,2024-09-11,8,29.65,0.18,US
ORD009720,134,Beauty,2024-09-23,4,136.6,0.11,UK
ORD009721,491,Home & Garden,2024-04-03,7,483.69,0.13,MX
ORD009722,187,Automotive,2023-10-25,2,52.22,0.02,SG
ORD009723,71,Clothing,2023-07-13,7,70.16,0.15,IN
ORD009724,120,Automotive,2023-08-03,8,13.54,0.21,UK
ORD009725,291,Toys,2023-11-27,10,137.41,0.34,NL
ORD009726,460,Clothing,2024-04-04,2,297.26,0.26,CA
ORD009727,92,Books,2024-02-10,5,132.19,0.09,NL
ORD009728,339,Electronics,2024-07-09,6,484.52,0.39,ES
ORD009729,24,Automotive,2023-04-04,7,233.61,0.09,IT
ORD009730,254,Clothing,2023-03-24,2,308.43,0.25,US
ORD009731,450,Electronics,2024-12-24,7,119.14,0.13,AU
ORD009732,325,Sports,2023-08-19,2,317.5,0.05,US
ORD009733,497,Home & Garden,2024-12-10,4,140.46,0.33,ES
ORD009734,478,Toys,2023-07-31,3,470.32,0.24,NL
ORD009735,346,Home & Garden,2023-02-17,5,411.5,0.21,SG
ORD009736,10,Clothing,2024-01-06,5,11.86,0.12,AU
ORD009737,203,Sports,2023-05-25,4,209.28,0.31,FR
ORD009738,59,Beauty,2024-10-18,9,210.95,0.34,ES
ORD009739,379,Electronics,2023-11-12,10,275.16,0.33,NL
ORD009740,83,Books,2023-11-18,10,403.15,0.03,SG
ORD009741,494,Beauty,2023-10-12,2,435.78,0.08,US
ORD009742,316,Automotive,2023-03-23,6,291.77,0.05,US
ORD009743,458,Clothing,2024-03-30,3,350.38,0.12,FR
ORD009744,405,Beauty,2023-04-23,10,146.86,0.05,DE
ORD009745,432,Home & Garden,2024-04-11,8,48.85,0.07,SE
ORD009746,24,Toys,2023-10-20,9,9.33,0.28,FR
ORD009747,258,Sports,2024-09-14,4,17.31,0.27,US
ORD009748,451,Home & Garden,2024-01-15,2,365.81,0.11,FR
ORD009749,108,Electronics,2024-10-10,7,108.5,0.33,UK
ORD009750,185,Books,2023-01-19,6,355.76,0.27,FR
ORD009751,67,Sports,2024-06-13,8,51.45,0.17,FR
ORD009752,257,Beauty,2024-02-12,4,407.11,0.01,UK
ORD009753,36,Clothing,2023-05-04,6,314.97,0.26,BR
ORD009754,46,Clothing,2023-03-19,1,193.28,0.31,SE
ORD009755,171,Beauty,2024-06-22,5,412.48,0.09,BR
ORD009756,397,Clothing,2023-10-02,7,349.25,0.05,AU
ORD009757,21,Books,2023-02-25,8,418.29,0.13,IN
ORD009758,419,Home & Garden,2024-05-22,5,356.73,0.28,NL
ORD009759,338,Sports,2023-08-01,1,30.52,0.39,SG
ORD009760,475,Books,2023-08-08,5,286.84,0.16,JP
ORD009761,413,Home & Garden,2023-03-01,8,274.4,0.33,UK
ORD009762,375,Automotive,2023-11-05,2,412.04,0.3,IT
ORD009763,399,Automotive,2024-10-28,6,94.4,0.35,SE
ORD009764,358,Home & Garden,2024-09-19,10,117.39,0.27,AU
ORD009765,43,Books,2023-08-30,9,53.17,0.38,US
ORD009766,326,Home & Garden,2023-08-12,2,229.02,0.37,SG
ORD009767,101,Sports,2024-09-24,8,8.51,0.01,US
ORD009768,86,Home & Garden,2024-06-23,3,311.91,0.21,ES
ORD009769,485,Sports,2023-05-29,6,80.92,0.13,UK
ORD009770,453,Sports,2024-10-17,7,80.69,0.34,AU
ORD009771,499,Electronics,2024-10-27,8,54.89,0.16,NL
ORD009772,5,Sports,2023-09-06,4,231.89,0.37,UK
ORD009773,486,Sports,2024-10-13,2,112.5,0.36,BR
ORD009774,2,Automotive,2024-04-29,9,23.58,0.15,US
ORD009775,462,Home & Garden,2024-10-01,4,115.24,0.23,BR
ORD009776,66,Home & Garden,2023-10-09,5,364.54,0.01,DE
ORD009777,73,Clothing,2023-10-18,6,8.68,0.14,JP
ORD009778,22,Clothing,2024-01-03,2,130.65,0.26,FR
ORD009779,395,Sports,2023-07-12,8,118.15,0.08,JP
ORD009780,402,Home & Garden,2024-01-28,10,133.84,0.06,NL
ORD009781,107,Sports,2024-01-07,2,114.93,0.38,UK
ORD009782,401,Books,2023-05-18,7,180.39,0.23,MX
ORD009783,129,Clothing,2024-10-15,8,385.32,0.23,SE
ORD009784,434,Automotive,2023-03-18,4,321.14,0.33,SE
ORD009785,246,Toys,2024-10-06,3,168.33,0.22,BR
ORD009786,287,Sports,2024-01-28,5,359.87,0.26,BR
ORD009787,402,Home & Garden,2023-12-18,2,170.72,0.12,IN
ORD009788,238,Electronics,2024-09-18,5,239.88,0.15,SG
ORD009789,222,Automotive,2023-11-27,4,302.5,0.11,JP
ORD009790,292,Sports,2023-08-10,5,281.2,0.24,JP
ORD009791,113,Sports,2023-04-26,2,192.25,0.24,SG
ORD009792,227,Automotive,2024-05-17,10,136.38,0.07,NL
ORD009793,455,Clothing,2024-08-31,5,329.9,0.31,IT
ORD009794,321,Clothing,2024-01-08,6,201.95,0.08,NL
ORD009795,143,Toys,2023-07-26,6,292.63,0.27,ES
ORD009796,460,Automotive,2024-11-17,4,209.91,0.03,AU
ORD009797,387,Home & Garden,2024-04-16,4,397.09,0.37,SE
ORD009798,488,Clothing,2024-02-02,2,470.13,0.02,SG
ORD009799,383,Beauty,2024-08-01,10,472.15,0.03,SG
ORD009800,9,Clothing,2023-09-01,8,23.84,0.03,AU
ORD009801,46,Home & Garden,2024-06-21,7,240.01,0.18,DE
ORD009802,1,Home & Garden,2023-09-14,7,185.89,0.22,ES
ORD009803,223,Clothing,2023-07-08,5,50.65,0.06,SE
ORD009804,231,Automotive,2023-06-19,7,420.25,0.3,US
ORD009805,66,Home & Garden,2024-10-07,10,335.88,0.05,SE
ORD009806,49,Sports,2024-08-10,2,287.23,0.38,CA
ORD009807,362,Electronics,2023-06-02,4,460.48,0.17,SE
ORD009808,359,Beauty,2023-02-21,2,323.71,0.22,SG
ORD009809,372,Home & Garden,2023-04-23,7,460.65,0.31,BR
ORD009810,306,Electronics,2023-08-13,4,337.09,0.33,US
ORD009811,151,Sports,2024-03-21,5,44.57,0.32,UK
ORD009812,283,Sports,2024-04-30,1,14.73,0.13,SG
ORD009813,341,Sports,2023-03-25,9,438.62,0.3,IT
ORD009814,374,Beauty,2023-11-28,10,270.54,0.03,AU
ORD009815,208,Home & Garden,2024-01-16,5,169.74,0.25,ES
ORD009816,98,Books,2023-07-09,6,302.6,0.14,JP
ORD009817,281,Clothing,2024-06-16,1,221.79,0.01,US
ORD009818,440,Automotive,2024-03-10,9,151.91,0.32,SE
ORD009819,343,Books,2024-06-17,4,179.16,0.35,NL
ORD009820,352,Automotive,2024-05-24,4,314.09,0.05,CA
ORD009821,420,Sports,2024-10-16,4,321.37,0.07,ES
ORD009822,334,Automotive,2024-05-06,6,466.88,0.05,SE
ORD009823,247,Sports,2024-08-07,4,399.23,0.4,DE
ORD009824,335,Automotive,2024-01-07,8,375.18,0.02,FR
ORD009825,352,Beauty,2023-06-23,8,397.72,0.28,CA
ORD009826,223,Electronics,2023-03-08,4,14.4,0.02,FR
ORD009827,139,Electronics,2023-12-24,8,490.37,0.26,IT
ORD009828,192,Clothing,2024-08-05,9,478.93,0.39,SG
ORD009829,234,Sports,2024-03-01,2,120.51,0.07,US
ORD009830,335,Clothing,2023-01-19,2,421.73,0.28,DE
ORD009831,44,Clothing,2023-06-24,1,193.36,0.28,IT
ORD009832,337,Clothing,2023-11-18,10,359.87,0.13,SE
ORD009833,242,Automotive,2023-10-21,2,136.71,0.35,JP
ORD009834,51,Books,2024-05-24,9,471.11,0.28,CA
ORD009835,187,Toys,2023-05-09,5,448.79,0.09,IT
ORD009836,376,Books,2023-09-27,4,409.13,0.06,DE
ORD009837,461,Books,2024-01-27,6,34.92,0.34,SE
ORD009838,401,Clothing,2024-12-19,10,40.03,0.01,IN
ORD009839,132,Sports,2024-11-06,5,266.97,0.35,SG
ORD009840,284,Sports,2023-10-06,1,440.46,0.04,MX
ORD009841,498,Beauty,2023-09-01,9,114.61,0.35,MX
ORD009842,246,Beauty,2024-11-24,8,70.3,0.1,CA
ORD009843,106,Clothing,2024-09-20,6,232.35,0.32,SG
ORD009844,257,Sports,2024-06-02,4,467.28,0.4,FR
ORD009845,300,Books,2024-03-29,8,472.73,0.11,CA
ORD009846,112,Sports,2024-06-16,10,465.91,0.34,DE
ORD009847,164,Home & Garden,2024-06-02,10,257.55,0.31,SG
ORD009848,489,Books,2024-09-02,3,469.12,0.32,UK
ORD009849,451,Clothing,2024-06-12,7,490.91,0.13,IN
ORD009850,438,Home & Garden,2024-04-19,6,455.48,0.33,JP
ORD009851,242,Clothing,2024-11-14,7,221.97,0.38,SE
ORD009852,423,Home & Garden,2024-11-17,2,129.78,0.0,AU
ORD009853,132,Clothing,2023-11-01,8,377.4,0.32,MX
ORD009854,157,Clothing,2024-12-29,6,135.74,0.03,UK
ORD009855,85,Books,2023-10-14,6,180.49,0.08,ES
ORD009856,347,Beauty,2023-07-01,4,271.29,0.15,BR
ORD009857,374,Beauty,2023-06-01,10,431.76,0.39,MX
ORD009858,316,Automotive,2023-03-28,9,243.16,0.29,IN
ORD009859,447,Automotive,2023-09-24,7,44.8,0.4,SE
ORD009860,104,Clothing,2024-12-07,7,292.45,0.16,SG
ORD009861,384,Clothing,2023-08-25,10,44.34,0.29,SE
ORD009862,490,Automotive,2024-11-02,8,123.26,0.27,CA
ORD009863,260,Beauty,2023-03-20,5,60.8,0.0,DE
ORD009864,255,Toys,2023-04-17,4,292.38,0.04,SG
ORD009865,461,Home & Garden,2023-04-30,3,127.59,0.01,JP
ORD009866,66,Books,2024-02-06,8,310.04,0.19,IT
ORD009867,256,Electronics,2024-12-25,9,332.98,0.23,JP
ORD009868,260,Automotive,2023-05-29,3,240.92,0.02,FR
ORD009869,111,Sports,2023-09-01,2,6.95,0.1,FR
ORD009870,51,Electronics,2024-09-14,5,21.18,0.31,ES
ORD009871,117,Home & Garden,2024-01-23,10,244.03,0.05,FR
ORD009872,391,Beauty,2023-09-09,6,109.76,0.27,IT
ORD009873,321,Books,2023-11-05,10,244.27,0.18,SG
ORD009874,399,Automotive,2024-06-20,4,290.88,0.03,DE
ORD009875,408,Books,2023-09-22,4,236.38,0.29,NL
ORD009876,413,Beauty,2024-04-28,5,271.66,0.34,UK
ORD009877,350,Sports,2024-08-07,9,483.34,0.21,AU
ORD009878,38,Beauty,2023-02-11,9,318.32,0.22,US
ORD009879,62,Home & Garden,2024-07-01,10,103.13,0.02,FR
ORD009880,68,Toys,2024-11-20,5,86.06,0.38,MX
ORD009881,232,Home & Garden,2023-02-28,4,475.86,0.35,AU
ORD009882,53,Clothing,2023-03-01,8,490.34,0.4,SE
ORD009883,33,Electronics,2024-03-25,9,232.38,0.3,CA
ORD009884,325,Home & Garden,2024-05-08,6,431.59,0.25,BR
ORD009885,461,Sports,2023-12-04,7,320.81,0.35,NL
ORD009886,144,Toys,2024-11-13,1,27.8,0.37,NL
ORD009887,52,Automotive,2023-04-03,4,387.88,0.37,CA
ORD009888,77,Automotive,2023-03-28,8,188.46,0.01,SG
ORD009889,456,Home & Garden,2023-01-08,5,291.22,0.31,BR
ORD009890,491,Electronics,2024-08-23,10,445.78,0.15,IN
ORD009891,179,Sports,2023-03-07,10,266.21,0.33,SE
ORD009892,243,Automotive,2024-03-16,9,295.29,0.02,NL
ORD009893,293,Toys,2024-11-09,7,404.96,0.21,MX
ORD009894,250,Sports,2023-02-08,9,404.25,0.39,UK
ORD009895,353,Home & Garden,2023-03-27,7,316.7,0.24,SG
ORD009896,289,Automotive,2024-09-27,5,24.63,0.02,IN
ORD009897,417,Beauty,2023-07-22,8,437.9,0.38,US
ORD009898,249,Beauty,2023-11-05,5,314.38,0.11,BR
ORD009899,357,Electronics,2024-02-28,8,275.13,0.37,SG
ORD009900,128,Books,2024-06-07,5,425.12,0.09,CA
ORD009901,253,Electronics,2023-05-15,4,192.04,0.2,SG
ORD009902,340,Sports,2024-09-29,5,54.68,0.05,FR
ORD009903,131,Electronics,2024-07-19,9,132.75,0.35,JP
ORD009904,293,Beauty,2023-03-08,5,456.78,0.27,UK
ORD009905,101,Automotive,2023-03-21,6,396.43,0.04,SE
ORD009906,422,Beauty,2024-05-31,8,248.14,0.34,IN
ORD009907,341,Electronics,2023-12-12,10,411.57,0.4,SE
ORD009908,202,Sports,2023-11-27,9,436.48,0.38,IN
ORD009909,200,Beauty,2023-06-08,6,401.2,0.02,SE
ORD009910,387,Home & Garden,2024-06-04,4,498.1,0.32,UK
ORD009911,362,Electronics,2023-03-25,2,479.8,0.37,IT
ORD009912,488,Beauty,2023-09-30,6,283.57,0.4,FR
ORD009913,391,Home & Garden,2024-06-11,1,336.02,0.38,SE
ORD009914,194,Beauty,2024-12-16,9,495.16,0.35,AU
ORD009915,126,Sports,2023-06-05,7,454.33,0.36,DE
ORD009916,352,Books,2024-04-09,6,243.72,0.09,NL
ORD009917,13,Beauty,2023-02-16,6,116.64,0.38,BR
ORD009918,19,Beauty,2023-07-14,9,88.27,0.31,AU
ORD009919,250,Clothing,2023-03-12,9,74.88,0.12,SE
ORD009920,456,Books,2024-08-29,10,15.7,0.18,NL
ORD009921,163,Toys,2023-11-02,9,377.37,0.13,SG
ORD009922,357,Automotive,2024-10-12,8,269.2,0.28,SG
ORD009923,52,Beauty,2023-01-30,4,230.28,0.05,NL
ORD009924,316,Clothing,2024-05-24,9,6.65,0.12,SE
ORD009925,216,Automotive,2024-01-11,10,240.19,0.29,US
ORD009926,53,Home & Garden,2024-05-21,8,13.27,0.32,BR
ORD009927,195,Automotive,2024-12-06,9,346.86,0.2,SG
ORD009928,490,Clothing,2024-12-11,7,493.24,0.24,BR
ORD009929,113,Automotive,2024-08-29,1,445.81,0.3,ES
ORD009930,454,Sports,2023-06-03,9,101.36,0.19,MX
ORD009931,165,Books,2024-07-08,4,322.09,0.25,SG
ORD009932,151,Books,2024-11-29,6,137.68,0.05,US
ORD009933,23,Clothing,2023-09-10,7,273.26,0.38,IT
ORD009934,34,Automotive,2023-09-13,9,232.81,0.09,AU
ORD009935,482,Home & Garden,2023-12-15,1,133.24,0.18,UK
ORD009936,203,Toys,2024-05-22,1,272.54,0.36,IT
ORD009937,359,Clothing,2023-06-30,3,340.9,0.15,NL
ORD009938,16,Books,2023-04-26,5,344.89,0.08,CA
ORD009939,92,Automotive,2023-07-29,6,96.09,0.34,JP
ORD009940,271,Electronics,2024-04-16,2,16.1,0.05,IN
ORD009941,283,Home & Garden,2023-01-31,10,399.24,0.33,CA
ORD009942,369,Sports,2024-11-08,9,332.04,0.05,IN
ORD009943,329,Books,2024-02-12,9,230.32,0.01,US
ORD009944,218,Sports,2023-03-19,4,319.05,0.08,SE
ORD009945,266,Automotive,2024-06-11,1,443.46,0.13,DE
ORD009946,425,Books,2023-07-29,8,186.37,0.16,IT
ORD009947,303,Books,2024-07-13,8,226.57,0.32,DE
ORD009948,446,Clothing,2024-10-04,1,264.1,0.35,UK
ORD009949,435,Home & Garden,2024-01-03,2,345.18,0.14,US
ORD009950,487,Automotive,2023-05-15,5,249.24,0.07,IT
ORD009951,446,Home & Garden,2023-12-11,10,358.61,0.16,JP
ORD009952,259,Toys,2024-02-21,2,141.36,0.31,UK
ORD009953,14,Beauty,2023-09-20,7,66.24,0.38,DE
ORD009954,273,Electronics,2024-07-15,10,37.07,0.12,NL
ORD009955,258,Home & Garden,2023-07-18,2,46.92,0.01,AU
ORD009956,463,Automotive,2024-09-06,10,16.62,0.35,BR
ORD009957,229,Books,2023-11-16,10,491.03,0.13,ES
ORD009958,383,Books,2024-03-04,5,380.52,0.26,MX
ORD009959,21,Electronics,2023-02-10,2,271.7,0.06,DE
ORD009960,96,Clothing,2023-06-03,8,135.49,0.18,SE
ORD009961,454,Sports,2023-11-17,2,366.83,0.17,CA
ORD009962,48,Beauty,2024-06-23,4,498.08,0.24,SG
ORD009963,496,Toys,2024-12-10,1,184.63,0.25,CA
ORD009964,292,Sports,2023-02-22,4,194.37,0.18,ES
ORD009965,355,Books,2024-11-14,4,426.35,0.39,MX
ORD009966,428,Sports,2023-08-13,5,196.66,0.39,BR
ORD009967,137,Toys,2024-12-18,2,440.3,0.08,SG
ORD009968,204,Clothing,2023-02-02,2,90.1,0.18,UK
ORD009969,33,Home & Garden,2024-01-07,10,457.34,0.18,NL
ORD009970,296,Sports,2024-07-21,9,73.23,0.17,SG
ORD009971,142,Electronics,2023-09-13,6,369.26,0.01,DE
ORD009972,336,Toys,2024-12-11,4,162.91,0.24,BR
ORD009973,304,Electronics,2024-11-06,8,406.07,0.11,BR
ORD009974,171,Home & Garden,2023-08-30,8,89.45,0.0,BR
ORD009975,144,Electronics,2023-01-03,3,319.46,0.27,IT
ORD009976,196,Books,2023-05-09,4,256.32,0.35,ES
ORD009977,372,Home & Garden,2023-01-24,3,148.02,0.01,CA
ORD009978,4,Clothing,2024-05-11,1,246.25,0.33,ES
ORD009979,491,Beauty,2023-04-13,5,480.12,0.24,US
ORD009980,226,Automotive,2023-12-17,9,380.53,0.13,JP
ORD009981,107,Books,2023-05-17,8,34.74,0.24,BR
ORD009982,109,Sports,2024-09-24,6,488.88,0.2,IT
ORD009983,497,Toys,2023-08-03,7,361.84,0.26,SE
ORD009984,281,Home & Garden,2024-05-24,10,130.81,0.21,UK
ORD009985,250,Beauty,2024-03-03,5,480.26,0.17,UK
ORD009986,256,Beauty,2023-10-02,8,250.71,0.01,DE
ORD009987,209,Sports,2024-07-08,2,274.36,0.14,AU
ORD009988,118,Toys,2023-03-25,7,128.46,0.13,BR
ORD009989,99,Automotive,2024-06-03,5,498.14,0.08,AU
ORD009990,62,Beauty,2023-05-12,1,156.28,0.11,CA
ORD009991,37,Books,2023-03-01,7,323.16,0.39,BR
ORD009992,328,Automotive,2024-12-07,3,294.16,0.09,JP
ORD009993,373,Sports,2023-05-06,1,358.74,0.04,FR
ORD009994,208,Automotive,2023-07-13,4,42.42,0.35,IN
ORD009995,336,Sports,2023-01-08,7,251.29,0.21,ES
ORD009996,185,Automotive,2024-05-09,2,119.63,0.37,FR
ORD009997,384,Clothing,2024-07-08,10,66.43,0.01,IN
ORD009998,411,Beauty,2023-01-16,2,265.61,0.22,DE
ORD009999,109,Home & Garden,2024-01-13,3,229.8,0.12,NL
ORD010000,320,Clothing,2024-09-11,1,230.42,0.14,SE
