date,ticker,open,high,low,close,volume
2023-01-02,AAPL,179.37,179.67,176.96,178.65,18622611
2023-01-03,AAPL,178.22,183.76,181.79,182.85,26723526
2023-01-04,AAPL,183.29,182.16,179.69,179.84,37877319
2023-01-05,AAPL,180.26,176.58,175.55,175.84,9292504
2023-01-06,AAPL,175.96,175.87,175.24,175.31,27213337
2023-01-09,AAPL,175.16,174.3,172.69,173.21,11530484
2023-01-10,AAPL,172.79,162.79,161.61,162.4,26343450
2023-01-11,AAPL,162.3,163.55,160.26,161.84,45079288
2023-01-12,AAPL,161.92,162.99,162.24,162.48,40244126
2023-01-13,AAPL,162.41,168.26,167.13,167.56,24529222
2023-01-16,AAPL,167.36,166.18,164.83,165.33,36690173
2023-01-17,AAPL,165.92,160.77,160.55,160.75,4339539
2023-01-18,AAPL,160.19,163.73,163.63,163.7,23540627
2023-01-19,AAPL,163.42,164.08,162.62,163.58,31273249
2023-01-20,AAPL,163.44,163.2,160.73,161.21,40541817
2023-01-23,AAPL,161.2,160.63,159.91,160.37,6318820
2023-01-24,AAPL,160.06,160.23,159.44,159.63,44294129
2023-01-25,AAPL,159.94,160.17,158.31,158.8,39769938
2023-01-26,AAPL,159.03,165.43,165.27,165.42,8264641
2023-01-27,AAPL,165.84,168.62,168.32,168.35,42819580
2023-01-30,AAPL,168.2,169.25,166.91,168.17,38629169
2023-01-31,AAPL,167.97,175.98,175.83,175.87,25898042
2023-02-01,AAPL,175.34,178.14,177.32,177.89,2776681
2023-02-02,AAPL,177.62,175.46,175.14,175.26,32721611
2023-02-03,AAPL,174.75,181.0,179.75,179.96,20595021
2023-02-06,AAPL,179.39,179.64,179.22,179.58,13342987
2023-02-07,AAPL,179.63,180.07,179.51,179.75,30929293
2023-02-08,AAPL,179.36,180.4,179.72,180.04,25754867
2023-02-09,AAPL,179.34,177.39,176.0,176.6,27167204
2023-02-10,AAPL,176.34,179.4,177.76,178.26,42437599
2023-02-13,AAPL,178.21,173.06,171.5,172.89,23505436
2023-02-14,AAPL,172.71,167.22,164.95,165.99,29968018
2023-02-15,AAPL,165.62,166.04,165.27,165.65,41748018
2023-02-16,AAPL,165.13,167.8,166.45,166.65,27870020
2023-02-17,AAPL,166.84,163.48,162.91,163.24,12428878
2023-02-20,AAPL,162.95,159.74,158.92,159.15,14934879
2023-02-21,AAPL,160.16,159.42,158.56,158.81,11417751
2023-02-22,AAPL,158.52,159.37,159.04,159.19,49495078
2023-02-23,AAPL,159.5,160.15,158.52,159.6,31543986
2023-02-24,AAPL,159.54,163.92,162.69,163.16,19357504
2023-02-27,AAPL,163.17,165.85,164.73,164.78,36109263
2023-02-28,AAPL,164.98,166.57,165.02,165.74,43562041
2023-03-01,AAPL,165.71,164.75,163.65,163.85,4282095
2023-03-02,AAPL,164.09,163.76,163.59,163.64,23628659
2023-03-03,AAPL,164.29,159.46,158.19,158.58,13500633
2023-03-06,AAPL,159.01,158.68,156.7,158.64,6856940
2023-03-07,AAPL,159.58,160.21,158.98,159.98,28729801
2023-03-08,AAPL,160.37,161.68,160.84,160.88,23802592
2023-03-09,AAPL,160.49,158.98,156.19,157.19,42328509
2023-03-10,AAPL,156.63,158.71,158.49,158.51,27410011
2023-03-13,AAPL,158.51,155.0,154.55,154.97,20839537
2023-03-14,AAPL,155.16,159.68,158.21,159.66,31377351
2023-03-15,AAPL,159.28,162.55,161.12,161.7,24760020
2023-03-16,AAPL,162.26,160.9,160.55,160.66,16053485
2023-03-17,AAPL,161.06,162.97,160.16,161.85,19035978
2023-03-20,AAPL,162.24,159.37,157.81,158.62,27629848
2023-03-21,AAPL,158.4,162.28,161.15,161.75,49488153
2023-03-22,AAPL,161.35,162.77,161.88,162.47,16419214
2023-03-23,AAPL,161.75,165.8,164.3,164.99,45074573
2023-03-24,AAPL,164.36,163.99,162.95,163.5,18473950
2023-03-27,AAPL,163.17,166.49,165.78,166.03,5541642
2023-03-28,AAPL,166.57,162.97,162.11,162.62,30107972
2023-03-29,AAPL,162.43,170.14,169.49,169.61,39034441
2023-03-30,AAPL,170.75,169.66,168.56,168.9,9795583
2023-03-31,AAPL,168.88,162.73,162.41,162.42,45030338
2023-04-03,AAPL,163.27,162.82,162.31,162.64,26331025
2023-04-04,AAPL,161.79,156.22,152.81,154.79,49044472
2023-04-05,AAPL,154.96,159.44,157.38,158.71,31751110
2023-04-06,AAPL,159.41,154.05,152.56,153.05,48947819
2023-04-07,AAPL,153.79,149.79,148.78,149.78,48577235
2023-04-10,AAPL,149.53,148.18,145.76,147.88,44796955
2023-04-11,AAPL,147.51,147.08,146.09,146.73,47502987
2023-04-12,AAPL,146.96,146.2,145.58,145.8,39307012
2023-04-13,AAPL,145.43,145.01,144.29,144.3,37445990
2023-04-14,AAPL,144.38,140.91,140.1,140.16,43872195
2023-04-17,AAPL,140.22,139.71,138.72,138.73,43252760
2023-04-18,AAPL,138.65,139.57,138.52,139.11,30936762
2023-04-19,AAPL,138.84,138.36,137.09,137.71,1823218
2023-04-20,AAPL,138.22,137.38,136.33,136.63,11492125
2023-04-21,AAPL,137.1,135.17,132.43,133.66,2002536
2023-04-24,AAPL,133.63,135.17,134.04,134.39,2475722
2023-04-25,AAPL,134.41,139.43,138.86,139.13,29614797
2023-04-26,AAPL,138.89,139.71,138.99,139.31,4317267
2023-04-27,AAPL,139.3,141.19,139.7,140.72,17336053
2023-04-28,AAPL,140.45,137.73,136.67,137.28,11869073
2023-05-01,AAPL,137.49,139.74,137.77,139.58,11687836
2023-05-02,AAPL,139.46,141.1,140.34,140.93,9963125
2023-05-03,AAPL,141.37,142.15,141.95,142.01,19542479
2023-05-04,AAPL,141.65,142.8,141.34,142.3,18243732
2023-05-05,AAPL,142.53,140.93,140.52,140.76,40764424
2023-05-08,AAPL,140.61,145.15,143.47,144.88,3156706
2023-05-09,AAPL,144.84,147.42,144.17,145.05,32402750
2023-05-10,AAPL,144.77,143.15,141.98,142.61,23757177
2023-05-11,AAPL,142.85,139.3,138.99,139.21,5052573
2023-05-12,AAPL,139.77,138.96,138.28,138.95,21790665
2023-05-15,AAPL,139.37,143.98,141.75,143.05,19696070
2023-05-16,AAPL,142.63,148.11,145.36,147.1,26937277
2023-05-17,AAPL,146.2,150.59,149.17,149.51,25190342
2023-05-18,AAPL,149.54,151.0,150.39,150.52,46767605
2023-05-19,AAPL,150.88,147.94,146.36,146.64,19309912
2023-05-22,AAPL,146.53,143.76,143.47,143.67,30176884
2023-05-23,AAPL,143.51,146.62,146.09,146.13,39688931
2023-05-24,AAPL,146.92,145.22,144.2,144.74,25467375
2023-05-25,AAPL,143.87,142.48,141.71,142.41,15751380
2023-05-26,AAPL,142.41,141.36,140.79,141.0,6447666
2023-05-29,AAPL,141.56,138.28,137.2,138.04,2757859
2023-05-30,AAPL,138.21,140.8,140.08,140.32,8630785
2023-05-31,AAPL,139.97,140.4,138.94,139.52,7356959
2023-06-01,AAPL,138.91,142.63,142.12,142.25,35272039
2023-06-02,AAPL,142.36,139.62,138.9,139.34,1360842
2023-06-05,AAPL,139.38,138.27,137.26,138.12,27154331
2023-06-06,AAPL,138.36,135.46,134.63,134.75,47587094
2023-06-07,AAPL,133.98,133.35,132.1,132.11,28039105
2023-06-08,AAPL,131.73,135.15,132.92,134.42,15068069
2023-06-09,AAPL,134.77,132.8,132.57,132.69,8734817
2023-06-12,AAPL,132.44,135.68,134.49,135.19,6050258
2023-06-13,AAPL,135.44,135.06,134.32,134.4,2439317
2023-06-14,AAPL,133.77,135.66,134.6,135.15,3375528
2023-06-15,AAPL,134.49,138.58,137.94,138.5,24827534
2023-06-16,AAPL,137.86,137.06,135.81,137.0,46407471
2023-06-19,AAPL,136.47,135.79,135.28,135.56,44528070
2023-06-20,AAPL,135.36,135.08,134.68,135.07,37096485
2023-06-21,AAPL,134.59,137.18,135.8,137.12,13968358
2023-06-22,AAPL,137.91,139.96,139.42,139.48,20006816
2023-06-23,AAPL,139.63,135.2,134.13,134.23,33143060
2023-06-26,AAPL,133.63,135.63,134.96,135.01,19515552
2023-06-27,AAPL,134.99,132.93,131.49,131.73,16639564
2023-06-28,AAPL,131.46,130.4,129.88,130.18,36561516
2023-06-29,AAPL,131.08,130.44,129.89,130.38,2934465
2023-06-30,AAPL,130.5,133.72,132.48,133.23,25914792
2023-07-03,AAPL,133.69,127.85,125.7,127.08,44811475
2023-07-04,AAPL,126.97,128.59,127.18,127.58,5179921
2023-07-05,AAPL,128.32,125.4,124.54,125.09,47944112
2023-07-06,AAPL,124.62,124.27,123.02,123.65,1340303
2023-07-07,AAPL,123.51,125.58,123.75,124.28,18732020
2023-07-10,AAPL,124.58,124.86,123.47,124.57,9081858
2023-07-11,AAPL,124.38,125.52,124.48,125.43,32101361
2023-07-12,AAPL,125.37,124.08,121.71,123.06,36062986
2023-07-13,AAPL,123.41,123.79,122.11,122.84,44057794
2023-07-14,AAPL,122.18,126.24,125.39,125.98,27630594
2023-07-17,AAPL,126.03,130.11,126.75,128.31,34337300
2023-07-18,AAPL,128.21,129.27,128.94,128.96,30055046
2023-07-19,AAPL,128.67,126.93,126.49,126.92,1219521
2023-07-20,AAPL,126.8,122.87,122.27,122.76,48644453
2023-07-21,AAPL,123.59,126.24,124.51,125.6,45557535
2023-07-24,AAPL,125.82,126.5,125.44,125.77,5325083
2023-07-25,AAPL,125.71,123.61,122.96,123.45,5050400
2023-07-26,AAPL,123.63,123.36,121.88,123.13,48225949
2023-07-27,AAPL,123.18,121.98,121.33,121.86,4514726
2023-07-28,AAPL,121.44,116.84,116.64,116.72,17539389
2023-07-31,AAPL,116.9,119.84,118.81,119.13,9305257
2023-08-01,AAPL,119.68,116.16,115.86,115.99,41979438
2023-08-02,AAPL,115.87,116.99,115.67,116.46,29272682
2023-08-03,AAPL,116.25,117.51,116.27,117.44,20981415
2023-08-04,AAPL,116.73,117.62,116.34,117.29,6782957
2023-08-07,AAPL,117.53,117.71,116.93,117.19,14256089
2023-08-08,AAPL,117.31,116.25,115.39,116.13,9464037
2023-08-09,AAPL,115.93,114.89,113.72,114.47,18212232
2023-08-10,AAPL,114.31,114.67,113.41,113.89,34281620
2023-08-11,AAPL,113.9,113.44,112.28,112.94,34425891
2023-08-14,AAPL,113.27,113.09,112.25,112.63,23198289
2023-08-15,AAPL,113.02,117.56,117.16,117.21,13054917
2023-08-16,AAPL,116.96,120.95,119.19,120.5,24709399
2023-08-17,AAPL,120.11,122.93,121.85,121.98,38140084
2023-08-18,AAPL,121.67,125.46,124.23,124.69,11583882
2023-08-21,AAPL,124.4,127.96,126.5,127.31,37797702
2023-08-22,AAPL,127.06,126.01,125.1,125.54,28230101
2023-08-23,AAPL,124.56,125.9,125.22,125.37,26309621
2023-08-24,AAPL,125.72,123.38,122.57,122.97,27310906
2023-08-25,AAPL,123.26,124.23,123.69,124.13,30554925
2023-08-28,AAPL,124.34,125.09,123.66,124.1,24751542
2023-08-29,AAPL,124.13,123.68,122.59,123.15,36821355
2023-08-30,AAPL,122.76,123.16,122.83,123.11,6733346
2023-08-31,AAPL,123.38,126.27,125.32,125.43,37058297
2023-09-01,AAPL,125.26,129.01,127.77,128.28,32305862
2023-09-04,AAPL,128.53,136.5,135.68,136.15,27002179
2023-09-05,AAPL,136.32,140.09,138.6,138.79,7512525
2023-09-06,AAPL,138.37,142.22,140.63,141.4,40218912
2023-09-07,AAPL,141.52,143.5,141.45,142.82,21615614
2023-09-08,AAPL,142.99,143.33,142.51,143.18,28624261
2023-09-11,AAPL,143.42,141.21,139.61,140.13,6845662
2023-09-12,AAPL,140.58,139.98,138.83,139.1,45542512
2023-09-13,AAPL,139.3,143.11,141.74,142.14,30080285
2023-09-14,AAPL,142.55,143.24,141.95,142.87,47612580
2023-09-15,AAPL,142.4,145.55,144.6,144.63,5080765
2023-09-18,AAPL,143.54,145.44,144.62,144.63,44485923
2023-09-19,AAPL,144.11,146.58,145.62,146.19,24668836
2023-09-20,AAPL,145.9,147.56,146.66,147.24,2458809
2023-09-21,AAPL,146.44,153.05,151.29,151.33,3006127
2023-09-22,AAPL,151.5,149.63,149.0,149.05,4195256
2023-09-25,AAPL,149.52,150.3,148.99,149.8,34563503
2023-09-26,AAPL,150.14,142.29,140.26,141.21,43447609
2023-09-27,AAPL,141.31,137.27,136.65,136.74,37532865
2023-09-28,AAPL,136.46,134.21,133.72,133.95,29950988
2023-09-29,AAPL,134.34,131.12,130.23,130.86,25739882
2023-10-02,AAPL,130.61,133.36,132.07,132.72,11000130
2023-10-03,AAPL,132.15,136.31,134.44,135.38,20918353
2023-10-04,AAPL,135.99,131.83,130.8,131.14,33262880
2023-10-05,AAPL,130.83,127.76,127.53,127.65,9103614
2023-10-06,AAPL,127.01,127.01,125.45,126.34,15173094
2023-10-09,AAPL,126.3,125.96,124.89,124.99,33454930
2023-10-10,AAPL,124.85,127.87,126.6,126.81,1912762
2023-10-11,AAPL,126.97,125.49,125.15,125.38,47600287
2023-10-12,AAPL,125.27,125.01,123.76,124.85,21109444
2023-10-13,AAPL,124.6,130.38,128.55,130.13,17905208
2023-10-16,AAPL,130.55,127.97,127.32,127.38,44335654
2023-10-17,AAPL,127.9,129.61,128.49,128.82,22061286
2023-10-18,AAPL,128.86,125.75,125.33,125.55,22390007
2023-10-19,AAPL,125.84,127.51,126.73,127.25,9978582
2023-10-20,AAPL,126.97,127.61,126.75,127.38,22074229
2023-10-23,AAPL,127.02,125.25,124.02,124.79,14261857
2023-10-24,AAPL,125.32,124.78,123.81,124.48,45041549
2023-10-25,AAPL,124.5,118.46,117.75,117.78,3104436
2023-10-26,AAPL,117.65,120.1,119.5,119.88,20220389
2023-10-27,AAPL,119.83,122.82,121.58,121.83,26840149
2023-10-30,AAPL,121.91,124.43,122.95,123.83,15328194
2023-10-31,AAPL,123.79,122.11,121.56,121.73,26476448
2023-11-01,AAPL,121.88,118.42,117.82,118.16,43154304
2023-11-02,AAPL,117.79,112.92,111.87,112.69,26611651
2023-11-03,AAPL,112.52,115.75,114.61,114.78,37970080
2023-11-06,AAPL,114.19,112.99,112.57,112.81,39886124
2023-11-07,AAPL,112.41,115.89,114.99,115.21,33897601
2023-11-08,AAPL,114.81,112.92,112.51,112.62,47688133
2023-11-09,AAPL,112.93,113.54,111.76,113.29,26572514
2023-11-10,AAPL,113.9,110.84,109.61,109.77,6167471
2023-11-13,AAPL,109.95,115.19,114.46,114.8,17238648
2023-11-14,AAPL,115.25,114.84,112.93,114.48,44397569
2023-11-15,AAPL,114.15,119.52,117.79,118.43,30367893
2023-11-16,AAPL,118.26,121.77,120.95,121.4,6562256
2023-11-17,AAPL,121.92,121.02,120.32,120.56,32718432
2023-11-20,AAPL,120.53,119.06,118.51,118.78,18075649
2023-11-21,AAPL,118.73,121.15,120.5,120.85,19492226
2023-11-22,AAPL,121.02,119.36,118.54,119.31,26991083
2023-11-23,AAPL,119.37,122.43,121.82,122.4,1282534
2023-11-24,AAPL,122.12,128.48,126.93,126.94,23544248
2023-11-27,AAPL,126.95,130.79,128.98,130.65,12879961
2023-11-28,AAPL,130.49,127.43,126.2,126.73,40145822
2023-11-29,AAPL,126.56,130.28,129.2,129.6,9398690
2023-11-30,AAPL,129.74,125.41,124.38,124.93,37451425
2023-12-01,AAPL,124.26,125.83,124.47,125.39,33414617
2023-12-04,AAPL,125.19,125.79,125.79,125.79,30151543
2023-12-05,AAPL,125.95,127.83,126.97,127.06,25851221
2023-12-06,AAPL,126.42,127.25,125.99,127.11,32934186
2023-12-07,AAPL,127.33,127.85,127.11,127.46,27106875
2023-12-08,AAPL,127.92,123.09,121.34,122.08,35622651
2023-12-11,AAPL,122.06,119.73,118.92,119.68,20703181
2023-12-12,AAPL,120.3,117.72,117.27,117.42,10224253
2023-12-13,AAPL,118.16,119.14,116.57,117.64,12555022
2023-12-14,AAPL,116.97,118.19,117.34,118.18,5743180
2023-12-15,AAPL,118.33,121.84,121.08,121.08,46890416
2023-12-18,AAPL,121.18,117.84,117.36,117.5,6558192
2023-12-19,AAPL,117.5,118.92,117.67,118.56,28650288
2023-12-20,AAPL,118.53,118.64,117.96,118.02,11424824
2023-12-21,AAPL,117.8,121.69,120.48,120.65,17575117
2023-12-22,AAPL,120.64,121.38,120.94,121.37,9214225
2023-12-25,AAPL,121.59,122.23,121.44,122.12,29333991
2023-12-26,AAPL,122.02,117.24,116.74,117.11,25562605
2023-12-27,AAPL,117.6,117.92,117.65,117.79,39895202
2023-12-28,AAPL,118.2,116.06,114.86,115.11,10016003
2023-12-29,AAPL,115.02,111.87,110.42,111.75,31738714
2024-01-01,AAPL,111.32,110.5,109.75,110.14,6974289
2024-01-02,AAPL,109.9,106.99,106.79,106.87,39049946
2024-01-03,AAPL,107.01,110.25,109.58,109.72,2628028
2024-01-04,AAPL,109.6,106.71,106.54,106.57,47747764
2024-01-05,AAPL,106.87,107.06,105.47,106.36,44029542
2024-01-08,AAPL,107.0,106.58,104.35,105.65,45272114
2024-01-09,AAPL,105.57,107.65,106.98,107.14,21057838
2024-01-10,AAPL,106.84,107.69,107.14,107.64,41110091
2024-01-11,AAPL,107.77,104.76,104.25,104.33,32163393
2024-01-12,AAPL,103.75,107.48,107.2,107.22,19898832
2024-01-15,AAPL,107.39,105.67,105.26,105.51,4614657
2024-01-16,AAPL,105.91,103.23,102.8,102.82,41106643
2024-01-17,AAPL,102.33,106.62,105.66,105.87,12731258
2024-01-18,AAPL,105.74,109.19,107.88,108.41,5168962
2024-01-19,AAPL,107.76,107.38,107.32,107.37,23277546
2024-01-22,AAPL,107.42,107.05,105.8,105.85,30776323
2024-01-23,AAPL,105.13,105.12,104.89,105.1,1028521
2024-01-24,AAPL,104.97,107.49,106.01,106.63,19251202
2024-01-25,AAPL,106.83,105.39,102.91,105.19,30805035
2024-01-26,AAPL,104.98,105.81,104.94,105.35,31653464
2024-01-29,AAPL,105.87,106.91,106.35,106.51,17217788
2024-01-30,AAPL,105.84,109.77,109.2,109.35,20900716
2024-01-31,AAPL,109.73,107.08,105.49,105.83,8119754
2024-02-01,AAPL,105.74,102.34,102.2,102.21,7497629
2024-02-02,AAPL,101.79,105.43,103.7,104.72,49872671
2024-02-05,AAPL,104.89,105.8,105.25,105.66,31108925
2024-02-06,AAPL,105.62,101.65,100.79,101.39,18238738
2024-02-07,AAPL,101.34,101.95,100.63,100.99,30254793
2024-02-08,AAPL,101.47,101.25,101.06,101.11,3555244
2024-02-09,AAPL,100.89,102.66,102.18,102.62,26654227
2024-02-12,AAPL,102.2,100.95,99.73,99.75,41984806
2024-02-13,AAPL,99.3,100.51,99.9,100.11,17951062
2024-02-14,AAPL,99.96,96.68,95.99,96.39,21192874
2024-02-15,AAPL,96.49,95.12,94.68,95.1,10227414
2024-02-16,AAPL,95.43,94.43,94.11,94.28,36996953
2024-02-19,AAPL,94.12,93.45,92.68,93.08,16538250
2024-02-20,AAPL,92.9,94.38,93.43,93.87,27451607
2024-02-21,AAPL,93.77,94.42,93.86,93.98,34572307
2024-02-22,AAPL,93.64,94.93,94.05,94.11,39293397
2024-02-23,AAPL,94.54,93.79,93.35,93.78,10011629
2024-02-26,AAPL,94.05,92.81,92.31,92.73,27586147
2024-02-27,AAPL,92.59,94.1,93.76,94.04,18940024
2024-02-28,AAPL,93.74,93.75,92.57,93.52,23117731
2024-02-29,AAPL,93.66,91.98,90.89,91.5,8289140
2024-03-01,AAPL,91.92,92.87,92.36,92.37,40694567
2024-03-04,AAPL,92.71,90.4,89.91,90.37,41688736
2024-03-05,AAPL,89.89,93.0,92.07,92.35,8511847
2024-03-06,AAPL,92.36,93.18,92.63,92.98,43919293
2024-03-07,AAPL,92.36,90.31,90.06,90.27,37036566
2024-03-08,AAPL,90.09,90.62,89.66,90.16,14421061
2024-03-11,AAPL,90.07,89.93,89.0,89.05,7709850
2024-03-12,AAPL,89.06,87.71,87.43,87.58,17048606
2024-03-13,AAPL,88.0,87.89,87.51,87.87,15926226
2024-03-14,AAPL,88.04,88.14,87.24,87.87,1568914
2024-03-15,AAPL,87.43,92.96,91.59,91.69,3321793
2024-03-18,AAPL,92.21,93.77,92.19,92.8,44205655
2024-03-19,AAPL,92.78,90.57,89.97,90.43,18789191
2024-03-20,AAPL,90.26,91.69,90.63,91.19,32359939
2024-03-21,AAPL,91.01,93.17,92.69,92.96,28303661
2024-03-22,AAPL,92.99,94.57,93.94,94.06,46986737
2024-03-25,AAPL,94.07,95.91,95.1,95.42,38240691
2024-03-26,AAPL,95.4,94.72,93.21,94.1,8548937
2024-03-27,AAPL,94.33,92.71,91.74,92.21,40213314
2024-03-28,AAPL,92.27,92.49,91.76,92.14,26340474
2024-03-29,AAPL,92.59,93.45,91.74,92.61,7255523
2024-04-01,AAPL,92.63,91.0,90.07,90.74,19982425
2024-04-02,AAPL,91.19,90.51,89.77,90.29,12808635
2024-04-03,AAPL,90.4,93.65,93.07,93.11,19876140
2024-04-04,AAPL,93.32,91.7,90.87,91.18,33033993
2024-04-05,AAPL,91.18,87.74,87.1,87.54,9467282
2024-04-08,AAPL,87.48,86.05,85.37,85.44,4865844
2024-04-09,AAPL,85.35,85.73,84.55,85.08,17221553
2024-04-10,AAPL,85.26,84.66,84.56,84.63,23476229
2024-04-11,AAPL,84.38,81.66,81.56,81.58,15396077
2024-04-12,AAPL,81.47,82.96,82.03,82.77,21525179
2024-04-15,AAPL,83.05,83.74,83.44,83.54,10818577
2024-04-16,AAPL,83.46,82.09,81.58,81.78,40367420
2024-04-17,AAPL,81.74,81.74,81.0,81.44,10254755
2024-04-18,AAPL,81.52,78.8,78.15,78.52,44443070
2024-04-19,AAPL,78.5,78.75,78.33,78.39,14034480
2024-04-22,AAPL,78.47,80.39,79.89,79.99,37633740
2024-04-23,AAPL,80.17,80.19,78.69,79.55,38652475
2024-04-24,AAPL,79.49,79.62,78.63,79.17,47644013
2024-04-25,AAPL,79.24,80.51,79.89,80.26,47932067
2024-04-26,AAPL,80.3,79.41,78.48,79.25,26790154
2024-04-29,AAPL,79.22,80.35,79.61,80.07,21402882
2024-04-30,AAPL,80.23,77.39,76.73,77.09,38737367
2024-05-01,AAPL,77.53,76.85,75.96,76.07,27019099
2024-05-02,AAPL,76.08,76.62,75.67,76.02,1493150
2024-05-03,AAPL,76.0,76.94,76.76,76.78,40562892
2024-05-06,AAPL,76.93,77.42,76.9,77.05,47489090
2024-05-07,AAPL,77.01,78.78,78.22,78.66,9978826
2024-05-08,AAPL,78.59,78.5,78.07,78.22,23883567
2024-05-09,AAPL,78.29,78.82,77.84,78.42,27731746
2024-05-10,AAPL,78.37,78.8,77.73,78.19,5657146
2024-05-13,AAPL,78.62,79.42,78.87,79.34,5720878
2024-05-14,AAPL,79.33,83.13,81.7,82.46,34136051
2024-05-15,AAPL,82.83,82.14,81.81,82.14,2026220
2024-05-16,AAPL,81.97,81.89,81.03,81.33,2896164
2024-05-17,AAPL,81.72,80.31,79.79,80.24,7355354
2024-05-20,AAPL,80.46,81.16,79.99,80.81,44521391
2024-05-21,AAPL,81.07,80.9,80.33,80.47,40161563
2024-05-22,AAPL,80.51,80.68,79.84,80.59,32318988
2024-05-23,AAPL,80.87,81.7,81.22,81.68,13554778
2024-05-24,AAPL,81.63,82.38,81.52,82.36,8344876
2024-05-27,AAPL,82.31,80.92,80.59,80.87,35140423
2024-05-28,AAPL,80.93,82.23,80.36,81.24,41071429
2024-05-29,AAPL,81.16,80.64,80.43,80.47,45763743
2024-05-30,AAPL,80.74,81.01,79.63,80.14,45479217
2024-05-31,AAPL,80.39,79.31,78.81,79.29,30475343
2024-06-03,AAPL,79.21,80.16,79.29,79.85,11456147
2024-06-04,AAPL,79.97,81.37,79.87,80.51,32202210
2024-06-05,AAPL,80.56,80.21,79.83,79.97,34699187
2024-06-06,AAPL,80.03,76.91,76.72,76.73,34036269
2024-06-07,AAPL,76.58,75.28,74.3,74.87,44283758
2024-06-10,AAPL,74.77,76.4,75.98,75.99,48387959
2024-06-11,AAPL,76.04,76.1,74.82,75.55,14993140
2024-06-12,AAPL,75.22,74.31,73.26,73.79,26863408
2024-06-13,AAPL,73.51,73.29,72.28,73.23,44971116
2024-06-14,AAPL,73.08,72.47,72.01,72.38,41908630
2024-06-17,AAPL,72.47,71.84,71.51,71.8,14587881
2024-06-18,AAPL,71.86,68.61,68.35,68.39,40658021
2024-06-19,AAPL,68.38,70.5,69.44,69.88,16131525
2024-06-20,AAPL,69.9,69.93,69.5,69.64,13097064
2024-06-21,AAPL,69.69,69.52,69.2,69.37,15140556
2024-06-24,AAPL,69.39,71.5,71.04,71.24,36271120
2024-06-25,AAPL,70.9,70.25,69.42,69.8,16157004
2024-06-26,AAPL,69.63,70.81,69.34,70.08,19673759
2024-06-27,AAPL,70.05,68.82,68.01,68.46,29986169
2024-06-28,AAPL,68.11,69.93,69.59,69.87,13016052
2024-07-01,AAPL,69.73,69.16,68.95,69.11,16328415
2024-07-02,AAPL,69.17,68.75,67.91,68.65,21597550
2024-07-03,AAPL,68.61,69.15,68.3,68.72,21787417
2024-07-04,AAPL,68.36,68.54,68.24,68.49,28194998
2024-07-05,AAPL,68.52,69.14,68.9,69.05,43018945
2024-07-08,AAPL,69.04,69.8,69.27,69.35,17012680
2024-07-09,AAPL,69.26,71.63,70.85,71.32,18712183
2024-07-10,AAPL,71.08,68.14,67.77,67.84,15279568
2024-07-11,AAPL,67.45,67.66,67.0,67.41,2007191
2024-07-12,AAPL,67.42,66.88,66.47,66.75,9963519
2024-07-15,AAPL,66.85,65.14,64.44,64.92,34517927
2024-07-16,AAPL,65.2,63.53,63.21,63.24,27945288
2024-07-17,AAPL,63.16,62.6,62.08,62.4,13766660
2024-07-18,AAPL,62.53,62.61,62.13,62.25,12910036
2024-07-19,AAPL,62.4,62.1,61.94,62.07,36319243
2024-07-22,AAPL,61.97,60.22,59.94,60.14,16756511
2024-07-23,AAPL,60.5,61.17,60.59,60.66,43885214
2024-07-24,AAPL,60.91,62.17,61.98,62.04,6249316
2024-07-25,AAPL,61.92,61.74,61.29,61.35,47443988
2024-07-26,AAPL,61.45,63.5,62.99,63.14,23181901
2024-07-29,AAPL,63.02,63.41,62.99,63.3,29604661
2024-07-30,AAPL,63.13,63.64,63.43,63.62,24833587
2024-07-31,AAPL,63.8,61.99,61.61,61.88,21107014
2024-08-01,AAPL,61.83,61.52,61.33,61.36,47028309
2024-08-02,AAPL,61.31,61.86,61.12,61.32,6149068
2024-08-05,AAPL,61.25,62.37,62.19,62.29,28884469
2024-08-06,AAPL,62.21,61.17,60.92,61.11,15709882
2024-08-07,AAPL,61.11,63.13,62.98,63.01,9457536
2024-08-08,AAPL,63.06,64.45,64.27,64.33,41826062
2024-08-09,AAPL,64.19,65.08,64.67,64.8,41869673
2024-08-12,AAPL,64.74,65.56,65.13,65.51,9433893
2024-08-13,AAPL,65.78,62.95,62.58,62.9,30444245
2024-08-14,AAPL,62.95,63.91,63.56,63.85,21608282
2024-08-15,AAPL,63.85,63.29,63.03,63.18,25525301
2024-08-16,AAPL,63.1,61.39,60.49,61.08,41063482
2024-08-19,AAPL,61.1,61.13,60.83,60.95,42720393
2024-08-20,AAPL,60.75,60.36,60.02,60.18,21725776
2024-08-21,AAPL,59.94,59.55,59.43,59.45,19472920
2024-08-22,AAPL,59.45,61.3,60.86,61.05,44764859
2024-08-23,AAPL,61.27,61.88,61.23,61.3,14915617
2024-08-26,AAPL,61.22,60.21,59.36,59.86,29190077
2024-08-27,AAPL,59.85,60.21,59.6,59.83,11865840
2024-08-28,AAPL,59.69,58.02,57.59,57.88,46703561
2024-08-29,AAPL,57.95,57.26,56.87,57.09,30981794
2024-08-30,AAPL,56.96,57.71,57.52,57.7,43591853
2024-09-02,AAPL,57.5,59.67,59.09,59.39,20736361
2024-09-03,AAPL,59.3,60.31,60.13,60.3,14296689
2024-09-04,AAPL,60.29,60.47,59.73,60.01,16450738
2024-09-05,AAPL,60.09,59.77,59.26,59.69,49552575
2024-09-06,AAPL,59.66,59.88,59.35,59.54,29108590
2024-09-09,AAPL,59.57,60.21,59.21,59.45,30692980
2024-09-10,AAPL,59.32,58.2,57.68,58.06,27821182
2024-09-11,AAPL,57.93,59.21,58.71,59.0,11146326
2024-09-12,AAPL,58.9,58.02,57.27,57.84,12476379
2024-09-13,AAPL,58.03,59.58,59.24,59.28,28749782
2024-09-16,AAPL,59.41,59.35,59.18,59.21,11592405
2024-09-17,AAPL,59.15,58.92,57.97,58.27,17465304
2024-09-18,AAPL,58.47,60.44,60.19,60.33,2482089
2024-09-19,AAPL,60.2,58.87,58.83,58.85,15525015
2024-09-20,AAPL,58.64,59.14,58.74,58.94,49932282
2024-09-23,AAPL,59.1,60.47,60.2,60.31,5254983
2024-09-24,AAPL,60.19,62.51,61.87,62.3,13802377
2024-09-25,AAPL,62.09,61.74,61.55,61.64,8384953
2024-09-26,AAPL,61.46,62.81,62.71,62.78,43599407
2024-09-27,AAPL,62.83,62.36,62.04,62.21,7859156
2024-09-30,AAPL,61.82,62.43,61.32,61.82,39521116
2024-10-01,AAPL,61.82,62.32,62.23,62.31,5460306
2024-10-02,AAPL,62.18,63.48,62.97,63.07,33319994
2024-10-03,AAPL,63.17,62.74,62.56,62.61,35075392
2024-10-04,AAPL,62.74,64.02,63.59,63.69,37898674
2024-10-07,AAPL,63.99,66.54,65.71,66.07,2328238
2024-10-08,AAPL,66.02,69.0,68.27,68.39,20902313
2024-10-09,AAPL,68.55,69.29,68.13,69.07,42433151
2024-10-10,AAPL,69.23,67.44,66.96,67.36,13460483
2024-10-11,AAPL,67.02,64.86,64.27,64.41,7389770
2024-10-14,AAPL,64.48,64.47,64.01,64.45,19441558
2024-10-15,AAPL,64.2,65.48,65.26,65.4,47992842
2024-10-16,AAPL,65.53,64.96,64.51,64.53,32293098
2024-10-17,AAPL,64.51,65.44,64.34,64.85,14013322
2024-10-18,AAPL,64.84,62.84,62.15,62.52,22756260
2024-10-21,AAPL,62.64,62.53,62.25,62.29,34146098
2024-10-22,AAPL,62.06,63.06,62.59,62.92,45428128
2024-10-23,AAPL,62.84,63.18,62.79,62.84,4166418
2024-10-24,AAPL,62.46,64.53,64.17,64.48,30868510
2024-10-25,AAPL,64.15,65.74,65.2,65.33,49351032
2024-10-28,AAPL,65.48,64.83,64.15,64.78,13928197
2024-10-29,AAPL,64.64,65.48,65.33,65.47,2492127
2024-10-30,AAPL,65.03,65.53,64.99,65.26,9006034
2024-10-31,AAPL,65.35,64.84,64.24,64.64,10721505
2024-11-01,AAPL,64.82,64.69,64.1,64.6,41639772
2024-11-04,AAPL,64.33,65.73,65.36,65.71,24457328
2024-11-05,AAPL,65.55,66.73,66.37,66.56,8574320
2024-11-06,AAPL,66.5,66.28,65.57,65.82,11509281
2024-11-07,AAPL,65.78,67.26,66.76,66.97,9964366
2024-11-08,AAPL,66.79,65.68,65.22,65.68,8996760
2024-11-11,AAPL,65.41,67.76,67.62,67.66,1596278
2024-11-12,AAPL,67.47,68.69,67.91,68.44,36285031
2024-11-13,AAPL,68.43,67.0,66.35,66.54,20429146
2024-11-14,AAPL,66.8,65.58,64.9,65.47,21185237
2024-11-15,AAPL,65.09,66.5,65.87,66.46,7760753
2024-11-18,AAPL,66.35,65.92,65.31,65.4,26363742
2024-11-19,AAPL,65.5,66.17,65.63,65.94,39089323
2024-11-20,AAPL,66.08,65.07,64.44,64.84,34659082
2024-11-21,AAPL,64.93,66.02,64.94,65.52,13675463
2024-11-22,AAPL,65.61,67.51,67.09,67.1,46245181
2024-11-25,AAPL,67.12,66.91,66.67,66.71,9103172
2024-11-26,AAPL,66.64,65.57,65.43,65.56,12295707
2024-11-27,AAPL,65.49,65.83,65.55,65.55,27431152
2024-11-28,AAPL,65.7,65.11,64.17,64.48,4737427
2024-11-29,AAPL,64.38,65.63,65.2,65.3,32974076
2023-01-02,MSFT,349.64,349.65,347.82,348.52,20273333
2023-01-03,MSFT,349.56,349.96,348.51,348.93,4072961
2023-01-04,MSFT,349.98,357.3,352.69,354.95,43233418
2023-01-05,MSFT,354.62,343.99,341.99,342.74,44913706
2023-01-06,MSFT,343.03,348.64,345.41,347.03,28245680
2023-01-09,MSFT,347.42,346.18,345.26,345.33,36896531
2023-01-10,MSFT,347.97,343.12,341.49,342.17,28192963
2023-01-11,MSFT,343.02,359.04,355.07,357.34,36912069
2023-01-12,MSFT,357.63,353.31,351.38,352.25,10559366
2023-01-13,MSFT,351.29,351.12,349.76,350.36,35835182
2023-01-16,MSFT,349.31,356.59,353.51,355.83,35704499
2023-01-17,MSFT,354.67,345.5,342.76,343.94,15658286
2023-01-18,MSFT,342.33,357.84,354.02,355.11,34801529
2023-01-19,MSFT,355.35,360.78,359.89,360.61,28189106
2023-01-20,MSFT,360.1,358.86,357.28,358.37,24537081
2023-01-23,MSFT,359.0,357.71,356.47,357.55,30394527
2023-01-24,MSFT,356.58,365.88,365.16,365.77,36284379
2023-01-25,MSFT,365.9,382.13,374.15,377.67,10778127
2023-01-26,MSFT,377.93,387.34,385.82,386.87,27913505
2023-01-27,MSFT,388.64,401.88,398.73,399.01,7068822
2023-01-30,MSFT,398.07,396.18,395.33,395.62,1028202
2023-01-31,MSFT,395.9,395.27,390.83,392.44,42497394
2023-02-01,MSFT,391.43,399.16,395.25,398.3,47592238
2023-02-02,MSFT,396.84,399.03,396.01,397.12,5214402
2023-02-03,MSFT,397.06,394.77,392.11,392.56,31434282
2023-02-06,MSFT,391.96,389.51,387.71,389.51,21136042
2023-02-07,MSFT,388.41,378.9,374.51,377.1,38255791
2023-02-08,MSFT,375.17,384.35,383.09,383.26,24822037
2023-02-09,MSFT,385.55,382.28,379.83,382.01,36577622
2023-02-10,MSFT,381.33,386.89,383.52,385.86,18641209
2023-02-13,MSFT,385.65,382.79,377.57,378.3,19070518
2023-02-14,MSFT,378.16,370.44,366.23,368.86,6344951
2023-02-15,MSFT,368.36,375.26,371.93,374.94,41481082
2023-02-16,MSFT,377.65,388.1,387.07,388.1,12777249
2023-02-17,MSFT,385.69,387.96,381.22,384.76,6375636
2023-02-20,MSFT,385.79,391.23,388.15,388.65,38891113
2023-02-21,MSFT,387.19,393.68,388.16,391.31,27693891
2023-02-22,MSFT,389.54,394.97,394.14,394.43,17753523
2023-02-23,MSFT,391.61,394.65,389.59,391.85,36116282
2023-02-24,MSFT,392.63,394.35,391.62,391.89,45429180
2023-02-27,MSFT,390.53,389.57,387.62,389.27,25955967
2023-02-28,MSFT,387.47,395.89,392.72,393.91,17997306
2023-03-01,MSFT,392.94,393.54,391.46,393.35,15414257
2023-03-02,MSFT,394.2,393.87,392.68,393.27,4327203
2023-03-03,MSFT,392.28,392.18,388.63,389.72,15033156
2023-03-06,MSFT,387.13,384.94,383.66,384.52,13082336
2023-03-07,MSFT,384.68,383.8,379.11,381.06,48175360
2023-03-08,MSFT,380.82,378.95,375.56,378.17,35592910
2023-03-09,MSFT,376.9,390.55,386.26,387.18,49378407
2023-03-10,MSFT,389.67,393.75,388.91,392.59,47355926
2023-03-13,MSFT,393.51,400.47,398.92,400.02,18622045
2023-03-14,MSFT,398.88,406.86,403.71,404.84,37150969
2023-03-15,MSFT,404.38,403.03,397.78,399.31,30234997
2023-03-16,MSFT,400.4,401.24,395.11,398.17,5556202
2023-03-17,MSFT,398.67,414.83,412.5,414.63,11289001
2023-03-20,MSFT,413.05,399.35,398.28,398.69,24133190
2023-03-21,MSFT,397.75,409.0,407.81,408.63,37147862
2023-03-22,MSFT,407.29,400.63,395.23,400.15,35764872
2023-03-23,MSFT,399.41,388.65,387.14,387.39,28509374
2023-03-24,MSFT,388.69,394.87,389.02,391.65,4677359
2023-03-27,MSFT,390.99,396.97,394.89,396.04,18012055
2023-03-28,MSFT,397.18,400.29,396.71,397.56,16125789
2023-03-29,MSFT,398.29,402.93,401.3,401.58,16368956
2023-03-30,MSFT,401.42,400.29,397.54,398.26,35982612
2023-03-31,MSFT,398.9,405.18,401.22,402.55,26217711
2023-04-03,MSFT,402.11,400.11,398.51,399.42,18687268
2023-04-04,MSFT,399.57,398.12,393.94,394.32,16251914
2023-04-05,MSFT,393.49,395.11,388.92,391.37,37608099
2023-04-06,MSFT,391.03,394.08,391.87,392.95,35015281
2023-04-07,MSFT,394.16,396.73,392.48,393.67,48717505
2023-04-10,MSFT,393.81,400.1,396.65,397.01,26463413
2023-04-11,MSFT,396.04,412.01,408.3,408.83,24620411
2023-04-12,MSFT,409.47,409.64,406.15,406.99,3343705
2023-04-13,MSFT,407.63,414.44,410.93,412.39,33001011
2023-04-14,MSFT,411.93,404.7,400.4,402.52,40789968
2023-04-17,MSFT,402.19,406.15,403.29,404.06,16756209
2023-04-18,MSFT,403.96,402.07,400.0,401.06,33343866
2023-04-19,MSFT,400.46,399.45,398.84,399.4,9016625
2023-04-20,MSFT,398.34,401.69,400.52,400.67,7518477
2023-04-21,MSFT,399.08,402.65,398.63,401.3,17983985
2023-04-24,MSFT,401.08,404.55,399.0,400.15,39881583
2023-04-25,MSFT,398.02,387.6,384.87,385.45,47332721
2023-04-26,MSFT,385.93,387.99,384.69,386.68,9840549
2023-04-27,MSFT,386.6,383.06,382.01,382.69,48895104
2023-04-28,MSFT,383.9,384.51,382.0,383.62,41480365
2023-05-01,MSFT,383.47,386.8,383.78,384.23,27291226
2023-05-02,MSFT,383.08,384.11,382.14,383.51,43920877
2023-05-03,MSFT,383.96,386.57,382.71,384.27,35387979
2023-05-04,MSFT,384.2,386.37,383.8,384.47,41631298
2023-05-05,MSFT,382.47,382.57,379.63,381.41,2905549
2023-05-08,MSFT,383.44,364.34,363.98,364.17,38660282
2023-05-09,MSFT,363.06,374.69,371.16,372.95,10664484
2023-05-10,MSFT,371.94,383.99,381.51,382.25,29311281
2023-05-11,MSFT,379.7,375.33,374.42,374.71,15369095
2023-05-12,MSFT,375.39,376.46,375.57,376.32,5356877
2023-05-15,MSFT,375.59,368.89,366.85,367.8,4489993
2023-05-16,MSFT,365.53,362.68,357.97,361.19,20600139
2023-05-17,MSFT,362.45,359.33,358.31,358.52,34145230
2023-05-18,MSFT,358.66,347.23,344.76,346.63,5115339
2023-05-19,MSFT,347.23,334.71,333.08,334.25,22005007
2023-05-22,MSFT,334.88,334.87,333.54,334.04,26023381
2023-05-23,MSFT,334.69,331.2,327.51,330.12,3780317
2023-05-24,MSFT,329.33,324.91,323.42,323.58,40925818
2023-05-25,MSFT,324.46,328.66,325.35,328.01,39449318
2023-05-26,MSFT,329.68,344.88,340.46,344.02,48942873
2023-05-29,MSFT,342.56,343.83,342.92,343.48,18335723
2023-05-30,MSFT,343.97,357.01,351.35,354.15,18999263
2023-05-31,MSFT,353.36,355.84,350.91,354.91,4358830
2023-06-01,MSFT,354.79,359.81,356.6,358.51,41612802
2023-06-02,MSFT,356.53,365.55,358.56,362.24,47916693
2023-06-05,MSFT,361.53,358.11,355.3,356.35,18500647
2023-06-06,MSFT,357.26,354.24,347.64,350.08,40088464
2023-06-07,MSFT,349.42,346.53,344.29,344.49,7310807
2023-06-08,MSFT,344.71,336.16,334.69,335.34,43913320
2023-06-09,MSFT,335.85,338.84,337.96,338.56,31982439
2023-06-12,MSFT,339.64,346.11,341.53,343.54,19777059
2023-06-13,MSFT,345.03,350.07,347.57,348.95,41802168
2023-06-14,MSFT,348.46,350.1,349.85,350.02,22551323
2023-06-15,MSFT,350.89,353.29,347.94,349.49,30415455
2023-06-16,MSFT,348.67,351.18,347.77,349.8,41822578
2023-06-19,MSFT,351.15,340.42,339.58,339.7,13806323
2023-06-20,MSFT,338.86,344.84,340.7,343.6,10039496
2023-06-21,MSFT,344.1,346.32,344.2,345.29,35743609
2023-06-22,MSFT,343.24,338.64,335.11,337.06,27141675
2023-06-23,MSFT,337.69,338.04,334.7,337.86,43346099
2023-06-26,MSFT,339.05,343.09,341.22,342.75,39465321
2023-06-27,MSFT,342.83,333.05,328.35,331.14,15133192
2023-06-28,MSFT,332.32,333.05,330.61,331.67,3886218
2023-06-29,MSFT,331.6,336.92,334.94,335.99,6848221
2023-06-30,MSFT,335.96,331.99,327.48,329.65,43267754
2023-07-03,MSFT,330.34,331.26,330.26,330.83,36247970
2023-07-04,MSFT,331.07,328.79,325.65,326.86,19234872
2023-07-05,MSFT,327.58,327.13,326.01,326.05,35862596
2023-07-06,MSFT,325.83,329.71,325.21,326.51,47617521
2023-07-07,MSFT,327.13,329.72,326.53,328.56,1188968
2023-07-10,MSFT,328.86,323.2,320.56,322.33,33183633
2023-07-11,MSFT,322.92,314.21,309.49,313.33,30204740
2023-07-12,MSFT,313.74,320.18,317.99,318.37,3212468
2023-07-13,MSFT,319.03,312.18,308.86,311.02,4410796
2023-07-14,MSFT,312.11,309.73,306.59,308.59,28842976
2023-07-17,MSFT,309.55,301.49,299.92,300.89,9983584
2023-07-18,MSFT,301.39,305.79,300.67,303.44,29069282
2023-07-19,MSFT,304.81,310.29,306.55,307.92,27922365
2023-07-20,MSFT,308.1,312.31,310.6,312.02,41826806
2023-07-21,MSFT,311.64,314.77,312.83,313.79,20499724
2023-07-24,MSFT,313.85,322.76,318.72,320.02,7906976
2023-07-25,MSFT,319.44,323.67,320.11,321.5,28642949
2023-07-26,MSFT,321.09,324.2,321.32,322.6,39129431
2023-07-27,MSFT,321.56,322.33,320.9,321.56,10899173
2023-07-28,MSFT,321.17,331.32,330.07,331.01,8084153
2023-07-31,MSFT,330.96,337.89,335.77,336.39,7193883
2023-08-01,MSFT,336.42,346.58,342.12,344.86,8525822
2023-08-02,MSFT,344.24,353.22,350.62,351.99,5029726
2023-08-03,MSFT,352.7,362.95,361.5,362.51,12869983
2023-08-04,MSFT,362.47,362.66,362.08,362.29,6966473
2023-08-07,MSFT,361.65,372.65,368.77,371.12,15286987
2023-08-08,MSFT,371.41,377.37,374.51,376.23,40580123
2023-08-09,MSFT,375.97,374.96,370.84,373.2,42615177
2023-08-10,MSFT,376.09,374.73,372.71,374.69,16122321
2023-08-11,MSFT,374.74,370.07,368.0,369.85,26455652
2023-08-14,MSFT,370.16,377.25,371.48,374.74,15576952
2023-08-15,MSFT,374.68,375.94,371.15,373.3,47885620
2023-08-16,MSFT,375.95,375.42,374.05,374.77,17964150
2023-08-17,MSFT,373.98,375.12,371.47,372.21,37228818
2023-08-18,MSFT,372.38,372.82,367.46,371.78,7398322
2023-08-21,MSFT,371.37,369.64,365.92,368.31,39280728
2023-08-22,MSFT,367.44,368.88,365.7,365.88,40362565
2023-08-23,MSFT,365.93,357.48,355.12,356.5,41982905
2023-08-24,MSFT,357.72,349.95,345.39,348.4,15105030
2023-08-25,MSFT,349.76,358.3,354.73,355.78,48752525
2023-08-28,MSFT,355.89,352.3,350.9,351.2,32998702
2023-08-29,MSFT,352.62,353.32,352.7,353.32,13778638
2023-08-30,MSFT,351.88,352.8,352.22,352.42,44193386
2023-08-31,MSFT,352.71,351.12,344.02,346.88,16102623
2023-09-01,MSFT,347.13,353.27,349.29,352.62,47993309
2023-09-04,MSFT,352.65,362.25,357.6,360.38,2875300
2023-09-05,MSFT,358.13,358.62,357.94,358.33,40864046
2023-09-06,MSFT,357.27,359.17,355.17,357.58,31234958
2023-09-07,MSFT,357.5,366.55,365.1,365.42,10715716
2023-09-08,MSFT,366.89,373.43,371.73,372.44,15753742
2023-09-11,MSFT,371.11,369.81,366.74,369.56,41021996
2023-09-12,MSFT,369.79,366.54,364.1,365.46,12060677
2023-09-13,MSFT,367.08,369.05,366.1,366.29,1818666
2023-09-14,MSFT,365.92,360.12,358.0,358.71,3477979
2023-09-15,MSFT,359.54,362.3,358.58,360.62,13234429
2023-09-18,MSFT,361.12,358.39,356.63,356.98,18844175
2023-09-19,MSFT,355.66,360.05,359.2,359.66,42091909
2023-09-20,MSFT,359.11,362.29,360.02,360.98,22225013
2023-09-21,MSFT,360.72,372.81,370.64,371.07,35345037
2023-09-22,MSFT,372.32,373.44,370.69,370.98,18474710
2023-09-25,MSFT,369.61,368.68,367.3,367.36,13692070
2023-09-26,MSFT,366.48,364.91,360.25,362.13,20184797
2023-09-27,MSFT,360.45,359.81,358.1,359.65,20839917
2023-09-28,MSFT,361.72,365.15,363.57,364.09,6766380
2023-09-29,MSFT,363.36,369.69,366.36,367.62,30439797
2023-10-02,MSFT,368.6,366.79,365.41,365.53,30459281
2023-10-03,MSFT,366.11,373.68,370.28,371.08,21796167
2023-10-04,MSFT,371.97,372.46,366.56,367.64,13183820
2023-10-05,MSFT,369.26,374.13,372.14,373.11,44703833
2023-10-06,MSFT,371.74,379.71,374.64,377.18,7739414
2023-10-09,MSFT,379.16,375.53,372.93,373.46,45736598
2023-10-10,MSFT,374.0,373.56,367.63,370.3,22795473
2023-10-11,MSFT,371.17,360.98,358.16,358.46,22894381
2023-10-12,MSFT,357.62,357.14,354.35,355.98,1066069
2023-10-13,MSFT,354.68,353.6,351.57,352.65,32096037
2023-10-16,MSFT,353.72,354.98,352.12,353.02,22823352
2023-10-17,MSFT,351.34,354.39,351.79,353.33,40099586
2023-10-18,MSFT,354.64,360.79,357.12,360.19,8235769
2023-10-19,MSFT,360.67,366.36,364.43,365.88,31916585
2023-10-20,MSFT,366.92,369.58,366.64,369.06,14781666
2023-10-23,MSFT,366.64,364.91,360.47,362.64,21579155
2023-10-24,MSFT,362.6,362.45,361.29,362.18,5568650
2023-10-25,MSFT,361.98,360.44,357.81,358.86,42608034
2023-10-26,MSFT,358.04,354.38,350.48,354.22,3849045
2023-10-27,MSFT,355.23,345.96,343.55,344.48,30427408
2023-10-30,MSFT,344.42,347.11,344.28,344.85,29134848
2023-10-31,MSFT,343.84,358.29,355.38,356.29,44965525
2023-11-01,MSFT,356.38,361.7,356.37,359.65,14776150
2023-11-02,MSFT,359.74,362.44,362.18,362.4,41844407
2023-11-03,MSFT,363.29,367.0,363.69,365.5,14677355
2023-11-06,MSFT,365.32,354.86,351.31,354.02,19384988
2023-11-07,MSFT,352.78,353.72,350.1,351.1,1756028
2023-11-08,MSFT,352.71,352.09,350.11,351.45,3291183
2023-11-09,MSFT,351.34,348.8,347.16,347.58,26284206
2023-11-10,MSFT,345.81,354.37,348.57,352.86,6376535
2023-11-13,MSFT,353.05,355.16,350.68,354.24,2840123
2023-11-14,MSFT,353.47,357.26,355.43,356.78,36846615
2023-11-15,MSFT,357.15,359.22,357.53,358.73,42501983
2023-11-16,MSFT,357.43,364.93,363.78,364.88,27016957
2023-11-17,MSFT,365.17,374.64,371.51,373.19,13599740
2023-11-20,MSFT,374.03,381.87,376.75,377.83,20004051
2023-11-21,MSFT,377.47,389.76,384.96,389.71,12292413
2023-11-22,MSFT,390.84,396.87,394.24,396.77,44060217
2023-11-23,MSFT,396.12,401.87,399.03,400.47,25280268
2023-11-24,MSFT,398.32,397.79,395.37,397.17,2081908
2023-11-27,MSFT,397.19,404.69,403.54,404.33,38440582
2023-11-28,MSFT,402.69,395.73,390.26,393.99,3132389
2023-11-29,MSFT,393.94,386.32,381.5,383.97,18264959
2023-11-30,MSFT,384.18,389.88,388.74,389.31,47095309
2023-12-01,MSFT,391.96,403.6,401.42,402.77,38213001
2023-12-04,MSFT,401.61,411.3,409.37,410.32,39292022
2023-12-05,MSFT,411.35,404.08,401.27,403.05,38625611
2023-12-06,MSFT,402.92,404.14,401.97,403.06,23952136
2023-12-07,MSFT,402.93,404.05,400.76,401.07,17422954
2023-12-08,MSFT,401.3,409.44,404.92,409.14,41053165
2023-12-11,MSFT,408.62,416.25,413.67,416.04,39081534
2023-12-12,MSFT,415.55,415.34,414.36,414.37,16118132
2023-12-13,MSFT,415.04,426.43,422.44,422.45,33493291
2023-12-14,MSFT,422.97,425.13,422.4,423.27,17043024
2023-12-15,MSFT,422.33,429.85,425.1,426.03,21167005
2023-12-18,MSFT,427.04,422.35,420.33,421.38,40664778
2023-12-19,MSFT,422.94,429.11,425.68,428.05,42122172
2023-12-20,MSFT,427.64,433.01,429.49,432.21,19077177
2023-12-21,MSFT,433.01,440.56,434.44,437.38,37187781
2023-12-22,MSFT,438.64,458.25,445.56,450.47,37348615
2023-12-25,MSFT,450.96,435.89,431.5,434.23,47526344
2023-12-26,MSFT,434.06,435.97,433.52,434.78,3109080
2023-12-27,MSFT,433.95,442.7,438.16,441.15,37608458
2023-12-28,MSFT,442.3,440.76,436.48,436.99,18357739
2023-12-29,MSFT,435.8,432.85,431.04,431.44,27277425
2024-01-01,MSFT,432.74,426.55,423.81,425.43,29567566
2024-01-02,MSFT,426.91,428.16,423.19,423.94,17208499
2024-01-03,MSFT,421.4,417.75,416.26,417.68,46174348
2024-01-04,MSFT,418.15,424.66,423.1,424.59,12922780
2024-01-05,MSFT,425.47,435.3,434.02,434.36,31803469
2024-01-08,MSFT,432.84,434.6,431.54,434.2,49151853
2024-01-09,MSFT,432.36,431.97,428.89,431.38,6594944
2024-01-10,MSFT,432.52,432.45,427.59,431.26,30348382
2024-01-11,MSFT,430.17,440.97,433.64,438.08,15299866
2024-01-12,MSFT,439.68,448.3,446.48,447.07,32813848
2024-01-15,MSFT,446.93,448.87,447.65,447.93,43036820
2024-01-16,MSFT,448.18,452.86,449.5,450.56,32177248
2024-01-17,MSFT,451.38,456.84,451.19,453.0,3132674
2024-01-18,MSFT,453.5,459.6,459.09,459.55,13018284
2024-01-19,MSFT,462.25,460.41,457.27,458.16,22472353
2024-01-22,MSFT,461.48,451.83,450.67,451.54,48011178
2024-01-23,MSFT,449.77,451.29,447.64,450.47,49648212
2024-01-24,MSFT,452.37,456.29,453.41,454.68,27476604
2024-01-25,MSFT,454.06,447.55,445.69,445.71,48254515
2024-01-26,MSFT,446.78,445.45,441.13,444.37,39414191
2024-01-29,MSFT,445.22,446.33,439.71,443.89,19745740
2024-01-30,MSFT,443.15,441.08,439.23,440.51,23135648
2024-01-31,MSFT,438.21,445.04,440.3,442.46,47268637
2024-02-01,MSFT,441.65,439.83,435.82,439.78,26376448
2024-02-02,MSFT,441.43,443.95,441.3,443.64,46626626
2024-02-05,MSFT,443.87,440.99,439.88,440.78,27249632
2024-02-06,MSFT,441.35,445.69,444.75,444.94,43048547
2024-02-07,MSFT,444.27,443.96,442.78,443.54,20448832
2024-02-08,MSFT,444.86,442.45,437.67,441.71,28346291
2024-02-09,MSFT,444.28,441.78,439.49,440.85,11607615
2024-02-12,MSFT,443.76,430.82,426.74,428.97,29460201
2024-02-13,MSFT,427.99,427.65,426.39,427.35,2728478
2024-02-14,MSFT,428.4,433.5,427.35,430.18,41267394
2024-02-15,MSFT,430.19,436.42,432.71,433.71,8378990
2024-02-16,MSFT,434.3,431.59,430.73,430.87,5818454
2024-02-19,MSFT,430.83,433.7,429.93,430.5,44525406
2024-02-20,MSFT,431.04,428.58,424.06,427.5,45015020
2024-02-21,MSFT,427.18,441.37,439.9,440.03,45662726
2024-02-22,MSFT,439.14,437.24,432.09,432.93,1853037
2024-02-23,MSFT,434.3,427.74,422.98,427.61,40205719
2024-02-26,MSFT,428.24,431.3,428.28,430.36,42616794
2024-02-27,MSFT,433.14,437.81,434.87,435.59,42861602
2024-02-28,MSFT,436.12,437.31,435.03,435.48,33057970
2024-02-29,MSFT,436.37,440.22,435.38,436.23,11175185
2024-03-01,MSFT,436.05,454.53,447.14,451.83,23355837
2024-03-04,MSFT,451.22,439.0,435.87,436.05,33195971
2024-03-05,MSFT,436.38,441.71,438.3,440.8,11074426
2024-03-06,MSFT,440.12,446.66,443.79,445.5,3513410
2024-03-07,MSFT,443.56,444.73,442.06,444.12,34218026
2024-03-08,MSFT,442.51,453.46,446.48,452.05,21439472
2024-03-11,MSFT,450.99,455.67,452.62,455.37,21316014
2024-03-12,MSFT,456.21,447.43,446.65,446.85,39372992
2024-03-13,MSFT,446.45,447.64,441.72,443.14,6004148
2024-03-14,MSFT,441.61,438.7,432.94,436.28,42086073
2024-03-15,MSFT,438.69,439.14,437.26,438.32,48439402
2024-03-18,MSFT,439.25,431.74,430.09,431.65,10110138
2024-03-19,MSFT,430.38,428.53,423.91,427.55,8812041
2024-03-20,MSFT,427.88,427.07,423.1,425.42,17540687
2024-03-21,MSFT,424.31,426.93,426.47,426.82,43519904
2024-03-22,MSFT,427.64,428.54,425.68,428.46,27565928
2024-03-25,MSFT,428.24,424.17,422.49,422.87,42962482
2024-03-26,MSFT,424.63,427.72,420.7,421.78,34915113
2024-03-27,MSFT,422.58,407.8,405.13,407.41,14588157
2024-03-28,MSFT,408.51,409.21,408.15,409.16,26184808
2024-03-29,MSFT,410.73,405.9,404.46,405.07,3922561
2024-04-01,MSFT,404.37,409.78,405.85,408.19,45703479
2024-04-02,MSFT,406.86,408.26,404.06,406.72,6072832
2024-04-03,MSFT,405.95,409.03,402.96,405.58,25101751
2024-04-04,MSFT,404.49,417.04,414.72,416.13,46513258
2024-04-05,MSFT,416.41,409.83,405.72,407.5,5483699
2024-04-08,MSFT,408.58,409.86,408.07,409.22,35776801
2024-04-09,MSFT,408.0,405.96,401.4,403.07,32553914
2024-04-10,MSFT,401.16,398.63,395.41,396.07,15638076
2024-04-11,MSFT,395.87,388.81,386.34,388.02,11968437
2024-04-12,MSFT,389.58,392.22,386.75,388.35,32819286
2024-04-15,MSFT,387.09,394.19,391.62,393.36,24686657
2024-04-16,MSFT,394.36,408.12,406.11,407.96,34662677
2024-04-17,MSFT,406.64,410.88,407.91,408.97,11692722
2024-04-18,MSFT,410.69,403.2,401.44,402.32,28735600
2024-04-19,MSFT,402.17,391.54,385.47,387.03,30358891
2024-04-22,MSFT,389.4,390.78,387.95,389.14,2916890
2024-04-23,MSFT,388.46,394.03,392.71,393.8,25618647
2024-04-24,MSFT,391.15,407.13,398.69,405.1,3025468
2024-04-25,MSFT,406.62,405.47,405.09,405.13,25152909
2024-04-26,MSFT,405.21,409.45,403.85,406.35,34918308
2024-04-29,MSFT,404.21,411.64,407.8,409.15,6801073
2024-04-30,MSFT,407.19,406.31,400.47,403.54,25403180
2024-05-01,MSFT,405.19,395.43,393.06,393.93,6271038
2024-05-02,MSFT,396.31,401.47,398.94,399.83,23325392
2024-05-03,MSFT,397.91,400.91,399.95,400.82,46019866
2024-05-06,MSFT,397.88,398.47,392.17,395.22,42398864
2024-05-07,MSFT,394.85,391.7,389.76,390.38,12340425
2024-05-08,MSFT,390.05,405.71,400.86,401.15,15450302
2024-05-09,MSFT,400.97,399.77,398.28,398.59,39370614
2024-05-10,MSFT,400.33,397.29,391.4,392.71,25823217
2024-05-13,MSFT,391.78,403.64,400.76,401.75,24599111
2024-05-14,MSFT,401.9,395.01,391.59,394.93,42225334
2024-05-15,MSFT,395.16,395.44,393.02,393.16,46771341
2024-05-16,MSFT,392.92,378.23,376.1,377.55,37335635
2024-05-17,MSFT,377.99,379.59,377.88,378.31,30472604
2024-05-20,MSFT,378.4,379.28,378.87,379.06,38210530
2024-05-21,MSFT,378.6,375.83,373.29,373.46,36231765
2024-05-22,MSFT,373.56,375.17,371.18,372.85,20975308
2024-05-23,MSFT,373.85,379.02,376.39,378.57,2113395
2024-05-24,MSFT,379.0,359.18,357.14,357.93,24075939
2024-05-27,MSFT,358.79,366.1,365.36,366.05,34538715
2024-05-28,MSFT,365.68,365.19,364.12,364.73,41318779
2024-05-29,MSFT,366.72,363.98,360.53,361.95,5187417
2024-05-30,MSFT,361.01,365.83,358.47,363.12,10842918
2024-05-31,MSFT,363.52,356.54,354.84,356.43,34765889
2024-06-03,MSFT,354.66,364.76,362.83,363.05,5316296
2024-06-04,MSFT,361.91,358.54,356.26,358.43,36370784
2024-06-05,MSFT,358.25,359.61,358.44,359.39,5044669
2024-06-06,MSFT,359.93,361.17,358.89,360.35,39443318
2024-06-07,MSFT,361.53,368.99,366.45,368.94,32961090
2024-06-10,MSFT,369.35,365.5,362.8,364.1,30745584
2024-06-11,MSFT,364.45,358.0,353.46,356.8,39900789
2024-06-12,MSFT,355.29,351.03,346.57,347.47,26694264
2024-06-13,MSFT,346.77,349.92,346.01,348.16,28872299
2024-06-14,MSFT,348.44,349.93,347.2,348.23,1913210
2024-06-17,MSFT,348.46,355.85,352.7,353.44,23045135
2024-06-18,MSFT,356.33,352.34,351.1,352.1,19534563
2024-06-19,MSFT,351.09,361.88,358.96,359.91,38978127
2024-06-20,MSFT,361.08,363.25,359.77,360.64,15010550
2024-06-21,MSFT,361.04,349.61,345.9,348.04,19519207
2024-06-24,MSFT,346.85,353.28,351.81,352.23,22956915
2024-06-25,MSFT,352.91,354.19,351.56,352.4,48021407
2024-06-26,MSFT,353.12,359.44,355.82,358.61,31814790
2024-06-27,MSFT,358.04,360.59,359.24,360.08,17110398
2024-06-28,MSFT,360.7,354.37,351.65,353.31,33838711
2024-07-01,MSFT,352.45,358.98,356.12,356.72,49551629
2024-07-02,MSFT,356.75,360.84,358.21,358.34,31209440
2024-07-03,MSFT,360.4,358.84,356.59,358.38,14485065
2024-07-04,MSFT,358.25,362.13,361.51,361.7,2422846
2024-07-05,MSFT,361.77,359.89,358.54,359.66,34288125
2024-07-08,MSFT,359.21,362.19,359.01,360.46,2600465
2024-07-09,MSFT,359.53,354.75,353.03,353.93,35080120
2024-07-10,MSFT,353.87,361.14,357.19,357.61,34707868
2024-07-11,MSFT,358.67,355.1,354.22,354.23,3109146
2024-07-12,MSFT,354.9,357.41,353.7,356.99,39794002
2024-07-15,MSFT,356.98,347.49,346.96,347.21,49484854
2024-07-16,MSFT,349.93,348.12,347.3,347.49,7434450
2024-07-17,MSFT,348.18,347.77,343.22,345.66,23741541
2024-07-18,MSFT,347.04,341.4,338.32,339.1,24724191
2024-07-19,MSFT,338.34,334.78,329.68,334.08,27936073
2024-07-22,MSFT,333.34,334.13,328.77,332.48,46310671
2024-07-23,MSFT,332.69,335.7,334.09,334.96,21626405
2024-07-24,MSFT,333.54,334.71,328.8,330.88,29215001
2024-07-25,MSFT,333.59,336.34,331.57,334.57,2874368
2024-07-26,MSFT,332.32,339.37,334.57,336.3,8645695
2024-07-29,MSFT,334.8,329.43,328.33,329.23,13572633
2024-07-30,MSFT,328.6,321.17,319.38,320.66,11106783
2024-07-31,MSFT,320.54,324.54,323.17,324.08,45005319
2024-08-01,MSFT,323.67,324.76,323.04,323.96,22101255
2024-08-02,MSFT,323.67,324.04,320.75,322.32,18433199
2024-08-05,MSFT,322.32,316.32,314.67,315.86,15913481
2024-08-06,MSFT,315.99,320.55,318.99,319.66,47365539
2024-08-07,MSFT,320.05,328.45,324.84,325.93,20332682
2024-08-08,MSFT,324.67,334.64,333.62,334.06,29186577
2024-08-09,MSFT,333.26,340.6,337.43,337.93,3511527
2024-08-12,MSFT,336.68,341.11,336.29,338.38,4306438
2024-08-13,MSFT,338.38,341.14,339.64,340.07,38855121
2024-08-14,MSFT,338.95,343.91,339.4,342.48,40122559
2024-08-15,MSFT,341.12,337.2,332.17,334.17,37108729
2024-08-16,MSFT,333.55,333.44,330.98,332.02,32814804
2024-08-19,MSFT,332.14,343.96,342.64,342.94,27127693
2024-08-20,MSFT,343.09,344.84,341.1,341.42,46154829
2024-08-21,MSFT,340.63,338.96,337.21,338.03,48952157
2024-08-22,MSFT,336.87,339.39,336.5,338.36,23591513
2024-08-23,MSFT,338.22,339.32,337.58,338.99,15428829
2024-08-26,MSFT,340.83,339.07,337.17,337.31,5180916
2024-08-27,MSFT,338.76,332.0,327.51,329.58,26704770
2024-08-28,MSFT,330.71,330.71,327.95,329.42,47577921
2024-08-29,MSFT,328.53,328.76,324.64,324.67,23292927
2024-08-30,MSFT,324.8,324.16,322.24,323.5,3533500
2024-09-02,MSFT,323.06,326.63,322.03,322.91,38997101
2024-09-03,MSFT,323.53,319.56,319.17,319.24,17265097
2024-09-04,MSFT,319.36,323.42,316.79,321.54,10869766
2024-09-05,MSFT,321.21,321.62,318.95,320.56,27566537
2024-09-06,MSFT,322.54,317.04,314.5,315.94,4459942
2024-09-09,MSFT,317.17,320.84,317.92,320.06,17178769
2024-09-10,MSFT,320.35,318.91,316.44,318.47,43105091
2024-09-11,MSFT,317.72,320.08,318.65,318.89,36479288
2024-09-12,MSFT,318.13,323.73,319.06,320.86,38401141
2024-09-13,MSFT,321.72,314.63,312.03,313.25,25939003
2024-09-16,MSFT,313.61,301.75,298.95,300.87,26775907
2024-09-17,MSFT,301.3,305.12,303.34,303.66,26839950
2024-09-18,MSFT,302.62,304.84,304.17,304.24,20603552
2024-09-19,MSFT,304.5,298.6,296.38,297.39,45512146
2024-09-20,MSFT,296.83,297.68,295.08,295.15,48031871
2024-09-23,MSFT,294.77,295.34,290.75,292.78,23134902
2024-09-24,MSFT,293.48,295.06,292.24,293.35,27278324
2024-09-25,MSFT,293.82,295.13,293.79,294.71,31314602
2024-09-26,MSFT,295.07,294.63,291.85,293.28,14220588
2024-09-27,MSFT,293.21,293.76,291.29,291.37,20561409
2024-09-30,MSFT,290.64,288.45,284.29,285.08,3307631
2024-10-01,MSFT,284.69,284.05,282.76,282.88,30581245
2024-10-02,MSFT,282.78,283.44,280.19,281.42,35766151
2024-10-03,MSFT,280.82,284.61,282.09,282.85,37332651
2024-10-04,MSFT,281.35,281.05,278.73,280.16,42251069
2024-10-07,MSFT,280.57,281.85,281.12,281.75,27689583
2024-10-08,MSFT,283.2,280.46,279.74,279.83,29337541
2024-10-09,MSFT,278.55,282.34,281.83,282.14,22435381
2024-10-10,MSFT,283.0,274.85,272.64,274.38,42407084
2024-10-11,MSFT,273.63,277.66,276.0,276.86,49367174
2024-10-14,MSFT,277.35,279.86,278.42,278.86,19045413
2024-10-15,MSFT,276.67,273.54,272.61,273.02,31691473
2024-10-16,MSFT,272.82,273.67,269.7,271.37,33850439
2024-10-17,MSFT,271.02,268.53,267.67,267.82,7612499
2024-10-18,MSFT,268.86,269.68,265.18,268.06,35954964
2024-10-21,MSFT,267.22,265.32,263.62,264.79,2698687
2024-10-22,MSFT,265.33,268.67,265.89,268.46,19712741
2024-10-23,MSFT,267.17,262.45,261.4,262.21,47397382
2024-10-24,MSFT,261.48,264.35,262.75,263.46,22951392
2024-10-25,MSFT,264.15,263.3,261.54,262.49,16028289
2024-10-28,MSFT,261.4,260.9,259.24,259.52,42458743
2024-10-29,MSFT,259.94,261.61,259.76,259.77,7186447
2024-10-30,MSFT,259.77,265.98,261.39,264.55,28925855
2024-10-31,MSFT,266.01,264.52,260.88,262.05,6366530
2024-11-01,MSFT,262.41,270.44,267.98,269.38,36398746
2024-11-04,MSFT,270.59,269.21,268.37,268.85,46294734
2024-11-05,MSFT,267.44,272.41,270.36,271.37,8519281
2024-11-06,MSFT,271.55,271.06,267.78,270.17,46529958
2024-11-07,MSFT,270.01,269.61,267.55,268.67,21985239
2024-11-08,MSFT,267.46,274.45,271.54,272.85,33301749
2024-11-11,MSFT,272.0,274.03,270.74,272.48,7295332
2024-11-12,MSFT,273.57,278.77,274.51,275.39,30256825
2024-11-13,MSFT,274.93,278.4,277.43,277.63,40611836
2024-11-14,MSFT,278.69,282.62,280.9,282.1,38725416
2024-11-15,MSFT,282.7,290.67,288.91,288.98,41721468
2024-11-18,MSFT,288.83,283.08,282.46,283.04,41512863
2024-11-19,MSFT,283.54,284.0,280.32,280.97,27348086
2024-11-20,MSFT,281.1,275.54,272.67,273.53,3637842
2024-11-21,MSFT,271.99,278.32,277.02,278.25,47318507
2024-11-22,MSFT,277.55,288.11,287.56,287.85,49948105
2024-11-25,MSFT,288.16,287.26,285.27,286.9,4287098
2024-11-26,MSFT,286.44,281.2,279.92,280.51,42947220
2024-11-27,MSFT,279.56,281.03,280.64,280.9,24630192
2024-11-28,MSFT,279.28,282.16,279.61,281.32,16636507
2024-11-29,MSFT,280.64,284.46,282.78,284.23,6472187
2023-01-02,GOOGL,139.93,137.53,137.05,137.25,25085398
2023-01-03,GOOGL,137.86,134.86,133.99,134.61,23526201
2023-01-04,GOOGL,135.39,136.16,135.68,135.99,36320249
2023-01-05,GOOGL,135.92,137.43,137.18,137.37,14483570
2023-01-06,GOOGL,137.18,135.87,135.41,135.45,14303092
2023-01-09,GOOGL,135.65,137.48,136.84,137.02,28695284
2023-01-10,GOOGL,136.68,128.08,127.07,127.52,44404233
2023-01-11,GOOGL,127.29,130.23,129.47,129.64,42026079
2023-01-12,GOOGL,129.35,129.97,128.04,129.56,31699045
2023-01-13,GOOGL,128.98,128.72,126.81,127.12,7447270
2023-01-16,GOOGL,126.47,126.26,125.81,125.97,24494002
2023-01-17,GOOGL,126.23,128.36,126.15,126.83,15586032
2023-01-18,GOOGL,126.4,126.03,125.53,125.68,14779693
2023-01-19,GOOGL,125.42,126.65,125.15,126.23,20890866
2023-01-20,GOOGL,126.57,128.84,126.16,126.59,29352778
2023-01-23,GOOGL,126.66,126.23,125.65,125.9,32687829
2023-01-24,GOOGL,126.05,124.75,123.44,124.39,7256369
2023-01-25,GOOGL,124.2,125.19,124.08,124.66,41397263
2023-01-26,GOOGL,125.02,127.12,125.86,126.5,21923509
2023-01-27,GOOGL,125.95,124.07,122.69,123.54,14554459
2023-01-30,GOOGL,123.26,121.95,121.24,121.27,43451507
2023-01-31,GOOGL,120.99,126.79,126.34,126.62,1410762
2023-02-01,GOOGL,126.01,125.35,124.45,124.9,36905030
2023-02-02,GOOGL,124.94,125.46,124.28,125.25,32251960
2023-02-03,GOOGL,124.73,129.71,127.69,128.16,10538651
2023-02-06,GOOGL,127.98,127.49,126.15,126.61,7590815
2023-02-07,GOOGL,126.28,132.11,130.25,130.61,40383836
2023-02-08,GOOGL,130.43,127.13,125.29,126.43,36239228
2023-02-09,GOOGL,126.14,125.74,124.56,124.66,31850924
2023-02-10,GOOGL,124.7,126.95,125.39,126.62,9744243
2023-02-13,GOOGL,126.58,126.86,125.77,125.78,46679761
2023-02-14,GOOGL,125.98,127.51,126.78,127.1,37005947
2023-02-15,GOOGL,127.47,128.63,128.41,128.58,35832456
2023-02-16,GOOGL,128.87,125.96,124.13,125.96,37207130
2023-02-17,GOOGL,126.86,124.27,123.81,124.19,46295767
2023-02-20,GOOGL,123.92,121.11,120.46,120.6,49372154
2023-02-21,GOOGL,120.8,120.77,120.09,120.24,21785576
2023-02-22,GOOGL,119.98,119.24,117.1,118.1,30855005
2023-02-23,GOOGL,118.45,120.25,119.2,119.93,19903919
2023-02-24,GOOGL,120.26,121.22,120.69,120.84,15069145
2023-02-27,GOOGL,120.16,120.73,120.36,120.53,45922416
2023-02-28,GOOGL,120.97,119.4,117.76,118.57,1534938
2023-03-01,GOOGL,118.46,118.43,117.37,118.19,17784115
2023-03-02,GOOGL,118.6,123.45,122.32,123.03,40012448
2023-03-03,GOOGL,123.77,126.12,124.62,125.75,13866567
2023-03-06,GOOGL,125.77,125.21,124.38,124.67,11974914
2023-03-07,GOOGL,125.1,125.97,125.11,125.13,38579243
2023-03-08,GOOGL,124.88,124.24,123.26,124.17,28780980
2023-03-09,GOOGL,123.78,123.79,122.96,123.4,35677495
2023-03-10,GOOGL,123.57,122.95,121.94,122.44,33644731
2023-03-13,GOOGL,122.64,122.19,121.75,121.98,20442555
2023-03-14,GOOGL,121.92,122.65,121.95,122.28,32303341
2023-03-15,GOOGL,122.64,120.74,120.04,120.09,11193188
2023-03-16,GOOGL,120.74,119.38,118.58,119.22,37119241
2023-03-17,GOOGL,119.51,119.83,118.39,118.66,5486177
2023-03-20,GOOGL,117.73,120.25,119.3,119.71,40366890
2023-03-21,GOOGL,119.52,120.2,119.26,120.07,4419795
2023-03-22,GOOGL,119.5,117.82,115.88,117.45,4763490
2023-03-23,GOOGL,117.71,114.56,113.4,114.53,17093991
2023-03-24,GOOGL,114.49,114.51,113.46,113.72,49227211
2023-03-27,GOOGL,113.48,113.89,113.43,113.77,3365676
2023-03-28,GOOGL,113.81,114.27,113.47,113.59,49962206
2023-03-29,GOOGL,113.6,116.89,115.29,115.99,6818502
2023-03-30,GOOGL,115.77,112.97,111.79,112.67,26196086
2023-03-31,GOOGL,112.57,111.02,110.48,110.99,10805640
2023-04-03,GOOGL,111.28,106.6,106.18,106.3,7641208
2023-04-04,GOOGL,106.12,102.77,102.12,102.61,36684117
2023-04-05,GOOGL,102.17,102.03,101.24,101.83,19715299
2023-04-06,GOOGL,101.79,101.88,101.27,101.75,36438592
2023-04-07,GOOGL,101.95,101.72,101.62,101.66,17292561
2023-04-10,GOOGL,101.82,103.3,102.62,102.73,35200574
2023-04-11,GOOGL,102.79,101.07,100.62,100.8,17361224
2023-04-12,GOOGL,100.51,98.79,98.62,98.78,32069503
2023-04-13,GOOGL,98.7,96.2,94.78,95.94,48977284
2023-04-14,GOOGL,95.87,97.19,96.79,96.84,49463745
2023-04-17,GOOGL,96.78,99.3,97.98,98.62,45987012
2023-04-18,GOOGL,98.88,95.26,94.28,94.61,48688005
2023-04-19,GOOGL,94.04,94.25,93.79,94.11,3633888
2023-04-20,GOOGL,94.05,92.86,92.58,92.8,27103944
2023-04-21,GOOGL,92.48,94.99,94.38,94.46,16692443
2023-04-24,GOOGL,94.49,92.8,91.77,92.27,36101097
2023-04-25,GOOGL,92.04,92.7,92.21,92.66,18105710
2023-04-26,GOOGL,93.24,94.99,94.5,94.53,30422298
2023-04-27,GOOGL,94.49,94.7,94.43,94.63,44355581
2023-04-28,GOOGL,94.47,94.18,93.52,94.08,26053929
2023-05-01,GOOGL,94.05,91.48,91.25,91.29,36527560
2023-05-02,GOOGL,91.57,90.14,89.15,89.82,30910560
2023-05-03,GOOGL,89.71,91.48,90.16,90.88,30733890
2023-05-04,GOOGL,90.32,88.33,87.71,87.85,17777539
2023-05-05,GOOGL,87.66,86.13,85.71,86.09,15340655
2023-05-08,GOOGL,86.19,90.02,88.73,89.21,8465837
2023-05-09,GOOGL,89.21,91.84,91.1,91.4,45784207
2023-05-10,GOOGL,91.62,90.52,90.37,90.51,5170386
2023-05-11,GOOGL,90.58,93.49,92.76,93.29,25216931
2023-05-12,GOOGL,93.0,93.09,92.65,93.04,6309236
2023-05-15,GOOGL,93.38,91.43,90.79,91.18,24022223
2023-05-16,GOOGL,91.12,91.63,90.95,91.39,23213913
2023-05-17,GOOGL,91.55,90.86,90.52,90.82,1086870
2023-05-18,GOOGL,90.68,88.35,87.99,88.28,2847495
2023-05-19,GOOGL,88.95,88.86,88.53,88.67,32063101
2023-05-22,GOOGL,88.81,91.21,90.94,90.98,46931583
2023-05-23,GOOGL,90.62,92.23,91.8,91.83,6116622
2023-05-24,GOOGL,92.2,93.18,92.34,92.66,12496965
2023-05-25,GOOGL,92.67,92.85,92.17,92.29,32234564
2023-05-26,GOOGL,92.09,91.3,90.11,90.86,13702063
2023-05-29,GOOGL,90.64,95.36,94.09,94.65,34804930
2023-05-30,GOOGL,94.41,95.44,95.06,95.15,49274233
2023-05-31,GOOGL,95.14,95.12,94.12,95.06,11137341
2023-06-01,GOOGL,94.5,95.88,94.59,94.7,1098472
2023-06-02,GOOGL,94.71,95.36,94.68,94.98,41232036
2023-06-05,GOOGL,95.14,96.68,95.94,96.23,48619780
2023-06-06,GOOGL,96.52,99.44,98.35,99.18,38271799
2023-06-07,GOOGL,98.39,98.36,97.83,97.97,25534528
2023-06-08,GOOGL,98.2,97.8,97.37,97.58,5197489
2023-06-09,GOOGL,97.67,96.44,95.18,95.91,29415920
2023-06-12,GOOGL,95.75,97.39,97.2,97.3,40637330
2023-06-13,GOOGL,96.97,95.42,94.63,95.09,40823793
2023-06-14,GOOGL,94.8,92.57,91.48,92.05,4709029
2023-06-15,GOOGL,92.21,90.77,89.85,90.27,11402250
2023-06-16,GOOGL,90.08,95.06,95.02,95.05,2667862
2023-06-19,GOOGL,95.21,93.88,93.23,93.63,24418639
2023-06-20,GOOGL,93.75,92.65,92.24,92.38,23693953
2023-06-21,GOOGL,92.62,91.36,90.64,90.89,46502785
2023-06-22,GOOGL,90.5,92.52,91.8,91.97,24148471
2023-06-23,GOOGL,91.96,90.02,89.52,89.72,19927994
2023-06-26,GOOGL,90.06,89.57,88.93,89.27,13487241
2023-06-27,GOOGL,89.24,91.29,90.6,90.9,23693352
2023-06-28,GOOGL,90.71,90.89,90.24,90.57,30318179
2023-06-29,GOOGL,90.3,89.88,87.75,88.61,24116061
2023-06-30,GOOGL,88.88,87.64,87.32,87.49,34146354
2023-07-03,GOOGL,87.33,87.45,86.31,87.05,4013965
2023-07-04,GOOGL,87.14,90.83,89.87,90.39,10170515
2023-07-05,GOOGL,90.25,90.83,89.95,90.5,42653980
2023-07-06,GOOGL,90.66,90.48,89.89,89.95,21306765
2023-07-07,GOOGL,89.62,90.63,90.07,90.45,39309116
2023-07-10,GOOGL,90.23,89.93,89.48,89.76,5062784
2023-07-11,GOOGL,90.03,88.19,87.48,88.16,18025585
2023-07-12,GOOGL,88.24,86.75,86.1,86.24,8712143
2023-07-13,GOOGL,86.17,85.06,84.53,85.01,44420056
2023-07-14,GOOGL,85.11,88.63,88.35,88.54,39222364
2023-07-17,GOOGL,89.06,87.64,86.45,86.64,47770639
2023-07-18,GOOGL,86.55,88.45,88.39,88.43,18975587
2023-07-19,GOOGL,88.59,88.84,88.32,88.81,12546563
2023-07-20,GOOGL,88.37,88.75,88.13,88.57,46152685
2023-07-21,GOOGL,88.38,88.08,87.36,87.85,7947911
2023-07-24,GOOGL,87.93,86.4,85.89,86.05,45654672
2023-07-25,GOOGL,86.24,89.49,88.53,89.31,5863755
2023-07-26,GOOGL,89.25,89.85,88.69,88.94,4767140
2023-07-27,GOOGL,88.78,90.96,90.55,90.72,15530127
2023-07-28,GOOGL,90.99,89.75,88.65,89.44,11806269
2023-07-31,GOOGL,89.92,88.77,88.37,88.53,27248169
2023-08-01,GOOGL,88.29,89.37,88.95,89.04,39971242
2023-08-02,GOOGL,88.89,87.78,86.93,87.26,20240942
2023-08-03,GOOGL,86.57,88.95,88.54,88.64,14534234
2023-08-04,GOOGL,88.64,89.94,89.41,89.66,20404360
2023-08-07,GOOGL,89.26,91.89,91.44,91.55,9585808
2023-08-08,GOOGL,91.43,91.28,90.56,90.84,32012714
2023-08-09,GOOGL,89.89,89.71,88.81,89.7,5060732
2023-08-10,GOOGL,90.02,91.98,91.5,91.74,44285693
2023-08-11,GOOGL,91.88,91.58,90.85,91.28,10853394
2023-08-14,GOOGL,91.54,87.87,87.57,87.84,19367680
2023-08-15,GOOGL,87.72,87.9,87.54,87.77,44132484
2023-08-16,GOOGL,87.49,86.14,85.75,86.08,22664841
2023-08-17,GOOGL,86.24,87.61,86.95,87.53,35435534
2023-08-18,GOOGL,87.55,88.05,87.04,87.93,14295508
2023-08-21,GOOGL,87.63,87.81,87.64,87.72,35461925
2023-08-22,GOOGL,87.73,86.45,85.72,86.07,10600806
2023-08-23,GOOGL,86.08,84.94,84.78,84.88,22979362
2023-08-24,GOOGL,84.7,83.75,82.78,83.15,43709625
2023-08-25,GOOGL,83.36,81.86,80.8,81.55,12943343
2023-08-28,GOOGL,81.87,81.92,81.64,81.89,49488691
2023-08-29,GOOGL,81.74,85.72,84.48,85.09,43858404
2023-08-30,GOOGL,85.2,86.23,85.45,85.57,32418151
2023-08-31,GOOGL,85.83,87.43,86.77,86.99,28995579
2023-09-01,GOOGL,86.85,84.96,83.75,84.19,12554327
2023-09-04,GOOGL,84.31,83.89,83.38,83.68,14326293
2023-09-05,GOOGL,83.57,84.93,84.51,84.69,45602846
2023-09-06,GOOGL,84.93,86.76,86.3,86.53,36287208
2023-09-07,GOOGL,86.68,85.93,85.24,85.72,43937190
2023-09-08,GOOGL,85.67,86.62,86.02,86.12,3182518
2023-09-11,GOOGL,85.85,85.46,84.63,85.16,5933077
2023-09-12,GOOGL,85.3,83.97,83.51,83.68,14894961
2023-09-13,GOOGL,83.15,85.2,84.39,84.62,26694763
2023-09-14,GOOGL,84.68,86.15,85.95,86.14,32341399
2023-09-15,GOOGL,85.93,88.57,88.09,88.42,31431700
2023-09-18,GOOGL,88.17,89.42,88.77,88.84,3500661
2023-09-19,GOOGL,89.19,88.28,87.59,87.86,19300155
2023-09-20,GOOGL,87.58,87.63,87.06,87.46,40650584
2023-09-21,GOOGL,87.29,89.21,88.78,89.11,22155864
2023-09-22,GOOGL,89.12,87.93,86.34,87.08,17908127
2023-09-25,GOOGL,87.07,91.39,90.79,91.37,28896472
2023-09-26,GOOGL,91.53,93.1,92.19,92.62,41783249
2023-09-27,GOOGL,93.2,94.5,93.0,93.94,1245156
2023-09-28,GOOGL,94.38,94.12,92.56,93.87,14847035
2023-09-29,GOOGL,93.51,91.28,91.02,91.14,30172905
2023-10-02,GOOGL,90.71,92.49,91.86,92.01,32561649
2023-10-03,GOOGL,91.94,91.92,91.7,91.81,29408568
2023-10-04,GOOGL,91.95,89.09,88.45,88.73,11615495
2023-10-05,GOOGL,89.14,88.54,87.82,88.27,14731598
2023-10-06,GOOGL,87.72,88.98,88.24,88.25,41582105
2023-10-09,GOOGL,88.4,88.75,88.09,88.51,14017139
2023-10-10,GOOGL,88.26,89.25,87.86,88.39,13680032
2023-10-11,GOOGL,88.06,91.2,90.53,90.72,16957475
2023-10-12,GOOGL,91.07,89.38,88.64,89.18,29141006
2023-10-13,GOOGL,88.78,90.4,89.92,90.31,2176924
2023-10-16,GOOGL,90.63,91.29,90.65,90.88,18356599
2023-10-17,GOOGL,91.01,91.14,90.48,91.04,8278180
2023-10-18,GOOGL,90.43,90.99,90.42,90.96,5633438
2023-10-19,GOOGL,90.83,90.88,90.57,90.64,49612946
2023-10-20,GOOGL,90.86,85.95,85.63,85.72,31436200
2023-10-23,GOOGL,85.78,87.87,87.61,87.63,25614797
2023-10-24,GOOGL,87.7,88.93,88.54,88.75,43510473
2023-10-25,GOOGL,89.17,91.06,90.02,90.3,41874438
2023-10-26,GOOGL,90.27,89.2,88.55,89.17,16542563
2023-10-27,GOOGL,88.64,91.37,91.14,91.24,15631039
2023-10-30,GOOGL,90.89,91.35,90.84,91.04,3383363
2023-10-31,GOOGL,91.49,90.11,89.77,90.0,16734921
2023-11-01,GOOGL,89.99,91.33,90.51,90.54,10614632
2023-11-02,GOOGL,90.25,90.37,89.45,90.29,34620080
2023-11-03,GOOGL,90.11,91.72,91.46,91.69,25938224
2023-11-06,GOOGL,91.78,92.8,92.11,92.52,48638627
2023-11-07,GOOGL,92.58,91.4,89.99,90.69,18391941
2023-11-08,GOOGL,90.2,94.37,92.69,93.87,44166264
2023-11-09,GOOGL,94.11,93.0,92.3,92.95,19755014
2023-11-10,GOOGL,93.1,98.25,97.45,98.05,36972261
2023-11-13,GOOGL,97.67,98.2,97.53,98.08,25960050
2023-11-14,GOOGL,98.7,96.34,95.5,95.55,1544473
2023-11-15,GOOGL,95.48,95.06,94.5,94.78,49506538
2023-11-16,GOOGL,95.01,97.97,96.77,97.43,17097920
2023-11-17,GOOGL,97.25,96.99,96.1,96.44,42916997
2023-11-20,GOOGL,96.44,96.83,96.23,96.29,8898495
2023-11-21,GOOGL,96.52,96.19,95.46,96.02,20754252
2023-11-22,GOOGL,95.92,96.36,95.79,96.16,24706292
2023-11-23,GOOGL,96.2,94.83,93.97,94.36,9270044
2023-11-24,GOOGL,94.4,93.13,92.88,93.08,12251832
2023-11-27,GOOGL,93.44,93.41,92.69,92.98,20150803
2023-11-28,GOOGL,92.95,93.82,93.43,93.45,34871071
2023-11-29,GOOGL,93.48,96.72,96.0,96.67,20991942
2023-11-30,GOOGL,96.46,96.17,95.61,96.04,1208319
2023-12-01,GOOGL,96.39,98.53,97.54,97.83,11654976
2023-12-04,GOOGL,97.79,99.8,99.42,99.48,6097555
2023-12-05,GOOGL,99.14,103.54,103.44,103.53,35331706
2023-12-06,GOOGL,103.32,102.39,101.48,102.21,49499713
2023-12-07,GOOGL,102.31,99.37,98.63,98.68,23284065
2023-12-08,GOOGL,98.54,101.66,100.87,100.9,6855441
2023-12-11,GOOGL,101.1,102.35,101.54,101.98,26489183
2023-12-12,GOOGL,101.21,101.13,100.44,100.67,9999461
2023-12-13,GOOGL,100.92,100.09,99.69,99.81,23278904
2023-12-14,GOOGL,99.89,103.98,102.68,103.71,8123229
2023-12-15,GOOGL,103.47,103.22,102.51,102.66,48634179
2023-12-18,GOOGL,103.15,105.76,105.55,105.69,33440029
2023-12-19,GOOGL,105.66,105.77,104.42,105.12,18719166
2023-12-20,GOOGL,105.53,103.02,102.24,102.82,17134338
2023-12-21,GOOGL,102.94,104.14,103.84,104.14,49075290
2023-12-22,GOOGL,104.06,104.68,104.36,104.44,6536754
2023-12-25,GOOGL,104.62,105.96,105.35,105.56,33644114
2023-12-26,GOOGL,105.54,103.5,103.15,103.42,20058401
2023-12-27,GOOGL,102.92,102.77,102.04,102.14,31382691
2023-12-28,GOOGL,102.49,104.62,104.33,104.53,36327940
2023-12-29,GOOGL,104.73,104.87,103.66,104.25,21976154
2024-01-01,GOOGL,104.27,106.15,105.83,105.95,6470886
2024-01-02,GOOGL,106.51,101.99,101.68,101.98,8641338
2024-01-03,GOOGL,101.99,106.7,105.07,105.81,36509844
2024-01-04,GOOGL,105.99,107.42,106.46,106.53,35826326
2024-01-05,GOOGL,107.08,104.3,103.27,103.48,2888770
2024-01-08,GOOGL,103.27,105.69,104.36,104.97,26864844
2024-01-09,GOOGL,104.98,104.64,103.22,104.14,45027077
2024-01-10,GOOGL,104.01,105.77,104.64,105.07,37959054
2024-01-11,GOOGL,104.92,104.42,103.24,103.73,23741164
2024-01-12,GOOGL,103.42,107.19,106.32,106.58,30129165
2024-01-15,GOOGL,106.6,107.94,107.87,107.9,43845920
2024-01-16,GOOGL,107.34,108.33,107.04,107.86,48017881
2024-01-17,GOOGL,107.76,103.4,102.77,103.03,23565618
2024-01-18,GOOGL,102.42,105.22,104.86,105.08,46247366
2024-01-19,GOOGL,105.02,104.85,104.13,104.63,6907633
2024-01-22,GOOGL,104.81,105.55,105.07,105.14,9710181
2024-01-23,GOOGL,104.92,102.17,101.51,101.9,10167971
2024-01-24,GOOGL,101.97,103.72,102.89,103.19,46848677
2024-01-25,GOOGL,103.15,103.57,101.81,102.24,2325738
2024-01-26,GOOGL,102.08,101.36,100.04,100.44,32795300
2024-01-29,GOOGL,100.84,103.33,101.91,102.59,29004255
2024-01-30,GOOGL,102.12,102.3,101.35,101.45,10913443
2024-01-31,GOOGL,101.61,102.43,102.03,102.1,15585883
2024-02-01,GOOGL,101.88,103.26,102.83,102.92,34526089
2024-02-02,GOOGL,102.75,102.25,101.46,101.5,25499964
2024-02-05,GOOGL,101.66,102.34,100.52,101.29,18780288
2024-02-06,GOOGL,101.32,101.37,100.5,100.95,25134882
2024-02-07,GOOGL,100.68,101.3,100.46,101.02,49086278
2024-02-08,GOOGL,101.16,100.79,100.36,100.61,46936254
2024-02-09,GOOGL,100.23,96.53,95.76,95.98,1924343
2024-02-12,GOOGL,95.64,95.57,95.45,95.52,22270729
2024-02-13,GOOGL,95.46,97.38,96.85,97.13,5678823
2024-02-14,GOOGL,97.49,97.35,96.93,97.09,39977654
2024-02-15,GOOGL,97.76,99.26,99.01,99.08,23381395
2024-02-16,GOOGL,98.17,99.54,99.26,99.44,21391671
2024-02-19,GOOGL,99.02,102.06,101.06,101.42,38043111
2024-02-20,GOOGL,102.01,101.24,100.14,100.79,17979999
2024-02-21,GOOGL,100.53,101.12,100.62,101.01,46452785
2024-02-22,GOOGL,101.33,100.35,99.29,100.33,41329551
2024-02-23,GOOGL,100.13,101.21,100.02,100.81,2203764
2024-02-26,GOOGL,100.84,100.46,100.0,100.44,15925525
2024-02-27,GOOGL,100.17,100.13,98.92,99.05,20766438
2024-02-28,GOOGL,99.24,99.58,98.67,99.24,6883615
2024-02-29,GOOGL,99.16,100.3,99.11,99.42,3619142
2024-03-01,GOOGL,99.51,101.73,100.68,101.26,10482866
2024-03-04,GOOGL,101.21,101.7,101.41,101.67,19335749
2024-03-05,GOOGL,101.1,103.47,101.38,102.48,28259111
2024-03-06,GOOGL,102.46,100.27,99.66,99.89,5217968
2024-03-07,GOOGL,99.99,100.39,98.98,99.82,37937813
2024-03-08,GOOGL,99.93,101.1,100.2,100.47,14875766
2024-03-11,GOOGL,100.59,96.44,95.87,95.98,25609879
2024-03-12,GOOGL,96.35,90.25,89.36,90.01,5977098
2024-03-13,GOOGL,90.32,93.03,92.49,92.59,10902683
2024-03-14,GOOGL,92.33,91.31,90.54,90.96,33277641
2024-03-15,GOOGL,91.17,90.82,89.58,90.42,12707790
2024-03-18,GOOGL,90.74,89.9,89.3,89.45,46898089
2024-03-19,GOOGL,89.53,88.5,87.7,87.87,39938144
2024-03-20,GOOGL,87.93,87.55,86.88,87.11,32533959
2024-03-21,GOOGL,87.21,85.07,84.42,84.86,39654948
2024-03-22,GOOGL,85.01,83.27,83.17,83.24,33366142
2024-03-25,GOOGL,83.2,84.42,83.57,83.97,11522332
2024-03-26,GOOGL,83.73,86.27,85.15,85.91,42660874
2024-03-27,GOOGL,85.87,89.2,88.69,89.03,22432219
2024-03-28,GOOGL,88.92,91.86,91.65,91.75,49398415
2024-03-29,GOOGL,91.92,91.26,90.38,90.86,12007108
2024-04-01,GOOGL,90.68,91.12,90.39,90.49,46425009
2024-04-02,GOOGL,90.32,89.49,89.17,89.38,43846859
2024-04-03,GOOGL,89.53,87.51,86.35,87.09,9424450
2024-04-04,GOOGL,87.16,89.38,88.25,89.27,39938431
2024-04-05,GOOGL,89.15,90.63,89.58,90.25,28694508
2024-04-08,GOOGL,90.5,89.36,89.2,89.2,24584106
2024-04-09,GOOGL,89.21,89.39,88.07,88.66,7898604
2024-04-10,GOOGL,88.44,91.33,90.05,90.38,21090452
2024-04-11,GOOGL,90.5,93.22,92.27,92.58,6961848
2024-04-12,GOOGL,92.86,91.65,91.06,91.5,34758429
2024-04-15,GOOGL,91.57,91.19,90.29,90.91,20462040
2024-04-16,GOOGL,90.34,91.61,90.38,91.19,43449665
2024-04-17,GOOGL,90.97,92.84,92.52,92.74,40708178
2024-04-18,GOOGL,93.22,93.32,92.44,93.28,27013299
2024-04-19,GOOGL,93.75,94.48,94.41,94.46,18987243
2024-04-22,GOOGL,94.17,93.15,92.55,92.76,29707892
2024-04-23,GOOGL,92.9,94.86,94.29,94.72,38108565
2024-04-24,GOOGL,94.98,94.76,94.28,94.58,9514574
2024-04-25,GOOGL,94.92,94.92,94.68,94.79,38701961
2024-04-26,GOOGL,95.0,94.25,93.44,94.22,35823871
2024-04-29,GOOGL,94.31,95.05,94.25,94.51,29890348
2024-04-30,GOOGL,94.37,96.49,95.67,95.71,49493935
2024-05-01,GOOGL,96.01,98.75,97.77,97.86,23768722
2024-05-02,GOOGL,98.0,94.68,94.0,94.05,47624474
2024-05-03,GOOGL,94.17,94.99,94.64,94.99,40966276
2024-05-06,GOOGL,94.75,96.29,95.67,95.98,19749494
2024-05-07,GOOGL,96.16,97.11,96.75,96.89,37147756
2024-05-08,GOOGL,96.83,95.5,94.53,95.05,12769771
2024-05-09,GOOGL,94.27,96.65,95.92,96.53,9671059
2024-05-10,GOOGL,96.96,94.57,94.15,94.53,22245073
2024-05-13,GOOGL,94.74,94.4,93.61,94.14,23582115
2024-05-14,GOOGL,94.26,92.92,91.81,92.4,14715503
2024-05-15,GOOGL,92.31,92.95,91.82,92.72,26851225
2024-05-16,GOOGL,93.22,95.17,93.98,94.48,28716878
2024-05-17,GOOGL,94.73,91.47,91.23,91.46,33585964
2024-05-20,GOOGL,91.4,89.62,88.51,88.66,5833147
2024-05-21,GOOGL,88.78,89.11,88.1,88.2,2586119
2024-05-22,GOOGL,88.44,87.15,86.81,87.05,22799197
2024-05-23,GOOGL,86.62,85.86,85.71,85.79,1186766
2024-05-24,GOOGL,86.04,87.47,86.13,87.27,6090850
2024-05-27,GOOGL,87.32,88.7,87.7,88.04,14635381
2024-05-28,GOOGL,87.56,89.8,88.92,89.18,42242587
2024-05-29,GOOGL,89.57,88.17,87.36,87.4,23458843
2024-05-30,GOOGL,87.33,87.52,86.44,86.6,1212416
2024-05-31,GOOGL,86.72,87.51,87.04,87.38,36709324
2024-06-03,GOOGL,87.18,87.1,86.02,86.38,38790849
2024-06-04,GOOGL,86.08,87.23,86.24,86.88,44218331
2024-06-05,GOOGL,87.04,88.26,87.86,88.04,15912035
2024-06-06,GOOGL,87.82,88.85,88.26,88.33,2216770
2024-06-07,GOOGL,88.71,88.18,87.44,87.83,5185127
2024-06-10,GOOGL,87.93,88.59,87.47,88.15,9835232
2024-06-11,GOOGL,87.83,87.98,87.01,87.49,26508838
2024-06-12,GOOGL,87.85,91.1,90.27,90.71,16655610
2024-06-13,GOOGL,90.8,89.5,88.6,89.22,14239917
2024-06-14,GOOGL,88.96,88.11,87.37,87.98,44576532
2024-06-17,GOOGL,88.12,88.63,87.99,88.1,3260977
2024-06-18,GOOGL,88.58,88.71,87.71,87.76,6399755
2024-06-19,GOOGL,87.81,87.96,87.55,87.8,29576308
2024-06-20,GOOGL,87.68,89.5,88.96,89.01,46146284
2024-06-21,GOOGL,89.2,85.97,85.57,85.8,30409079
2024-06-24,GOOGL,86.21,86.7,85.49,85.77,33417404
2024-06-25,GOOGL,86.05,85.44,84.75,85.1,6436223
2024-06-26,GOOGL,85.26,87.43,86.56,86.77,32186506
2024-06-27,GOOGL,86.71,87.45,87.2,87.39,32014717
2024-06-28,GOOGL,87.38,85.87,85.53,85.56,16432246
2024-07-01,GOOGL,85.43,85.82,84.59,85.11,22076518
2024-07-02,GOOGL,84.92,85.97,85.18,85.45,27418246
2024-07-03,GOOGL,85.38,87.06,86.46,86.6,24922891
2024-07-04,GOOGL,86.92,84.5,83.92,84.44,22791453
2024-07-05,GOOGL,84.5,86.68,85.06,85.73,15802857
2024-07-08,GOOGL,85.99,84.88,84.0,84.23,34549417
2024-07-09,GOOGL,84.31,84.97,84.91,84.92,14944055
2024-07-10,GOOGL,85.18,86.48,86.04,86.43,12392327
2024-07-11,GOOGL,86.59,89.93,89.41,89.6,14750477
2024-07-12,GOOGL,88.67,91.67,91.31,91.4,36377140
2024-07-15,GOOGL,91.64,93.06,92.36,92.6,22570797
2024-07-16,GOOGL,92.79,93.24,92.08,92.42,31318697
2024-07-17,GOOGL,92.45,88.89,88.2,88.85,49531999
2024-07-18,GOOGL,89.13,89.65,88.36,88.6,22531598
2024-07-19,GOOGL,88.4,88.34,88.29,88.29,10175707
2024-07-22,GOOGL,88.16,87.11,86.44,86.93,39535547
2024-07-23,GOOGL,86.73,87.41,87.13,87.22,7948076
2024-07-24,GOOGL,86.96,88.3,87.74,87.95,45082320
2024-07-25,GOOGL,87.95,88.16,87.36,87.66,46741365
2024-07-26,GOOGL,87.98,90.92,90.26,90.9,27727189
2024-07-29,GOOGL,91.13,91.52,91.47,91.47,25262011
2024-07-30,GOOGL,91.64,90.25,89.38,90.13,24213722
2024-07-31,GOOGL,90.12,88.27,87.93,88.08,28183507
2024-08-01,GOOGL,88.0,86.4,85.61,86.07,18245517
2024-08-02,GOOGL,85.79,90.15,89.36,89.47,49646668
2024-08-05,GOOGL,89.47,90.93,89.28,89.88,22509144
2024-08-06,GOOGL,89.91,92.79,91.43,91.92,37514841
2024-08-07,GOOGL,91.7,90.48,90.25,90.44,36219689
2024-08-08,GOOGL,89.98,90.25,89.75,89.89,25852486
2024-08-09,GOOGL,90.21,89.57,88.57,89.15,28914210
2024-08-12,GOOGL,88.8,88.1,87.5,87.54,15355149
2024-08-13,GOOGL,87.63,87.19,87.03,87.16,42241187
2024-08-14,GOOGL,87.25,87.85,86.37,87.29,22588479
2024-08-15,GOOGL,87.5,85.97,85.02,85.37,11071630
2024-08-16,GOOGL,85.41,85.98,84.8,85.82,4784817
2024-08-19,GOOGL,85.85,87.45,86.58,86.84,32919704
2024-08-20,GOOGL,86.11,86.26,86.03,86.18,48457883
2024-08-21,GOOGL,86.35,85.66,84.61,85.62,40133425
2024-08-22,GOOGL,85.63,86.08,85.59,85.77,7608129
2024-08-23,GOOGL,85.78,87.23,86.41,87.21,27587847
2024-08-26,GOOGL,86.95,88.88,88.3,88.73,13497365
2024-08-27,GOOGL,89.14,91.34,90.58,91.21,8851322
2024-08-28,GOOGL,90.83,89.88,89.54,89.82,47490834
2024-08-29,GOOGL,89.53,90.8,90.11,90.62,47621873
2024-08-30,GOOGL,90.46,94.42,94.12,94.28,28305457
2024-09-02,GOOGL,94.97,95.02,94.6,94.72,15708520
2024-09-03,GOOGL,94.91,92.26,91.44,91.96,1935995
2024-09-04,GOOGL,91.91,92.09,91.26,91.67,9017198
2024-09-05,GOOGL,92.02,91.27,90.3,90.72,7938766
2024-09-06,GOOGL,90.83,89.8,89.36,89.39,28152934
2024-09-09,GOOGL,89.61,90.71,89.9,90.0,44399881
2024-09-10,GOOGL,89.79,90.95,90.56,90.91,30535681
2024-09-11,GOOGL,90.6,92.43,91.45,91.68,40639612
2024-09-12,GOOGL,91.62,94.57,93.69,94.38,45632000
2024-09-13,GOOGL,94.27,96.1,95.93,95.96,8385505
2024-09-16,GOOGL,95.61,96.38,94.46,95.26,12700502
2024-09-17,GOOGL,95.62,97.74,96.44,97.29,49069419
2024-09-18,GOOGL,96.98,95.62,95.34,95.39,35560360
2024-09-19,GOOGL,95.76,95.87,95.07,95.45,10845688
2024-09-20,GOOGL,94.95,95.25,94.96,94.96,29687152
2024-09-23,GOOGL,94.06,97.83,96.02,96.94,12606265
2024-09-24,GOOGL,96.97,98.43,97.44,98.14,9530654
2024-09-25,GOOGL,98.19,95.85,95.54,95.81,16216411
2024-09-26,GOOGL,95.8,96.37,95.35,96.16,3970354
2024-09-27,GOOGL,96.08,95.89,95.13,95.49,15182675
2024-09-30,GOOGL,95.04,97.92,96.54,97.18,24035133
2024-10-01,GOOGL,97.23,99.06,97.94,98.42,5669926
2024-10-02,GOOGL,98.47,96.48,96.04,96.35,28628901
2024-10-03,GOOGL,96.97,94.87,93.39,93.42,5943043
2024-10-04,GOOGL,93.06,96.95,95.99,96.16,8189076
2024-10-07,GOOGL,96.0,93.53,92.4,92.8,8389690
2024-10-08,GOOGL,93.12,93.37,92.82,92.89,32692262
2024-10-09,GOOGL,93.16,92.95,92.12,92.79,15130996
2024-10-10,GOOGL,92.94,91.42,90.37,90.72,2827730
2024-10-11,GOOGL,91.2,91.09,90.3,90.73,39715485
2024-10-14,GOOGL,90.82,91.44,90.7,90.93,40111745
2024-10-15,GOOGL,91.02,89.74,88.99,89.41,10931693
2024-10-16,GOOGL,89.24,89.9,89.34,89.55,27196999
2024-10-17,GOOGL,89.9,91.97,90.63,91.5,37351809
2024-10-18,GOOGL,91.3,88.7,88.05,88.53,10577902
2024-10-21,GOOGL,88.36,88.54,88.03,88.38,43093761
2024-10-22,GOOGL,88.19,90.39,89.88,90.22,14238167
2024-10-23,GOOGL,90.77,90.73,89.98,90.22,20785489
2024-10-24,GOOGL,90.22,90.88,90.71,90.82,11109932
2024-10-25,GOOGL,90.7,92.01,91.11,92.0,15098202
2024-10-28,GOOGL,91.6,92.01,90.95,91.81,38357071
2024-10-29,GOOGL,91.55,92.9,91.16,92.38,44202000
2024-10-30,GOOGL,92.42,93.24,92.29,92.46,1934903
2024-10-31,GOOGL,91.72,92.88,92.19,92.38,20494489
2024-11-01,GOOGL,92.33,92.37,92.25,92.34,23326325
2024-11-04,GOOGL,92.52,92.74,91.91,91.93,14600900
2024-11-05,GOOGL,92.29,90.29,89.71,90.16,35327455
2024-11-06,GOOGL,89.53,90.97,90.69,90.82,5027132
2024-11-07,GOOGL,90.64,87.46,87.01,87.41,24944366
2024-11-08,GOOGL,86.91,86.23,85.7,85.7,39473996
2024-11-11,GOOGL,86.31,85.18,84.89,84.9,17175427
2024-11-12,GOOGL,84.85,85.67,85.34,85.58,28619499
2024-11-13,GOOGL,85.22,88.27,87.66,87.97,3633526
2024-11-14,GOOGL,87.96,87.52,86.87,87.14,31869743
2024-11-15,GOOGL,87.22,88.35,87.51,87.92,25319727
2024-11-18,GOOGL,87.81,87.51,87.06,87.4,31961889
2024-11-19,GOOGL,87.19,88.69,87.94,88.01,31431888
2024-11-20,GOOGL,88.18,85.18,84.13,84.74,43319387
2024-11-21,GOOGL,84.53,84.12,83.12,83.99,3680211
2024-11-22,GOOGL,84.0,84.77,84.05,84.13,23051663
2024-11-25,GOOGL,84.03,84.84,84.34,84.42,17438725
2024-11-26,GOOGL,84.55,86.3,85.61,85.73,42368125
2024-11-27,GOOGL,85.82,84.61,83.97,84.16,4694243
2024-11-28,GOOGL,83.88,88.51,87.88,88.21,20879092
2024-11-29,GOOGL,87.75,91.59,90.65,90.97,33660725
2023-01-02,AMZN,170.14,167.53,165.93,167.15,3452273
2023-01-03,AMZN,167.12,166.61,165.47,165.96,20678749
2023-01-04,AMZN,165.06,170.21,168.37,168.6,7776129
2023-01-05,AMZN,168.67,163.28,162.38,163.22,47740258
2023-01-06,AMZN,162.72,163.85,162.57,163.07,10879501
2023-01-09,AMZN,162.93,165.93,164.29,164.66,36667668
2023-01-10,AMZN,164.68,166.06,164.65,165.83,44727473
2023-01-11,AMZN,165.82,167.65,164.96,166.54,30857813
2023-01-12,AMZN,165.67,165.35,164.81,164.98,10026195
2023-01-13,AMZN,165.65,169.66,168.0,168.97,13878521
2023-01-16,AMZN,168.79,170.81,168.92,169.95,13807711
2023-01-17,AMZN,169.59,170.57,169.33,169.79,6907019
2023-01-18,AMZN,169.15,171.58,170.28,171.52,39801350
2023-01-19,AMZN,171.28,172.21,172.04,172.06,6441259
2023-01-20,AMZN,172.88,173.74,173.13,173.45,28204175
2023-01-23,AMZN,174.1,170.17,169.52,169.81,38505980
2023-01-24,AMZN,170.42,167.15,166.97,167.06,8296704
2023-01-25,AMZN,166.89,166.35,165.03,165.78,37137494
2023-01-26,AMZN,165.85,167.67,167.17,167.17,42479285
2023-01-27,AMZN,167.18,170.49,169.71,170.01,9502781
2023-01-30,AMZN,170.55,171.65,169.75,171.58,32536944
2023-01-31,AMZN,171.02,170.21,168.88,169.22,13975212
2023-02-01,AMZN,169.29,166.13,165.6,165.86,23381436
2023-02-02,AMZN,166.06,165.94,164.19,165.19,46601001
2023-02-03,AMZN,165.71,163.38,160.94,162.19,21518580
2023-02-06,AMZN,162.49,165.96,164.35,165.48,5670381
2023-02-07,AMZN,165.36,169.07,168.42,168.55,28053991
2023-02-08,AMZN,169.46,169.57,167.55,168.22,26412198
2023-02-09,AMZN,168.37,162.59,161.66,161.86,37822925
2023-02-10,AMZN,162.17,166.3,164.61,165.04,2104847
2023-02-13,AMZN,165.59,169.5,167.73,169.01,43448902
2023-02-14,AMZN,169.36,175.86,174.22,174.82,11105463
2023-02-15,AMZN,174.68,178.83,178.18,178.74,36626706
2023-02-16,AMZN,177.95,182.35,181.39,181.98,48096449
2023-02-17,AMZN,181.03,179.89,178.76,179.78,46862442
2023-02-20,AMZN,180.24,177.25,174.72,176.1,34310192
2023-02-21,AMZN,176.57,180.44,178.81,179.99,21388045
2023-02-22,AMZN,179.4,177.19,175.94,176.06,35466737
2023-02-23,AMZN,175.26,173.32,171.98,173.19,20975067
2023-02-24,AMZN,172.75,169.22,167.97,168.75,7256834
2023-02-27,AMZN,168.47,167.99,167.28,167.87,18458760
2023-02-28,AMZN,168.24,166.76,166.2,166.36,4970084
2023-03-01,AMZN,166.14,173.89,173.64,173.65,29850525
2023-03-02,AMZN,173.26,171.19,170.51,171.17,32896372
2023-03-03,AMZN,171.5,161.32,158.89,160.21,11818196
2023-03-06,AMZN,160.82,157.28,155.56,156.06,22114589
2023-03-07,AMZN,155.7,157.32,156.3,156.65,41804242
2023-03-08,AMZN,156.58,160.63,159.19,159.84,22596048
2023-03-09,AMZN,160.27,159.32,158.72,159.01,26146380
2023-03-10,AMZN,158.96,161.89,160.82,160.96,40412538
2023-03-13,AMZN,161.65,164.33,164.1,164.32,8678422
2023-03-14,AMZN,163.86,164.28,162.57,162.75,26899015
2023-03-15,AMZN,162.35,162.13,161.06,161.94,13854790
2023-03-16,AMZN,162.67,161.02,158.54,160.26,36863665
2023-03-17,AMZN,159.68,165.96,164.74,164.89,37850214
2023-03-20,AMZN,164.16,168.72,167.53,167.84,49136932
2023-03-21,AMZN,168.34,167.56,166.79,167.41,42685096
2023-03-22,AMZN,167.08,169.37,165.37,166.67,7213008
2023-03-23,AMZN,166.68,168.97,166.08,167.08,9967374
2023-03-24,AMZN,166.87,171.01,170.0,171.01,14528237
2023-03-27,AMZN,171.18,173.38,172.94,173.02,5940065
2023-03-28,AMZN,173.61,173.1,171.61,171.99,22141137
2023-03-29,AMZN,172.16,173.84,172.18,173.57,25374656
2023-03-30,AMZN,173.41,176.8,175.23,175.59,38051997
2023-03-31,AMZN,174.54,179.6,178.98,179.06,19954181
2023-04-03,AMZN,179.57,184.4,183.26,184.09,21353644
2023-04-04,AMZN,185.33,189.77,188.55,189.44,16140291
2023-04-05,AMZN,188.5,184.87,183.89,184.32,1177105
2023-04-06,AMZN,185.31,181.75,181.35,181.45,5646789
2023-04-07,AMZN,180.54,180.74,177.3,177.31,4190035
2023-04-10,AMZN,177.58,174.44,172.37,173.54,26951902
2023-04-11,AMZN,174.02,177.93,176.81,177.21,25227861
2023-04-12,AMZN,177.1,173.97,172.76,173.24,44429099
2023-04-13,AMZN,173.46,174.02,171.77,172.88,9910896
2023-04-14,AMZN,173.49,172.1,170.91,171.65,20502031
2023-04-17,AMZN,171.93,179.53,177.98,178.81,21894097
2023-04-18,AMZN,179.72,178.73,176.67,177.84,30715956
2023-04-19,AMZN,177.81,181.68,181.01,181.21,19613211
2023-04-20,AMZN,181.21,182.51,179.65,180.86,5711850
2023-04-21,AMZN,180.54,184.38,183.1,183.37,31802638
2023-04-24,AMZN,182.49,175.97,173.66,174.95,2806998
2023-04-25,AMZN,175.51,174.04,173.54,173.78,18340686
2023-04-26,AMZN,173.95,172.34,170.85,171.83,28277033
2023-04-27,AMZN,172.65,178.4,176.77,177.03,36014767
2023-04-28,AMZN,177.19,180.72,180.54,180.54,47888233
2023-05-01,AMZN,180.27,183.13,181.66,182.68,14503522
2023-05-02,AMZN,182.78,181.23,180.76,181.0,49359386
2023-05-03,AMZN,181.78,186.22,184.86,186.22,18663813
2023-05-04,AMZN,186.4,182.63,181.8,182.18,19109382
2023-05-05,AMZN,181.94,183.3,181.29,182.8,9422538
2023-05-08,AMZN,183.17,185.76,185.67,185.73,6178490
2023-05-09,AMZN,186.01,187.44,185.6,186.98,31218544
2023-05-10,AMZN,188.36,188.67,187.41,187.71,27847964
2023-05-11,AMZN,187.51,192.78,191.93,192.35,43882474
2023-05-12,AMZN,192.02,191.44,190.14,190.97,8684943
2023-05-15,AMZN,190.36,196.15,196.01,196.07,37819535
2023-05-16,AMZN,195.22,204.37,202.0,203.24,43081618
2023-05-17,AMZN,203.56,200.1,199.01,199.33,2900647
2023-05-18,AMZN,199.51,197.43,195.78,196.41,35574633
2023-05-19,AMZN,197.23,198.53,197.51,197.52,26269525
2023-05-22,AMZN,197.22,199.35,198.56,198.96,44954460
2023-05-23,AMZN,199.52,200.7,199.83,200.52,18502385
2023-05-24,AMZN,201.52,195.46,193.22,195.4,26836488
2023-05-25,AMZN,195.13,198.79,198.12,198.47,14281077
2023-05-26,AMZN,198.18,197.14,194.91,196.56,47940245
2023-05-29,AMZN,195.79,195.37,194.46,194.84,43696785
2023-05-30,AMZN,194.39,197.77,197.1,197.64,46106105
2023-05-31,AMZN,197.14,197.64,196.7,197.56,29672055
2023-06-01,AMZN,197.25,202.42,200.98,202.38,30805849
2023-06-02,AMZN,202.56,203.59,201.87,202.79,31346180
2023-06-05,AMZN,202.83,204.27,201.86,203.04,22036784
2023-06-06,AMZN,203.62,197.88,196.79,197.19,28391765
2023-06-07,AMZN,198.04,196.27,195.69,195.98,27119729
2023-06-08,AMZN,196.62,190.59,189.54,189.98,20281726
2023-06-09,AMZN,190.51,193.39,191.2,192.2,46879013
2023-06-12,AMZN,191.72,196.26,194.46,195.58,17620279
2023-06-13,AMZN,195.42,200.87,198.64,198.66,20547161
2023-06-14,AMZN,198.61,198.6,196.93,198.23,3743106
2023-06-15,AMZN,198.03,197.72,196.96,197.24,4063192
2023-06-16,AMZN,196.65,203.45,202.94,203.4,29442106
2023-06-19,AMZN,202.88,204.88,203.93,204.31,19318236
2023-06-20,AMZN,204.75,199.26,198.31,198.85,32278288
2023-06-21,AMZN,199.78,201.05,200.1,200.95,34219967
2023-06-22,AMZN,201.33,196.14,195.08,195.55,18494742
2023-06-23,AMZN,195.73,194.02,192.77,193.48,2038867
2023-06-26,AMZN,192.09,189.17,186.89,188.68,35939650
2023-06-27,AMZN,189.58,190.97,190.51,190.67,46343560
2023-06-28,AMZN,190.32,183.61,180.64,182.58,5145096
2023-06-29,AMZN,182.78,185.15,183.93,184.88,41024371
2023-06-30,AMZN,183.12,183.3,181.5,182.9,15367195
2023-07-03,AMZN,183.28,184.68,183.01,184.46,21931958
2023-07-04,AMZN,184.99,184.05,183.05,183.31,32909151
2023-07-05,AMZN,182.82,186.02,185.06,185.16,19292599
2023-07-06,AMZN,185.44,189.6,188.89,189.42,17478558
2023-07-07,AMZN,189.27,187.86,186.77,187.62,27773179
2023-07-10,AMZN,187.41,191.55,190.1,191.02,34871028
2023-07-11,AMZN,191.41,186.58,186.36,186.43,35777402
2023-07-12,AMZN,186.38,192.41,189.73,190.49,36095932
2023-07-13,AMZN,190.08,194.49,191.53,192.47,18057315
2023-07-14,AMZN,193.04,190.38,189.5,189.54,30819333
2023-07-17,AMZN,188.95,190.89,189.88,190.07,48369327
2023-07-18,AMZN,189.63,197.65,195.87,196.09,42380280
2023-07-19,AMZN,196.8,196.49,195.09,196.41,47767243
2023-07-20,AMZN,196.3,194.65,193.69,194.54,13719265
2023-07-21,AMZN,194.23,189.44,186.32,187.23,12546221
2023-07-24,AMZN,187.57,185.83,185.28,185.34,18905594
2023-07-25,AMZN,185.71,192.59,191.23,192.18,40627006
2023-07-26,AMZN,191.85,188.77,186.44,187.77,5829087
2023-07-27,AMZN,187.99,190.7,188.46,189.3,27969501
2023-07-28,AMZN,189.29,191.35,189.68,190.92,26334777
2023-07-31,AMZN,190.77,192.42,191.92,192.03,32081831
2023-08-01,AMZN,192.22,197.1,195.6,195.64,35779064
2023-08-02,AMZN,195.51,199.41,199.08,199.27,43263716
2023-08-03,AMZN,199.27,202.05,200.6,201.53,9826669
2023-08-04,AMZN,201.08,197.66,195.85,196.57,29782445
2023-08-07,AMZN,196.31,189.77,188.97,189.56,2306647
2023-08-08,AMZN,188.46,196.26,194.15,195.02,37191665
2023-08-09,AMZN,194.94,195.74,193.52,194.11,42045074
2023-08-10,AMZN,192.71,195.44,192.95,194.53,41817227
2023-08-11,AMZN,193.7,189.44,187.35,187.89,12733799
2023-08-14,AMZN,187.29,184.31,181.43,181.7,48676764
2023-08-15,AMZN,181.55,181.55,181.06,181.47,15898161
2023-08-16,AMZN,182.29,178.86,177.17,178.15,32046989
2023-08-17,AMZN,178.13,170.15,169.25,169.93,26549928
2023-08-18,AMZN,170.35,170.28,168.7,169.02,27393789
2023-08-21,AMZN,168.41,164.44,163.67,164.29,40097239
2023-08-22,AMZN,163.89,160.89,158.11,160.23,36622124
2023-08-23,AMZN,161.29,161.76,160.19,161.33,39216649
2023-08-24,AMZN,160.86,160.75,158.93,159.37,44108953
2023-08-25,AMZN,159.48,162.43,161.75,162.35,13706355
2023-08-28,AMZN,161.93,167.52,165.8,167.08,15280968
2023-08-29,AMZN,167.27,167.83,166.28,167.12,13801490
2023-08-30,AMZN,166.57,169.62,168.62,169.52,34922817
2023-08-31,AMZN,170.2,165.54,165.02,165.42,30413893
2023-09-01,AMZN,164.92,161.73,160.27,161.43,44251614
2023-09-04,AMZN,161.66,157.05,155.99,156.56,4944666
2023-09-05,AMZN,156.18,157.3,155.29,155.9,11811222
2023-09-06,AMZN,155.78,159.4,157.61,158.55,13786433
2023-09-07,AMZN,158.22,161.47,160.89,161.31,36175001
2023-09-08,AMZN,160.9,162.83,160.24,160.36,11287370
2023-09-11,AMZN,160.76,156.12,155.01,155.16,45084043
2023-09-12,AMZN,155.53,157.67,156.43,157.4,30947885
2023-09-13,AMZN,158.13,154.35,153.29,153.33,2991846
2023-09-14,AMZN,153.59,157.44,156.07,157.26,39566291
2023-09-15,AMZN,156.22,161.02,160.41,160.57,40671164
2023-09-18,AMZN,160.58,156.86,156.2,156.46,31911483
2023-09-19,AMZN,156.61,161.1,160.75,160.91,25881963
2023-09-20,AMZN,161.5,165.09,163.99,164.34,40984780
2023-09-21,AMZN,165.24,161.96,160.04,160.88,26662314
2023-09-22,AMZN,160.42,157.21,154.78,156.92,9462070
2023-09-25,AMZN,157.06,162.47,161.49,161.7,22169014
2023-09-26,AMZN,161.18,160.39,158.79,159.95,32760152
2023-09-27,AMZN,159.97,158.46,157.83,158.38,12439140
2023-09-28,AMZN,158.14,154.23,153.21,153.36,19689556
2023-09-29,AMZN,153.13,152.36,150.53,152.31,4564130
2023-10-02,AMZN,152.37,157.25,155.96,156.62,37602633
2023-10-03,AMZN,156.52,156.96,155.07,155.39,24492876
2023-10-04,AMZN,155.55,154.72,153.75,154.29,11773294
2023-10-05,AMZN,154.81,154.63,153.5,153.99,4389052
2023-10-06,AMZN,153.95,159.26,157.99,158.43,5220636
2023-10-09,AMZN,158.04,162.65,159.58,162.19,13520257
2023-10-10,AMZN,162.48,163.77,161.93,163.19,15479186
2023-10-11,AMZN,163.24,156.4,155.3,156.25,48363509
2023-10-12,AMZN,156.53,155.41,154.41,154.68,20109988
2023-10-13,AMZN,154.77,156.17,155.75,156.13,6627770
2023-10-16,AMZN,155.74,159.23,157.8,158.41,5899277
2023-10-17,AMZN,158.05,159.26,158.25,158.67,4763889
2023-10-18,AMZN,158.56,157.17,156.42,156.64,12378853
2023-10-19,AMZN,156.15,155.03,154.87,154.93,48872550
2023-10-20,AMZN,154.72,159.47,158.54,158.79,43111838
2023-10-23,AMZN,159.24,159.37,159.17,159.27,29066655
2023-10-24,AMZN,159.46,165.65,163.48,164.14,24972896
2023-10-25,AMZN,163.85,160.86,159.62,160.19,39238456
2023-10-26,AMZN,160.91,159.54,156.89,158.6,16181031
2023-10-27,AMZN,158.25,159.99,157.25,158.54,26998471
2023-10-30,AMZN,158.46,159.56,159.2,159.41,17859187
2023-10-31,AMZN,159.02,160.34,159.02,160.17,13480937
2023-11-01,AMZN,160.67,164.38,163.31,163.5,21659797
2023-11-02,AMZN,163.21,162.7,161.13,162.47,14906928
2023-11-03,AMZN,163.32,165.25,164.14,164.46,46232556
2023-11-06,AMZN,163.81,169.25,166.88,168.33,43400373
2023-11-07,AMZN,166.89,168.63,167.55,168.08,23419918
2023-11-08,AMZN,167.92,167.96,165.91,167.51,22660925
2023-11-09,AMZN,167.42,162.34,161.66,161.97,27209101
2023-11-10,AMZN,162.59,163.57,162.48,162.74,35800268
2023-11-13,AMZN,162.89,162.52,161.04,161.66,10465206
2023-11-14,AMZN,161.43,160.01,158.36,159.63,9937540
2023-11-15,AMZN,158.97,157.72,156.95,157.33,42582452
2023-11-16,AMZN,157.73,159.47,158.78,159.37,8622427
2023-11-17,AMZN,159.48,165.5,162.85,164.75,21394178
2023-11-20,AMZN,164.84,158.92,157.27,157.9,39735596
2023-11-21,AMZN,157.32,158.73,157.36,158.22,14932280
2023-11-22,AMZN,158.72,158.41,156.52,157.21,47340394
2023-11-23,AMZN,157.13,155.09,154.0,154.49,8230672
2023-11-24,AMZN,154.6,156.37,154.33,154.74,29770570
2023-11-27,AMZN,154.42,157.76,157.16,157.64,5427804
2023-11-28,AMZN,157.94,160.05,159.75,159.77,45442150
2023-11-29,AMZN,160.06,160.89,158.93,159.82,13598809
2023-11-30,AMZN,159.02,158.68,157.77,158.59,17987303
2023-12-01,AMZN,158.78,156.17,154.3,154.77,30845546
2023-12-04,AMZN,154.48,151.31,150.1,150.43,12634795
2023-12-05,AMZN,149.96,154.38,154.02,154.27,22092006
2023-12-06,AMZN,154.3,150.87,148.69,149.31,5859319
2023-12-07,AMZN,149.23,150.82,150.68,150.8,34881537
2023-12-08,AMZN,150.6,148.95,147.82,148.59,37684602
2023-12-11,AMZN,148.97,142.94,140.7,141.62,35268275
2023-12-12,AMZN,141.22,144.03,143.56,143.75,36600024
2023-12-13,AMZN,143.6,144.2,142.44,144.02,17684764
2023-12-14,AMZN,144.84,144.19,143.07,143.69,45878031
2023-12-15,AMZN,144.65,142.02,141.49,141.69,14724126
2023-12-18,AMZN,142.02,144.63,143.04,143.96,40227979
2023-12-19,AMZN,143.85,146.08,145.03,145.35,16614938
2023-12-20,AMZN,145.38,145.88,145.55,145.8,29861605
2023-12-21,AMZN,146.25,145.29,144.0,145.29,45045866
2023-12-22,AMZN,145.07,146.85,145.97,146.4,11250543
2023-12-25,AMZN,146.06,148.66,147.39,147.6,23834376
2023-12-26,AMZN,147.77,150.6,149.58,150.3,39198048
2023-12-27,AMZN,151.39,154.34,151.77,152.8,18214263
2023-12-28,AMZN,152.87,162.3,161.2,161.51,21642129
2023-12-29,AMZN,161.89,164.97,164.29,164.58,2792923
2024-01-01,AMZN,164.52,163.23,162.44,162.86,39034214
2024-01-02,AMZN,162.84,158.09,157.32,158.05,2985925
2024-01-03,AMZN,157.61,158.74,157.56,158.03,49943678
2024-01-04,AMZN,157.81,161.42,160.35,160.69,28792907
2024-01-05,AMZN,160.22,159.67,158.24,159.62,27089348
2024-01-08,AMZN,160.11,164.09,162.91,163.92,14881870
2024-01-09,AMZN,164.41,163.74,162.33,162.95,21954234
2024-01-10,AMZN,162.61,163.7,163.45,163.49,37790338
2024-01-11,AMZN,163.88,163.41,162.91,163.28,2404557
2024-01-12,AMZN,162.91,165.25,163.79,164.49,18216611
2024-01-15,AMZN,164.51,168.05,166.03,166.17,21501052
2024-01-16,AMZN,165.55,167.87,166.82,166.86,40245878
2024-01-17,AMZN,166.38,175.0,174.04,174.25,22965144
2024-01-18,AMZN,174.37,173.66,173.1,173.45,32724179
2024-01-19,AMZN,173.12,174.9,174.45,174.75,42943423
2024-01-22,AMZN,174.61,182.1,180.08,181.72,24307438
2024-01-23,AMZN,181.74,191.29,190.11,191.21,22735691
2024-01-24,AMZN,191.2,191.28,189.87,190.81,14098776
2024-01-25,AMZN,191.05,195.11,192.86,194.23,48822641
2024-01-26,AMZN,195.0,193.01,192.98,192.99,18731851
2024-01-29,AMZN,192.79,197.85,195.31,197.71,48545065
2024-01-30,AMZN,198.31,194.79,192.14,193.28,26309397
2024-01-31,AMZN,193.75,197.24,196.27,196.37,47966506
2024-02-01,AMZN,197.08,204.95,203.05,203.88,43556021
2024-02-02,AMZN,203.88,195.59,194.15,195.38,34782076
2024-02-05,AMZN,195.72,202.18,201.21,201.47,48732701
2024-02-06,AMZN,201.56,195.06,193.85,194.58,29868618
2024-02-07,AMZN,194.02,195.92,193.99,195.78,16891355
2024-02-08,AMZN,195.54,202.97,200.8,201.65,10561002
2024-02-09,AMZN,201.12,198.89,198.2,198.33,33328755
2024-02-12,AMZN,199.3,198.51,196.78,197.42,22102781
2024-02-13,AMZN,197.91,194.07,193.19,193.24,30321392
2024-02-14,AMZN,192.28,193.96,192.3,192.92,13488114
2024-02-15,AMZN,193.41,188.9,188.19,188.47,32237102
2024-02-16,AMZN,188.03,189.19,186.77,188.86,37660619
2024-02-19,AMZN,188.39,192.3,191.27,192.03,38938287
2024-02-20,AMZN,191.33,196.19,195.0,195.06,26690641
2024-02-21,AMZN,195.16,202.8,201.69,201.9,32214258
2024-02-22,AMZN,202.81,207.54,206.49,207.11,5359432
2024-02-23,AMZN,207.39,202.04,200.92,202.02,18224121
2024-02-26,AMZN,200.36,208.8,206.68,207.15,27922265
2024-02-27,AMZN,207.09,213.17,210.6,212.94,24634960
2024-02-28,AMZN,212.82,219.13,216.42,218.56,21567838
2024-02-29,AMZN,219.11,210.7,208.77,210.02,24777669
2024-03-01,AMZN,210.2,206.43,204.46,205.28,38271084
2024-03-04,AMZN,205.82,202.02,200.9,201.31,7146477
2024-03-05,AMZN,201.49,208.47,206.77,208.25,46612755
2024-03-06,AMZN,209.15,203.63,202.44,203.04,42704051
2024-03-07,AMZN,202.88,202.78,202.01,202.04,40716543
2024-03-08,AMZN,201.93,199.08,197.07,197.3,7107385
2024-03-11,AMZN,198.24,194.4,192.15,194.16,22957272
2024-03-12,AMZN,194.57,195.39,194.41,194.71,26885198
2024-03-13,AMZN,194.95,196.3,195.57,196.15,16331717
2024-03-14,AMZN,195.6,199.49,197.19,197.5,18571949
2024-03-15,AMZN,197.77,203.27,203.08,203.13,4438990
2024-03-18,AMZN,202.51,209.01,207.72,208.24,4605292
2024-03-19,AMZN,207.95,206.78,205.55,206.67,27106015
2024-03-20,AMZN,206.69,206.06,205.36,205.86,6482960
2024-03-21,AMZN,206.28,207.93,207.47,207.67,33119508
2024-03-22,AMZN,207.27,206.76,206.05,206.17,31453868
2024-03-25,AMZN,206.31,209.38,207.18,208.62,10209544
2024-03-26,AMZN,207.55,211.29,209.95,210.8,47837053
2024-03-27,AMZN,210.92,211.68,208.9,210.46,16142240
2024-03-28,AMZN,210.89,213.79,212.12,212.27,29717013
2024-03-29,AMZN,212.03,212.07,211.27,211.73,34084734
2024-04-01,AMZN,212.21,215.25,213.93,214.53,33794759
2024-04-02,AMZN,213.8,208.44,206.85,208.26,30718985
2024-04-03,AMZN,207.9,206.11,205.39,205.47,36097920
2024-04-04,AMZN,204.08,206.89,204.19,204.78,31992342
2024-04-05,AMZN,204.75,204.96,204.26,204.5,17499955
2024-04-08,AMZN,204.44,213.04,210.91,210.92,10939093
2024-04-09,AMZN,209.34,208.68,206.97,208.29,32206968
2024-04-10,AMZN,208.55,209.16,207.2,207.61,22176172
2024-04-11,AMZN,207.2,211.82,210.55,210.76,43316807
2024-04-12,AMZN,211.27,213.89,211.54,212.79,31705121
2024-04-15,AMZN,212.92,210.78,208.64,209.56,33912327
2024-04-16,AMZN,209.79,205.87,204.08,204.56,35635487
2024-04-17,AMZN,204.14,207.84,205.41,207.15,3754383
2024-04-18,AMZN,206.78,207.07,205.63,206.53,15505502
2024-04-19,AMZN,205.58,208.82,207.92,208.71,29245861
2024-04-22,AMZN,208.42,209.31,208.39,208.5,47745193
2024-04-23,AMZN,208.86,208.74,208.41,208.6,1721215
2024-04-24,AMZN,206.85,203.74,201.68,203.22,37123966
2024-04-25,AMZN,202.94,199.76,197.45,199.31,24385884
2024-04-26,AMZN,199.04,200.48,199.03,200.24,37628479
2024-04-29,AMZN,200.17,201.44,200.54,201.31,14977930
2024-04-30,AMZN,201.75,207.64,206.62,207.34,37271728
2024-05-01,AMZN,207.08,210.0,208.27,209.33,36581183
2024-05-02,AMZN,209.19,211.75,210.08,210.11,20609590
2024-05-03,AMZN,210.09,208.63,207.0,207.4,43399187
2024-05-06,AMZN,206.94,215.14,212.87,213.09,18203229
2024-05-07,AMZN,213.46,208.23,205.53,206.88,8200655
2024-05-08,AMZN,207.26,206.44,201.85,203.25,48359494
2024-05-09,AMZN,202.15,211.62,210.76,211.06,40158314
2024-05-10,AMZN,211.06,221.24,220.03,220.56,37765939
2024-05-13,AMZN,220.77,210.78,210.25,210.54,3000701
2024-05-14,AMZN,210.35,221.02,219.36,220.31,5439458
2024-05-15,AMZN,219.98,219.89,219.04,219.09,5135383
2024-05-16,AMZN,218.87,212.91,211.42,211.57,18365876
2024-05-17,AMZN,211.67,210.43,208.28,209.53,9931604
2024-05-20,AMZN,209.6,208.32,207.17,207.54,5884364
2024-05-21,AMZN,206.81,210.17,208.35,209.29,8162452
2024-05-22,AMZN,209.85,210.8,209.41,209.54,28268861
2024-05-23,AMZN,209.1,214.63,213.34,214.31,33942683
2024-05-24,AMZN,213.96,212.46,211.42,212.32,47244985
2024-05-27,AMZN,212.07,213.78,212.51,213.42,9119726
2024-05-28,AMZN,212.59,213.42,212.2,213.06,42691573
2024-05-29,AMZN,213.11,217.51,214.31,216.49,5314369
2024-05-30,AMZN,216.84,216.16,214.62,214.85,19912410
2024-05-31,AMZN,214.03,212.65,210.7,211.84,27770005
2024-06-03,AMZN,211.85,218.11,214.52,217.05,44745437
2024-06-04,AMZN,216.64,212.39,209.79,210.31,45195774
2024-06-05,AMZN,210.44,216.52,215.71,216.51,37292018
2024-06-06,AMZN,217.04,212.65,210.89,212.56,5633763
2024-06-07,AMZN,211.61,218.61,217.52,217.66,48060679
2024-06-10,AMZN,217.37,215.64,214.19,214.65,37969492
2024-06-11,AMZN,214.32,225.64,223.53,224.74,48415254
2024-06-12,AMZN,224.39,231.62,228.42,229.9,29666336
2024-06-13,AMZN,229.65,226.14,224.37,225.6,44697300
2024-06-14,AMZN,225.93,217.61,214.95,216.58,15825996
2024-06-17,AMZN,216.59,221.3,220.6,220.9,38865294
2024-06-18,AMZN,220.37,228.21,227.28,227.44,12419189
2024-06-19,AMZN,227.96,219.3,216.39,218.3,1070289
2024-06-20,AMZN,218.39,227.55,226.12,227.03,1864500
2024-06-21,AMZN,226.29,228.65,227.55,228.5,26692399
2024-06-24,AMZN,228.98,225.08,221.82,224.51,34393070
2024-06-25,AMZN,224.42,231.22,227.5,230.18,12969855
2024-06-26,AMZN,229.33,220.68,220.28,220.37,27037653
2024-06-27,AMZN,220.55,217.43,212.12,215.99,35458863
2024-06-28,AMZN,215.4,217.45,215.47,215.93,41413982
2024-07-01,AMZN,215.81,216.36,215.33,215.95,20479491
2024-07-02,AMZN,215.3,213.44,211.81,212.25,23925829
2024-07-03,AMZN,212.68,207.96,206.64,206.85,33384114
2024-07-04,AMZN,207.13,208.41,207.79,207.85,45260462
2024-07-05,AMZN,208.69,210.61,208.71,209.84,18698099
2024-07-08,AMZN,208.97,215.77,214.15,214.59,38204788
2024-07-09,AMZN,215.85,218.26,216.99,217.59,42304609
2024-07-10,AMZN,218.22,222.0,218.62,220.67,34094312
2024-07-11,AMZN,220.06,211.12,209.74,210.59,19687891
2024-07-12,AMZN,211.26,207.28,205.77,206.03,14751035
2024-07-15,AMZN,206.31,198.9,198.17,198.71,23252617
2024-07-16,AMZN,197.58,197.03,195.96,196.29,26023250
2024-07-17,AMZN,196.15,195.49,194.37,195.44,25984368
2024-07-18,AMZN,194.71,192.35,191.18,192.13,17044791
2024-07-19,AMZN,192.68,195.83,193.54,194.69,27673908
2024-07-22,AMZN,193.74,187.23,185.33,185.9,13310092
2024-07-23,AMZN,186.0,183.63,183.15,183.56,20981189
2024-07-24,AMZN,183.95,180.59,180.09,180.5,7042478
2024-07-25,AMZN,180.0,184.98,183.98,184.58,21225916
2024-07-26,AMZN,184.63,187.5,186.06,186.59,19892895
2024-07-29,AMZN,187.07,186.84,184.29,186.33,17646538
2024-07-30,AMZN,186.84,181.86,180.81,181.1,2742957
2024-07-31,AMZN,181.29,178.2,177.52,177.63,4078672
2024-08-01,AMZN,177.59,176.32,174.93,175.47,14448613
2024-08-02,AMZN,175.36,171.79,168.66,171.6,10843270
2024-08-05,AMZN,171.61,162.8,161.8,162.58,24816080
2024-08-06,AMZN,163.63,160.47,159.66,160.45,48634924
2024-08-07,AMZN,160.03,158.99,158.63,158.81,15273902
2024-08-08,AMZN,159.21,158.56,157.39,158.34,5208117
2024-08-09,AMZN,158.08,156.39,155.52,156.27,27114507
2024-08-12,AMZN,156.42,158.96,158.18,158.59,17221012
2024-08-13,AMZN,158.74,155.48,155.01,155.35,44185328
2024-08-14,AMZN,154.47,150.09,149.95,149.97,7776521
2024-08-15,AMZN,150.41,152.62,150.33,151.57,8954034
2024-08-16,AMZN,151.25,146.77,145.58,145.75,32064309
2024-08-19,AMZN,144.08,143.25,142.79,142.88,40263948
2024-08-20,AMZN,143.02,140.64,139.76,140.51,7592949
2024-08-21,AMZN,139.82,138.44,137.43,137.94,13204922
2024-08-22,AMZN,137.82,141.43,141.0,141.2,32229001
2024-08-23,AMZN,141.23,143.35,142.71,143.13,24986974
2024-08-26,AMZN,143.39,144.0,143.02,143.79,47213823
2024-08-27,AMZN,143.63,144.7,142.01,143.43,1360795
2024-08-28,AMZN,143.01,147.87,146.86,147.35,4346110
2024-08-29,AMZN,147.11,144.79,144.23,144.59,46037915
2024-08-30,AMZN,143.78,142.91,142.46,142.74,14021312
2024-09-02,AMZN,143.09,142.83,142.43,142.52,28871791
2024-09-03,AMZN,142.54,138.69,136.98,138.4,43870778
2024-09-04,AMZN,138.42,140.34,139.3,139.96,13610892
2024-09-05,AMZN,139.29,135.49,134.84,135.22,42797078
2024-09-06,AMZN,135.56,135.64,133.77,134.65,3630458
2024-09-09,AMZN,134.25,133.83,133.49,133.66,5623704
2024-09-10,AMZN,133.64,133.99,133.79,133.93,34586331
2024-09-11,AMZN,134.2,136.89,135.62,136.49,37925326
2024-09-12,AMZN,136.44,139.26,138.22,139.01,33617272
2024-09-13,AMZN,139.5,136.49,135.87,135.97,20445054
2024-09-16,AMZN,135.7,137.05,136.52,136.66,35374096
2024-09-17,AMZN,137.56,140.12,137.88,138.79,33488436
2024-09-18,AMZN,138.91,139.89,138.5,139.31,36727287
2024-09-19,AMZN,139.68,136.82,136.41,136.54,48315747
2024-09-20,AMZN,136.89,137.71,137.17,137.4,5987308
2024-09-23,AMZN,138.3,143.32,142.57,142.85,8321420
2024-09-24,AMZN,142.87,146.59,145.83,146.05,10836063
2024-09-25,AMZN,145.38,145.49,143.92,144.38,8344471
2024-09-26,AMZN,144.99,146.64,145.71,146.41,45933440
2024-09-27,AMZN,146.14,144.83,144.31,144.42,47908963
2024-09-30,AMZN,143.96,149.99,145.93,148.97,28553548
2024-10-01,AMZN,148.8,152.55,152.3,152.47,37376378
2024-10-02,AMZN,152.55,154.2,153.09,153.63,7433329
2024-10-03,AMZN,153.43,155.34,154.5,155.06,18384423
2024-10-04,AMZN,155.6,158.81,157.96,158.7,33854737
2024-10-07,AMZN,159.12,163.49,162.41,163.15,1578977
2024-10-08,AMZN,162.81,165.46,164.45,164.94,32621884
2024-10-09,AMZN,165.22,160.93,159.63,160.46,21462015
2024-10-10,AMZN,160.13,158.27,156.84,158.27,40402227
2024-10-11,AMZN,157.96,154.8,153.13,153.79,7796466
2024-10-14,AMZN,153.51,157.24,155.54,156.99,49840465
2024-10-15,AMZN,156.96,156.06,154.89,155.69,9338223
2024-10-16,AMZN,154.9,157.87,155.73,157.16,12931596
2024-10-17,AMZN,157.74,152.12,150.63,151.8,26525524
2024-10-18,AMZN,150.91,154.2,153.19,153.82,1757452
2024-10-21,AMZN,153.67,154.09,153.26,153.71,34861031
2024-10-22,AMZN,154.73,157.37,156.82,157.06,18328025
2024-10-23,AMZN,157.36,157.84,156.97,157.43,28311728
2024-10-24,AMZN,157.9,160.06,159.11,159.18,27936249
2024-10-25,AMZN,159.31,159.55,157.68,159.0,20515360
2024-10-28,AMZN,158.72,163.08,160.68,162.36,2007908
2024-10-29,AMZN,161.91,164.19,162.87,163.63,47909661
2024-10-30,AMZN,162.87,161.79,160.2,161.17,29210438
2024-10-31,AMZN,161.03,156.9,156.62,156.72,36118629
2024-11-01,AMZN,156.89,154.23,153.24,153.98,9158510
2024-11-04,AMZN,154.42,152.5,151.25,152.18,24445961
2024-11-05,AMZN,152.84,150.04,148.39,149.46,22991782
2024-11-06,AMZN,150.07,150.36,149.92,149.93,26963941
2024-11-07,AMZN,149.9,154.16,152.99,153.24,35556378
2024-11-08,AMZN,153.23,154.29,153.17,153.73,20695722
2024-11-11,AMZN,153.77,158.07,155.41,155.98,14093326
2024-11-12,AMZN,155.26,153.93,152.72,153.55,19562079
2024-11-13,AMZN,153.52,154.82,154.07,154.75,23853686
2024-11-14,AMZN,154.5,151.1,150.83,151.08,42642667
2024-11-15,AMZN,150.35,150.18,149.42,149.57,19092742
2024-11-18,AMZN,150.31,152.32,151.77,151.91,7901968
2024-11-19,AMZN,151.81,153.7,152.67,153.34,13549473
2024-11-20,AMZN,153.93,152.06,150.62,151.32,35318641
2024-11-21,AMZN,151.88,146.33,146.19,146.21,35859468
2024-11-22,AMZN,145.85,150.0,147.99,149.54,27163417
2024-11-25,AMZN,149.89,148.64,147.42,148.52,5577417
2024-11-26,AMZN,148.47,146.32,145.05,145.72,3469310
2024-11-27,AMZN,146.45,149.02,148.72,148.74,46886090
2024-11-28,AMZN,148.61,144.68,143.84,144.22,9308663
2024-11-29,AMZN,143.91,145.75,145.08,145.54,25587347
2023-01-02,TSLA,250.59,267.45,266.59,266.86,24262995
2023-01-03,TSLA,265.63,267.89,266.09,267.22,14206558
2023-01-04,TSLA,267.32,262.75,259.75,260.5,42398808
2023-01-05,TSLA,260.4,273.47,272.44,273.06,48767687
2023-01-06,TSLA,270.7,298.86,297.97,298.2,32136309
2023-01-09,TSLA,299.51,292.3,289.95,291.06,42939574
2023-01-10,TSLA,290.33,292.87,290.36,290.66,49091907
2023-01-11,TSLA,290.61,289.03,286.66,286.78,9978854
2023-01-12,TSLA,286.54,277.19,274.11,274.5,23259432
2023-01-13,TSLA,275.05,284.52,281.71,281.79,20620381
2023-01-16,TSLA,281.41,282.0,279.09,280.02,36128016
2023-01-17,TSLA,280.85,283.71,282.8,283.71,31132112
2023-01-18,TSLA,282.9,280.66,278.23,278.6,7229188
2023-01-19,TSLA,278.27,281.02,279.32,279.52,17054599
2023-01-20,TSLA,279.06,275.5,274.06,275.44,3145400
2023-01-23,TSLA,276.11,281.47,279.05,279.78,14203275
2023-01-24,TSLA,279.73,291.03,287.93,289.43,7797372
2023-01-25,TSLA,287.21,290.17,289.38,289.65,20191457
2023-01-26,TSLA,289.83,298.61,295.61,296.43,13061160
2023-01-27,TSLA,298.24,297.26,294.08,296.81,29714185
2023-01-30,TSLA,297.25,286.61,284.74,286.02,8128464
2023-01-31,TSLA,286.68,263.52,258.64,260.97,35492045
2023-02-01,TSLA,261.42,265.89,263.7,264.25,40659352
2023-02-02,TSLA,263.84,258.31,257.07,257.83,48892865
2023-02-03,TSLA,259.1,268.14,264.48,266.87,8450629
2023-02-06,TSLA,267.3,269.01,267.77,268.83,33580117
2023-02-07,TSLA,268.29,268.45,263.51,266.31,5825905
2023-02-08,TSLA,266.11,266.78,264.0,265.85,40505990
2023-02-09,TSLA,265.43,278.87,276.47,276.8,24381728
2023-02-10,TSLA,276.85,280.8,280.25,280.66,14590932
2023-02-13,TSLA,279.65,279.13,277.05,279.08,15029479
2023-02-14,TSLA,278.02,272.69,269.93,270.05,4236019
2023-02-15,TSLA,271.15,257.44,255.84,256.63,44602040
2023-02-16,TSLA,257.25,266.69,265.79,266.55,18701844
2023-02-17,TSLA,267.49,262.97,259.57,261.0,6526014
2023-02-20,TSLA,260.39,256.29,255.06,255.42,3080066
2023-02-21,TSLA,254.59,269.47,266.42,266.65,2487812
2023-02-22,TSLA,266.09,277.21,275.02,275.26,28626245
2023-02-23,TSLA,275.8,296.66,291.8,294.72,5076829
2023-02-24,TSLA,292.95,284.22,281.73,283.5,36861473
2023-02-27,TSLA,284.39,304.38,301.63,302.98,31777552
2023-02-28,TSLA,304.62,313.86,309.28,310.76,33341364
2023-03-01,TSLA,307.51,321.42,317.78,319.01,29608909
2023-03-02,TSLA,318.47,306.31,304.34,305.2,49370262
2023-03-03,TSLA,304.62,299.03,298.74,298.84,31631603
2023-03-06,TSLA,299.03,309.71,305.82,307.59,26485039
2023-03-07,TSLA,307.29,290.82,286.42,289.32,48217254
2023-03-08,TSLA,290.77,309.52,308.16,308.52,13376112
2023-03-09,TSLA,308.05,319.16,317.46,318.61,46415655
2023-03-10,TSLA,318.47,297.21,295.02,295.35,11591191
2023-03-13,TSLA,296.2,299.94,298.21,298.62,30585674
2023-03-14,TSLA,298.16,301.68,300.16,301.54,3733169
2023-03-15,TSLA,302.62,301.06,300.68,301.01,4818990
2023-03-16,TSLA,301.08,306.54,306.35,306.36,8273468
2023-03-17,TSLA,305.71,307.19,304.9,306.95,27665210
2023-03-20,TSLA,306.43,310.26,307.67,309.97,13543405
2023-03-21,TSLA,309.91,325.58,324.47,325.17,33986963
2023-03-22,TSLA,324.92,318.86,317.37,318.15,48695186
2023-03-23,TSLA,317.65,320.25,319.23,319.78,4071399
2023-03-24,TSLA,320.66,317.79,313.46,316.35,25362479
2023-03-27,TSLA,315.26,308.28,306.41,308.1,37527378
2023-03-28,TSLA,307.76,304.17,302.71,303.65,20327094
2023-03-29,TSLA,304.48,295.59,294.19,294.84,26712039
2023-03-30,TSLA,293.3,282.13,280.43,281.64,38171309
2023-03-31,TSLA,281.13,281.23,278.02,280.83,5620751
2023-04-03,TSLA,281.16,298.83,296.35,297.95,26209379
2023-04-04,TSLA,299.97,296.35,295.46,295.68,23616679
2023-04-05,TSLA,296.64,293.17,292.6,292.8,12010562
2023-04-06,TSLA,293.54,288.99,287.95,288.28,2401787
2023-04-07,TSLA,289.66,291.76,290.14,291.58,1844332
2023-04-10,TSLA,291.93,284.61,282.71,283.93,42060738
2023-04-11,TSLA,283.16,300.22,299.01,299.42,34978751
2023-04-12,TSLA,299.29,299.07,298.22,298.29,7659373
2023-04-13,TSLA,297.33,323.0,320.46,322.68,18081819
2023-04-14,TSLA,322.32,321.95,318.58,318.85,43940166
2023-04-17,TSLA,317.79,330.38,328.96,329.29,29520629
2023-04-18,TSLA,328.87,323.33,320.42,320.78,26500318
2023-04-19,TSLA,320.31,325.02,323.41,323.96,47269220
2023-04-20,TSLA,324.4,324.22,321.45,323.63,41022464
2023-04-21,TSLA,323.23,328.66,327.85,328.44,14994667
2023-04-24,TSLA,327.99,335.52,332.78,333.61,38096417
2023-04-25,TSLA,333.18,328.42,326.55,327.24,27291359
2023-04-26,TSLA,327.24,342.37,340.17,341.57,39283236
2023-04-27,TSLA,342.73,346.39,344.5,345.46,34942469
2023-04-28,TSLA,344.74,327.32,325.99,326.05,39364194
2023-05-01,TSLA,325.53,315.4,314.34,315.07,32865973
2023-05-02,TSLA,316.11,306.26,303.87,305.56,46635243
2023-05-03,TSLA,305.74,311.11,309.08,311.08,2425642
2023-05-04,TSLA,311.38,311.39,307.49,308.92,10990212
2023-05-05,TSLA,307.61,317.45,314.95,316.24,30331522
2023-05-08,TSLA,314.89,335.01,331.93,333.12,20070199
2023-05-09,TSLA,332.42,317.82,315.82,317.75,36962499
2023-05-10,TSLA,318.78,324.57,323.48,324.11,5167483
2023-05-11,TSLA,323.3,342.18,338.25,341.58,8768064
2023-05-12,TSLA,342.53,334.41,331.99,334.02,1209925
2023-05-15,TSLA,334.95,322.24,319.52,320.92,45258578
2023-05-16,TSLA,320.69,326.35,325.53,326.13,23712397
2023-05-17,TSLA,327.78,324.89,322.97,323.5,5801407
2023-05-18,TSLA,325.65,311.27,308.84,310.02,41738761
2023-05-19,TSLA,310.63,293.46,291.1,292.1,33889302
2023-05-22,TSLA,293.05,298.38,297.67,298.15,1590357
2023-05-23,TSLA,297.74,299.67,297.69,298.74,9320321
2023-05-24,TSLA,299.13,291.98,289.03,291.18,31455129
2023-05-25,TSLA,292.24,291.76,290.79,291.52,9139967
2023-05-26,TSLA,291.28,288.8,286.76,287.79,2542276
2023-05-29,TSLA,287.91,280.85,278.38,279.07,6108112
2023-05-30,TSLA,279.19,275.98,272.42,273.61,14341708
2023-05-31,TSLA,274.32,262.4,260.81,261.41,27704206
2023-06-01,TSLA,260.81,259.31,255.49,257.46,20905689
2023-06-02,TSLA,258.08,252.11,249.29,250.25,31559265
2023-06-05,TSLA,250.78,250.67,249.41,250.34,29391752
2023-06-06,TSLA,250.8,243.9,242.71,243.04,5440586
2023-06-07,TSLA,242.54,236.47,235.03,235.58,20747694
2023-06-08,TSLA,234.99,230.41,228.21,230.17,17951457
2023-06-09,TSLA,230.63,232.05,228.44,229.7,7620641
2023-06-12,TSLA,229.8,235.7,232.06,232.98,15419510
2023-06-13,TSLA,231.97,225.57,224.73,225.37,35111499
2023-06-14,TSLA,224.87,218.97,217.71,218.94,36396728
2023-06-15,TSLA,217.33,222.32,219.56,220.44,14923177
2023-06-16,TSLA,222.11,222.18,221.41,222.0,43351944
2023-06-19,TSLA,221.18,219.74,216.48,218.67,30267108
2023-06-20,TSLA,220.37,218.6,216.56,218.13,30311008
2023-06-21,TSLA,217.71,216.0,214.66,215.25,7651104
2023-06-22,TSLA,214.74,206.13,205.36,205.98,40452331
2023-06-23,TSLA,205.87,200.2,198.97,199.32,31478670
2023-06-26,TSLA,199.45,186.76,184.84,185.7,32448498
2023-06-27,TSLA,185.19,185.35,182.21,184.37,17189046
2023-06-28,TSLA,183.43,183.25,181.78,182.9,22087996
2023-06-29,TSLA,182.59,186.5,184.91,186.28,30359669
2023-06-30,TSLA,185.74,193.13,192.93,193.1,21234010
2023-07-03,TSLA,192.73,192.34,192.02,192.11,15378816
2023-07-04,TSLA,191.07,188.14,186.14,186.72,36076966
2023-07-05,TSLA,186.27,182.79,182.4,182.43,34095521
2023-07-06,TSLA,182.93,175.29,173.45,175.1,27919489
2023-07-07,TSLA,175.85,167.5,167.17,167.34,19342021
2023-07-10,TSLA,166.76,172.95,170.83,172.81,24400847
2023-07-11,TSLA,173.4,170.99,170.38,170.9,15413829
2023-07-12,TSLA,171.63,166.81,164.98,166.32,23497784
2023-07-13,TSLA,166.2,168.69,168.04,168.06,48795017
2023-07-14,TSLA,167.42,158.88,157.65,158.2,43610701
2023-07-17,TSLA,158.14,163.43,161.29,163.09,14002003
2023-07-18,TSLA,162.5,164.85,164.09,164.68,14773045
2023-07-19,TSLA,164.79,167.31,165.49,166.74,28241799
2023-07-20,TSLA,167.78,161.91,161.47,161.6,49969891
2023-07-21,TSLA,161.09,173.41,172.76,173.34,2090585
2023-07-24,TSLA,172.38,168.48,168.01,168.12,32464757
2023-07-25,TSLA,168.97,178.7,176.16,177.06,11381536
2023-07-26,TSLA,177.58,166.68,165.58,166.29,34529036
2023-07-27,TSLA,166.26,164.02,162.4,163.68,33509897
2023-07-28,TSLA,163.03,161.25,160.49,161.02,41936757
2023-07-31,TSLA,160.77,156.78,154.32,155.84,31755478
2023-08-01,TSLA,155.54,163.46,161.41,161.85,13059655
2023-08-02,TSLA,161.99,164.9,162.6,163.83,5337674
2023-08-03,TSLA,163.69,163.76,161.42,163.44,22484500
2023-08-04,TSLA,163.44,160.76,158.68,160.1,41276368
2023-08-07,TSLA,159.89,161.82,160.66,161.38,5429060
2023-08-08,TSLA,162.36,163.58,162.79,163.28,39762794
2023-08-09,TSLA,162.85,163.22,162.04,163.14,2510855
2023-08-10,TSLA,164.14,166.01,164.59,164.79,17723198
2023-08-11,TSLA,165.03,176.49,174.66,175.7,14102423
2023-08-14,TSLA,175.43,187.0,185.22,186.12,16495743
2023-08-15,TSLA,186.92,183.73,181.38,183.24,6153757
2023-08-16,TSLA,182.27,184.38,182.41,183.66,2764397
2023-08-17,TSLA,182.97,183.82,182.66,182.86,4143523
2023-08-18,TSLA,182.41,175.11,174.12,174.63,48433577
2023-08-21,TSLA,175.52,169.78,169.2,169.44,12201012
2023-08-22,TSLA,168.99,164.03,162.87,163.48,21963419
2023-08-23,TSLA,164.1,163.03,160.59,161.65,30088323
2023-08-24,TSLA,161.33,158.54,156.79,158.15,26827091
2023-08-25,TSLA,157.75,161.51,159.65,160.81,5840314
2023-08-28,TSLA,161.18,155.3,153.19,154.73,11375864
2023-08-29,TSLA,154.34,152.11,150.86,151.21,19293046
2023-08-30,TSLA,150.98,148.7,147.27,148.18,14284406
2023-08-31,TSLA,147.77,140.6,139.52,140.19,12930566
2023-09-01,TSLA,140.07,137.0,136.66,136.69,16136274
2023-09-04,TSLA,137.35,136.25,134.55,134.67,33754215
2023-09-05,TSLA,134.33,133.23,132.5,132.92,8868668
2023-09-06,TSLA,133.55,139.02,138.69,138.91,33287070
2023-09-07,TSLA,139.6,133.75,132.87,133.32,49129429
2023-09-08,TSLA,133.49,123.74,122.44,123.21,37736877
2023-09-11,TSLA,122.9,127.09,126.3,126.94,7665053
2023-09-12,TSLA,127.26,126.71,125.53,126.59,37994685
2023-09-13,TSLA,126.2,130.17,129.23,129.47,2157791
2023-09-14,TSLA,129.17,132.38,132.13,132.36,25491432
2023-09-15,TSLA,133.11,135.41,134.02,134.77,3066439
2023-09-18,TSLA,134.58,138.97,138.49,138.91,48121311
2023-09-19,TSLA,138.48,139.7,138.05,139.03,32211862
2023-09-20,TSLA,138.65,133.78,133.14,133.21,39411228
2023-09-21,TSLA,133.15,131.24,129.49,130.31,44526250
2023-09-22,TSLA,129.75,137.3,135.97,136.31,47099183
2023-09-25,TSLA,136.24,129.47,128.31,128.32,35723887
2023-09-26,TSLA,128.65,131.62,130.5,131.01,18720826
2023-09-27,TSLA,130.7,133.45,131.74,132.17,13407366
2023-09-28,TSLA,132.37,136.06,135.2,135.7,24266342
2023-09-29,TSLA,135.96,136.39,134.63,135.93,30042660
2023-10-02,TSLA,135.67,129.98,128.02,129.13,10237658
2023-10-03,TSLA,129.38,125.18,124.61,124.68,35997998
2023-10-04,TSLA,124.37,125.24,123.44,124.55,32487023
2023-10-05,TSLA,123.93,120.1,118.91,119.51,38690075
2023-10-06,TSLA,118.93,119.97,118.63,119.52,11249056
2023-10-09,TSLA,120.01,120.68,119.9,120.31,5403737
2023-10-10,TSLA,120.54,113.69,113.14,113.45,14151336
2023-10-11,TSLA,113.37,113.92,113.5,113.75,17867885
2023-10-12,TSLA,114.12,105.71,104.92,105.44,25664634
2023-10-13,TSLA,105.59,108.55,106.36,107.72,4951944
2023-10-16,TSLA,108.04,112.06,110.88,111.51,45660023
2023-10-17,TSLA,111.75,112.93,111.73,112.13,29255685
2023-10-18,TSLA,112.54,112.18,110.74,111.95,16045865
2023-10-19,TSLA,111.85,112.4,111.47,112.07,11356061
2023-10-20,TSLA,112.59,112.74,112.27,112.39,24575719
2023-10-23,TSLA,112.32,113.87,112.16,112.67,36731891
2023-10-24,TSLA,112.95,115.91,115.03,115.88,25545233
2023-10-25,TSLA,115.99,117.1,116.59,116.86,28896624
2023-10-26,TSLA,116.7,119.45,118.77,119.2,43389677
2023-10-27,TSLA,118.86,119.76,118.95,119.61,20715025
2023-10-30,TSLA,120.0,113.69,112.12,112.58,47759072
2023-10-31,TSLA,112.7,109.62,109.4,109.55,25139089
2023-11-01,TSLA,109.91,106.75,106.64,106.66,13450436
2023-11-02,TSLA,106.09,103.37,102.9,103.09,26502597
2023-11-03,TSLA,103.16,107.52,107.28,107.51,9073309
2023-11-06,TSLA,107.62,103.88,102.74,103.52,45305658
2023-11-07,TSLA,103.72,103.73,102.62,102.94,37384303
2023-11-08,TSLA,102.41,99.49,97.96,98.43,31099138
2023-11-09,TSLA,98.23,105.23,103.89,104.69,47564106
2023-11-10,TSLA,104.48,100.67,99.46,100.03,46000970
2023-11-13,TSLA,100.44,100.11,99.54,99.78,37797337
2023-11-14,TSLA,99.96,98.77,97.36,97.99,38008144
2023-11-15,TSLA,97.51,99.21,98.53,98.81,15189564
2023-11-16,TSLA,98.09,106.64,106.11,106.13,33125662
2023-11-17,TSLA,106.03,104.45,104.06,104.23,25900096
2023-11-20,TSLA,103.96,101.95,101.34,101.85,17756962
2023-11-21,TSLA,101.8,105.84,105.28,105.51,1773551
2023-11-22,TSLA,105.27,104.45,103.39,104.3,46938397
2023-11-23,TSLA,104.1,104.47,103.34,104.0,37334181
2023-11-24,TSLA,104.37,108.42,107.58,108.14,15431006
2023-11-27,TSLA,108.06,110.35,109.9,110.27,42802922
2023-11-28,TSLA,110.33,112.73,111.96,112.06,48936274
2023-11-29,TSLA,111.96,108.89,107.82,108.24,4588447
2023-11-30,TSLA,108.17,112.13,111.06,111.66,25099180
2023-12-01,TSLA,110.74,110.24,109.03,109.44,8703126
2023-12-04,TSLA,109.29,113.51,112.52,112.72,36305069
2023-12-05,TSLA,112.67,117.25,116.07,116.84,1030581
2023-12-06,TSLA,116.98,114.17,113.34,113.58,32470252
2023-12-07,TSLA,113.84,114.5,112.93,113.01,11298785
2023-12-08,TSLA,113.58,115.64,115.36,115.37,31436180
2023-12-11,TSLA,115.43,114.63,113.23,113.89,33891355
2023-12-12,TSLA,114.39,114.94,113.05,114.21,19861215
2023-12-13,TSLA,114.6,115.61,113.83,114.74,18463864
2023-12-14,TSLA,114.79,119.97,119.1,119.67,25994617
2023-12-15,TSLA,119.76,113.98,113.04,113.35,19604822
2023-12-18,TSLA,113.15,112.5,111.48,111.75,31085750
2023-12-19,TSLA,111.62,115.8,115.57,115.71,48992061
2023-12-20,TSLA,115.95,115.6,115.19,115.32,37163489
2023-12-21,TSLA,115.4,119.66,117.69,118.36,42348372
2023-12-22,TSLA,118.5,117.42,116.76,117.05,8100358
2023-12-25,TSLA,116.81,113.84,112.55,112.83,29622678
2023-12-26,TSLA,112.3,109.35,108.32,109.25,14819628
2023-12-27,TSLA,109.3,106.49,105.92,106.36,46684245
2023-12-28,TSLA,106.43,105.68,104.81,105.57,31291315
2023-12-29,TSLA,104.87,98.2,97.47,97.86,12144093
2024-01-01,TSLA,97.68,94.24,93.3,93.96,24422180
2024-01-02,TSLA,94.2,99.58,99.39,99.43,38624307
2024-01-03,TSLA,98.98,100.21,99.2,99.98,12998767
2024-01-04,TSLA,99.45,105.58,104.62,104.69,25432666
2024-01-05,TSLA,104.85,102.01,101.28,101.73,41016954
2024-01-08,TSLA,101.79,103.43,102.42,102.62,39530976
2024-01-09,TSLA,102.67,107.03,106.15,106.37,47782407
2024-01-10,TSLA,106.09,107.54,106.59,107.51,4824752
2024-01-11,TSLA,107.36,104.63,104.33,104.48,18595033
2024-01-12,TSLA,104.06,108.24,108.19,108.24,32719349
2024-01-15,TSLA,108.51,108.95,107.73,108.07,37181969
2024-01-16,TSLA,108.35,106.93,105.38,105.97,31312333
2024-01-17,TSLA,106.02,114.44,113.07,113.29,4023806
2024-01-18,TSLA,113.64,118.19,116.37,117.04,11441662
2024-01-19,TSLA,116.48,108.59,107.8,108.41,39891449
2024-01-22,TSLA,108.8,110.56,109.72,109.84,40254777
2024-01-23,TSLA,109.65,104.99,104.14,104.7,29090600
2024-01-24,TSLA,104.83,107.98,107.37,107.76,7345762
2024-01-25,TSLA,107.61,111.61,109.82,110.42,32887939
2024-01-26,TSLA,110.53,115.89,115.04,115.06,35575295
2024-01-29,TSLA,115.4,115.04,114.54,114.68,39635983
2024-01-30,TSLA,115.19,113.17,111.7,111.96,9218289
2024-01-31,TSLA,111.72,117.74,116.75,117.43,40869878
2024-02-01,TSLA,117.82,114.51,114.31,114.41,26765848
2024-02-02,TSLA,114.23,109.17,108.07,108.4,28933821
2024-02-05,TSLA,108.0,108.04,107.29,107.75,5155410
2024-02-06,TSLA,107.72,107.79,107.29,107.33,24542776
2024-02-07,TSLA,107.15,104.82,103.73,103.74,38797811
2024-02-08,TSLA,103.27,106.02,104.46,105.69,13762966
2024-02-09,TSLA,105.84,101.26,100.46,100.46,29510897
2024-02-12,TSLA,100.59,102.37,101.96,102.14,8170195
2024-02-13,TSLA,102.21,101.66,101.2,101.45,9765494
2024-02-14,TSLA,101.98,97.5,97.19,97.27,11562009
2024-02-15,TSLA,97.56,99.16,98.3,98.76,33453222
2024-02-16,TSLA,98.41,95.09,94.46,94.61,36745994
2024-02-19,TSLA,94.7,91.26,90.0,90.28,5694483
2024-02-20,TSLA,90.67,92.24,91.51,91.64,48520913
2024-02-21,TSLA,91.85,90.37,89.73,90.02,30261540
2024-02-22,TSLA,89.53,93.13,91.75,92.45,9945360
2024-02-23,TSLA,92.18,93.49,93.18,93.47,17343968
2024-02-26,TSLA,93.83,96.19,96.0,96.14,21352636
2024-02-27,TSLA,96.85,94.76,94.64,94.74,40609065
2024-02-28,TSLA,94.65,98.38,97.08,97.55,47182030
2024-02-29,TSLA,97.35,97.24,97.06,97.11,31267931
2024-03-01,TSLA,96.83,94.13,93.46,93.78,6549313
2024-03-04,TSLA,93.68,92.59,91.81,92.59,5562908
2024-03-05,TSLA,92.11,95.28,94.7,95.12,12800301
2024-03-06,TSLA,94.95,99.77,98.68,99.11,45476640
2024-03-07,TSLA,99.4,105.51,104.65,105.46,31366014
2024-03-08,TSLA,105.06,101.75,101.05,101.06,6736874
2024-03-11,TSLA,101.15,104.02,102.9,102.93,33814414
2024-03-12,TSLA,103.11,103.91,103.42,103.81,25872522
2024-03-13,TSLA,103.49,103.05,102.66,102.97,1104672
2024-03-14,TSLA,102.92,99.06,98.59,99.01,12518525
2024-03-15,TSLA,99.4,98.37,98.19,98.3,47210141
2024-03-18,TSLA,98.92,104.42,103.8,104.18,15552223
2024-03-19,TSLA,104.14,108.77,107.81,107.83,42659829
2024-03-20,TSLA,107.53,102.14,101.52,101.59,45077371
2024-03-21,TSLA,101.58,105.8,103.22,104.87,20537125
2024-03-22,TSLA,104.97,102.78,101.91,102.1,6161844
2024-03-25,TSLA,101.68,96.74,96.09,96.73,33153916
2024-03-26,TSLA,96.62,93.64,92.99,93.09,48919362
2024-03-27,TSLA,93.15,88.22,87.9,88.11,4169189
2024-03-28,TSLA,88.12,88.96,88.45,88.89,31252319
2024-03-29,TSLA,88.55,93.13,93.04,93.08,34864089
2024-04-01,TSLA,93.06,91.31,91.15,91.19,20305230
2024-04-02,TSLA,90.67,88.76,88.11,88.64,25143704
2024-04-03,TSLA,88.96,86.28,85.33,85.47,4223333
2024-04-04,TSLA,85.27,87.67,87.06,87.22,46489953
2024-04-05,TSLA,87.43,87.63,87.28,87.41,16388334
2024-04-08,TSLA,87.21,89.09,88.04,88.26,14123288
2024-04-09,TSLA,88.25,87.18,86.35,86.8,34378747
2024-04-10,TSLA,87.06,84.05,83.73,83.97,43735945
2024-04-11,TSLA,83.37,78.55,77.65,78.21,3095156
2024-04-12,TSLA,78.34,80.89,80.12,80.32,1034732
2024-04-15,TSLA,80.04,79.01,78.78,78.87,44897008
2024-04-16,TSLA,79.19,80.56,80.02,80.18,16356635
2024-04-17,TSLA,80.24,82.12,81.34,81.37,5920745
2024-04-18,TSLA,81.23,79.92,79.25,79.61,2252793
2024-04-19,TSLA,79.51,86.38,85.46,85.6,28281272
2024-04-22,TSLA,85.45,83.01,82.5,82.68,49882338
2024-04-23,TSLA,83.04,83.63,83.01,83.31,40369306
2024-04-24,TSLA,83.42,86.14,85.72,85.95,41023888
2024-04-25,TSLA,85.81,90.79,90.1,90.49,45287983
2024-04-26,TSLA,90.18,86.8,86.43,86.55,17778172
2024-04-29,TSLA,86.51,84.2,83.65,83.81,8823053
2024-04-30,TSLA,83.9,89.64,89.29,89.52,11916318
2024-05-01,TSLA,89.47,86.8,85.7,86.77,41518979
2024-05-02,TSLA,86.44,86.47,86.08,86.29,32329008
2024-05-03,TSLA,86.55,86.38,85.14,85.8,8442284
2024-05-06,TSLA,86.38,80.61,80.39,80.41,2603429
2024-05-07,TSLA,80.35,84.73,84.24,84.46,43868080
2024-05-08,TSLA,84.95,85.82,84.94,85.52,26405049
2024-05-09,TSLA,85.87,85.81,85.26,85.63,13144958
2024-05-10,TSLA,85.66,85.91,85.7,85.82,28804173
2024-05-13,TSLA,85.52,87.68,87.44,87.52,40991516
2024-05-14,TSLA,87.89,90.16,89.27,89.86,19428626
2024-05-15,TSLA,89.71,92.19,91.94,92.1,6666756
2024-05-16,TSLA,92.03,96.98,96.21,96.48,45518579
2024-05-17,TSLA,96.56,95.37,94.94,95.29,17132591
2024-05-20,TSLA,95.29,93.55,92.35,93.52,29879875
2024-05-21,TSLA,93.29,94.05,92.85,93.66,30472230
2024-05-22,TSLA,93.5,91.7,91.24,91.27,24731816
2024-05-23,TSLA,91.26,95.19,94.47,94.56,26617967
2024-05-24,TSLA,94.03,95.83,94.03,95.31,34458671
2024-05-27,TSLA,95.16,95.09,94.52,94.58,44089792
2024-05-28,TSLA,95.02,92.92,92.36,92.47,49059210
2024-05-29,TSLA,92.5,93.7,92.33,92.81,39898204
2024-05-30,TSLA,92.77,91.29,90.65,90.93,8556940
2024-05-31,TSLA,90.99,91.28,90.67,90.78,44720840
2024-06-03,TSLA,90.66,88.92,88.03,88.62,7671624
2024-06-04,TSLA,88.28,86.9,86.19,86.7,44665436
2024-06-05,TSLA,86.18,88.04,87.64,87.65,16405303
2024-06-06,TSLA,87.77,90.22,89.16,89.57,43236928
2024-06-07,TSLA,89.35,90.02,89.77,89.91,19693977
2024-06-10,TSLA,89.89,94.23,93.44,93.45,37151831
2024-06-11,TSLA,93.63,93.62,93.14,93.31,7186399
2024-06-12,TSLA,93.24,93.76,92.75,92.82,37124474
2024-06-13,TSLA,92.7,95.08,93.99,94.14,2812624
2024-06-14,TSLA,94.15,92.86,91.76,92.46,16759225
2024-06-17,TSLA,92.2,89.6,88.16,89.38,43200975
2024-06-18,TSLA,89.18,86.01,85.82,85.88,28171711
2024-06-19,TSLA,86.09,91.28,90.33,90.76,10059242
2024-06-20,TSLA,91.02,87.26,86.4,86.95,33359393
2024-06-21,TSLA,86.84,84.87,84.27,84.33,19180968
2024-06-24,TSLA,84.55,89.67,89.44,89.67,40614640
2024-06-25,TSLA,89.18,91.99,91.54,91.54,5266748
2024-06-26,TSLA,91.34,92.77,92.1,92.56,19535070
2024-06-27,TSLA,92.41,93.95,93.33,93.37,24432027
2024-06-28,TSLA,93.34,93.88,93.43,93.8,46808593
2024-07-01,TSLA,94.33,90.86,90.29,90.79,13414582
2024-07-02,TSLA,91.25,96.33,96.14,96.15,48059206
2024-07-03,TSLA,96.16,94.92,94.49,94.79,16254900
2024-07-04,TSLA,94.93,93.22,92.2,92.55,45433724
2024-07-05,TSLA,92.71,93.23,92.28,92.65,33230424
2024-07-08,TSLA,92.61,88.5,87.18,88.1,6817115
2024-07-09,TSLA,87.67,88.61,87.73,88.46,29460536
2024-07-10,TSLA,88.43,84.67,83.55,84.01,35365326
2024-07-11,TSLA,83.78,82.26,81.56,81.94,34639093
2024-07-12,TSLA,81.93,82.88,81.52,82.62,33477963
2024-07-15,TSLA,82.8,84.94,84.29,84.82,34296590
2024-07-16,TSLA,84.97,83.89,83.43,83.88,5875045
2024-07-17,TSLA,84.28,84.98,84.1,84.59,6780596
2024-07-18,TSLA,84.96,89.3,88.76,88.93,18050437
2024-07-19,TSLA,88.54,90.87,90.31,90.7,15031436
2024-07-22,TSLA,91.04,91.66,91.43,91.57,34770658
2024-07-23,TSLA,91.14,95.79,95.14,95.35,13676725
2024-07-24,TSLA,95.48,92.45,92.13,92.43,6762672
2024-07-25,TSLA,92.14,92.9,92.14,92.39,46288311
2024-07-26,TSLA,92.76,89.83,89.43,89.65,27980983
2024-07-29,TSLA,90.53,92.3,91.8,91.98,31153796
2024-07-30,TSLA,91.69,90.0,89.18,89.7,42060757
2024-07-31,TSLA,89.57,89.58,88.66,89.37,22064073
2024-08-01,TSLA,89.0,86.22,85.46,85.79,3226475
2024-08-02,TSLA,85.55,89.03,88.37,88.48,8028435
2024-08-05,TSLA,88.47,92.08,91.65,91.95,37734988
2024-08-06,TSLA,91.81,94.3,94.29,94.29,46234891
2024-08-07,TSLA,94.2,96.4,94.67,95.52,15867606
2024-08-08,TSLA,95.48,99.41,98.45,98.83,3094740
2024-08-09,TSLA,98.73,96.53,95.69,96.37,30572282
2024-08-12,TSLA,96.39,94.24,92.89,93.52,11357714
2024-08-13,TSLA,93.73,92.73,91.22,91.57,46415858
2024-08-14,TSLA,91.44,93.17,92.65,92.99,25099492
2024-08-15,TSLA,92.43,95.73,94.95,95.44,37500324
2024-08-16,TSLA,95.38,93.85,93.34,93.57,12782553
2024-08-19,TSLA,93.63,94.74,93.87,94.04,27886595
2024-08-20,TSLA,93.66,95.76,95.47,95.73,45053426
2024-08-21,TSLA,95.77,98.4,97.39,97.92,12787217
2024-08-22,TSLA,98.19,95.61,94.2,95.59,34184794
2024-08-23,TSLA,95.15,94.93,94.7,94.76,9719278
2024-08-26,TSLA,95.33,96.86,95.05,95.85,43834563
2024-08-27,TSLA,95.55,101.18,99.71,100.77,24785674
2024-08-28,TSLA,100.87,111.5,109.74,110.72,5884869
2024-08-29,TSLA,111.16,108.36,107.57,107.87,13500135
2024-08-30,TSLA,108.57,109.02,108.39,108.62,46057520
2024-09-02,TSLA,108.97,117.2,116.61,116.64,11477637
2024-09-03,TSLA,116.5,117.53,116.66,117.23,29152200
2024-09-04,TSLA,117.45,117.0,116.58,116.89,6126481
2024-09-05,TSLA,117.07,108.74,107.26,108.43,13118014
2024-09-06,TSLA,108.56,105.51,105.21,105.28,4265746
2024-09-09,TSLA,105.45,106.07,105.22,106.01,43678091
2024-09-10,TSLA,105.61,106.77,106.45,106.75,43159669
2024-09-11,TSLA,106.47,111.88,111.32,111.64,35116699
2024-09-12,TSLA,111.97,110.05,109.21,109.35,39327745
2024-09-13,TSLA,108.81,109.46,108.42,109.08,39994936
2024-09-16,TSLA,108.95,107.69,106.82,107.29,1173081
2024-09-17,TSLA,107.13,105.95,105.38,105.93,24124401
2024-09-18,TSLA,106.15,106.07,105.14,106.01,12924725
2024-09-19,TSLA,106.11,104.17,103.06,103.3,46491660
2024-09-20,TSLA,103.49,106.36,105.62,105.81,4134592
2024-09-23,TSLA,105.82,104.83,104.36,104.52,3412202
2024-09-24,TSLA,105.18,104.85,104.31,104.76,9293678
2024-09-25,TSLA,104.51,109.82,109.21,109.58,8117053
2024-09-26,TSLA,109.91,106.28,105.65,106.12,26143925
2024-09-27,TSLA,106.31,104.93,104.81,104.93,49559443
2024-09-30,TSLA,104.84,103.58,102.78,103.48,18219305
2024-10-01,TSLA,103.34,103.22,102.39,103.18,11622108
2024-10-02,TSLA,103.42,105.77,104.44,104.72,37386867
2024-10-03,TSLA,105.16,109.41,108.47,109.07,2140919
2024-10-04,TSLA,109.26,115.56,114.63,114.74,43310565
2024-10-07,TSLA,115.07,106.3,106.07,106.16,20223762
2024-10-08,TSLA,106.28,110.0,108.14,109.42,22908801
2024-10-09,TSLA,109.25,106.28,104.74,105.14,40656770
2024-10-10,TSLA,105.32,102.43,101.95,102.1,14389190
2024-10-11,TSLA,102.28,98.59,98.07,98.36,47732786
2024-10-14,TSLA,98.72,97.43,96.57,96.67,7256872
2024-10-15,TSLA,96.73,99.03,98.08,98.66,12028844
2024-10-16,TSLA,99.11,96.44,95.36,95.43,12834017
2024-10-17,TSLA,94.9,92.5,91.84,92.35,2420766
2024-10-18,TSLA,92.31,90.73,90.03,90.28,39554840
2024-10-21,TSLA,90.56,90.07,89.22,89.72,9800679
2024-10-22,TSLA,89.82,92.18,91.12,91.55,16286742
2024-10-23,TSLA,91.63,86.09,85.42,85.86,13091401
2024-10-24,TSLA,86.0,90.54,90.2,90.3,49113740
2024-10-25,TSLA,90.42,91.21,90.13,90.93,32641020
2024-10-28,TSLA,90.9,92.56,90.73,91.63,15825640
2024-10-29,TSLA,91.49,91.15,90.43,90.88,6144158
2024-10-30,TSLA,90.9,93.46,92.44,93.04,36032329
2024-10-31,TSLA,92.53,99.07,97.73,98.03,3069835
2024-11-01,TSLA,97.95,93.85,93.36,93.46,7268582
2024-11-04,TSLA,92.96,99.83,98.62,99.5,41889797
2024-11-05,TSLA,99.51,104.12,103.84,104.04,25311501
2024-11-06,TSLA,104.51,104.02,102.51,103.53,22228302
2024-11-07,TSLA,103.64,105.03,104.48,104.97,34942814
2024-11-08,TSLA,104.91,102.95,101.42,102.18,2335965
2024-11-11,TSLA,101.8,97.51,97.22,97.27,27002825
2024-11-12,TSLA,97.06,97.57,96.49,97.43,34646746
2024-11-13,TSLA,97.3,98.58,97.58,97.99,27827035
2024-11-14,TSLA,98.12,98.44,96.23,96.93,46965383
2024-11-15,TSLA,96.93,97.58,97.43,97.58,32566555
2024-11-18,TSLA,97.25,95.42,94.96,95.38,33675043
2024-11-19,TSLA,95.2,96.76,95.91,96.29,22932995
2024-11-20,TSLA,95.79,92.55,91.51,91.96,18780413
2024-11-21,TSLA,92.28,93.58,93.18,93.46,6863935
2024-11-22,TSLA,93.27,98.0,96.6,97.25,25593860
2024-11-25,TSLA,96.68,90.84,90.7,90.78,39237066
2024-11-26,TSLA,90.56,83.61,82.77,82.97,14247387
2024-11-27,TSLA,82.99,83.45,83.15,83.35,2556648
2024-11-28,TSLA,83.26,79.79,79.03,79.74,48495591
2024-11-29,TSLA,79.81,80.82,79.55,80.42,44267969
