date,city,max_temp,min_temp,precipitation,humidity,wind_speed
2022-01-01,Mumbai,34.0,26.3,4.9,87,28.4
2022-01-01,London,6.2,-1.3,2.1,54,9.0
2022-01-01,New York,9.8,-0.1,0.5,86,10.4
2022-01-01,Tokyo,16.0,1.7,0.6,75,17.8
2022-01-01,Sydney,27.8,18.2,4.2,78,19.6
2022-01-02,Mumbai,34.3,25.2,1.3,66,24.3
2022-01-02,London,7.6,1.8,7.1,50,22.9
2022-01-02,New York,5.1,-1.2,1.8,89,20.3
2022-01-02,Tokyo,13.0,6.2,0.2,80,6.9
2022-01-02,Sydney,24.1,16.1,3.5,88,5.5
2022-01-03,Mumbai,34.2,29.2,0.4,75,2.7
2022-01-03,London,7.6,0.2,6.0,83,17.7
2022-01-03,New York,5.7,-3.8,1.0,71,43.5
2022-01-03,Tokyo,16.3,5.6,0.3,69,34.6
2022-01-03,Sydney,27.0,18.0,3.2,54,19.4
2022-01-04,Mumbai,35.6,26.4,3.1,42,17.7
2022-01-04,London,8.7,-4.8,2.0,50,12.6
2022-01-04,New York,5.1,-2.7,5.8,83,13.6
2022-01-04,Tokyo,13.8,6.0,7.6,74,7.9
2022-01-04,Sydney,28.9,19.5,1.8,87,30.8
2022-01-05,Mumbai,39.0,26.4,1.3,72,36.6
2022-01-05,London,7.0,2.1,5.2,55,20.0
2022-01-05,New York,3.4,-1.6,1.7,45,9.3
2022-01-05,Tokyo,13.5,9.5,3.0,82,22.2
2022-01-05,Sydney,28.1,17.2,0.2,70,21.6
2022-01-06,Mumbai,35.8,25.0,0.8,72,29.0
2022-01-06,London,3.1,-0.6,2.4,69,24.7
2022-01-06,New York,4.2,-2.7,18.4,65,6.8
2022-01-06,Tokyo,15.8,5.6,2.7,70,0.0
2022-01-06,Sydney,27.1,16.4,0.8,45,15.4
2022-01-07,Mumbai,38.6,26.5,7.9,44,16.8
2022-01-07,London,6.1,-0.7,2.9,71,8.4
2022-01-07,New York,5.2,-1.8,0.0,50,27.3
2022-01-07,Tokyo,13.0,5.9,4.2,70,32.6
2022-01-07,Sydney,27.0,18.1,2.6,54,9.9
2022-01-08,Mumbai,37.6,25.2,3.3,80,15.7
2022-01-08,London,4.4,-0.5,3.1,70,25.6
2022-01-08,New York,8.4,-3.8,1.1,66,17.4
2022-01-08,Tokyo,12.9,7.9,0.2,75,19.9
2022-01-08,Sydney,27.7,17.0,4.6,57,16.1
2022-01-09,Mumbai,37.0,25.6,1.5,74,17.6
2022-01-09,London,5.6,0.5,12.8,82,13.8
2022-01-09,New York,5.4,0.2,2.2,44,10.2
2022-01-09,Tokyo,14.8,5.0,0.3,83,19.9
2022-01-09,Sydney,29.9,17.6,0.6,71,24.8
2022-01-10,Mumbai,35.6,26.7,2.5,60,28.6
2022-01-10,London,8.0,1.5,0.4,70,5.0
2022-01-10,New York,3.9,-3.1,8.7,45,13.3
2022-01-10,Tokyo,12.3,5.3,5.8,65,8.5
2022-01-10,Sydney,26.4,14.6,7.5,76,15.5
2022-01-11,Mumbai,37.0,28.1,0.5,87,17.8
2022-01-11,London,8.2,-1.3,0.3,78,36.7
2022-01-11,New York,6.4,-2.9,3.4,88,23.5
2022-01-11,Tokyo,12.6,6.5,0.5,65,31.2
2022-01-11,Sydney,26.3,20.6,0.0,48,27.9
2022-01-12,Mumbai,32.6,23.6,0.4,48,22.4
2022-01-12,London,7.3,-1.8,0.5,62,15.3
2022-01-12,New York,8.9,-2.9,1.1,71,18.0
2022-01-12,Tokyo,15.1,3.1,2.6,44,13.9
2022-01-12,Sydney,24.4,19.4,0.2,82,14.7
2022-01-13,Mumbai,32.5,24.5,1.8,45,22.2
2022-01-13,London,7.0,-1.0,2.9,53,27.7
2022-01-13,New York,5.2,-2.8,1.4,85,15.7
2022-01-13,Tokyo,13.2,5.9,2.0,81,22.4
2022-01-13,Sydney,25.3,21.8,14.4,71,29.8
2022-01-14,Mumbai,36.7,26.4,3.9,85,18.3
2022-01-14,London,7.1,0.1,0.2,89,21.8
2022-01-14,New York,4.1,1.5,1.8,46,13.9
2022-01-14,Tokyo,17.1,3.4,4.1,60,23.7
2022-01-14,Sydney,26.9,19.3,2.5,72,8.0
2022-01-15,Mumbai,36.6,24.5,1.1,70,30.3
2022-01-15,London,6.5,0.2,0.1,83,20.5
2022-01-15,New York,7.5,-3.4,16.7,79,22.6
2022-01-15,Tokyo,14.6,4.9,2.8,59,23.2
2022-01-15,Sydney,28.0,16.9,0.9,71,19.5
2022-01-16,Mumbai,35.7,26.3,0.3,82,11.5
2022-01-16,London,7.6,-1.8,3.2,80,32.9
2022-01-16,New York,4.6,-1.5,6.3,42,14.5
2022-01-16,Tokyo,14.3,3.5,0.5,45,37.7
2022-01-16,Sydney,25.6,18.0,5.7,70,15.0
2022-01-17,Mumbai,33.4,25.3,0.8,45,21.3
2022-01-17,London,6.5,-1.6,5.7,78,25.5
2022-01-17,New York,3.3,-2.8,2.6,89,20.9
2022-01-17,Tokyo,13.7,3.0,3.6,52,20.6
2022-01-17,Sydney,25.8,19.3,6.5,79,9.7
2022-01-18,Mumbai,33.9,27.6,0.5,79,8.6
2022-01-18,London,5.7,1.5,5.9,56,12.2
2022-01-18,New York,5.9,-3.3,17.2,42,26.9
2022-01-18,Tokyo,12.7,3.1,1.6,40,18.2
2022-01-18,Sydney,30.1,19.0,0.9,58,22.0
2022-01-19,Mumbai,34.7,28.0,7.7,66,0.0
2022-01-19,London,8.3,-0.9,9.0,74,28.7
2022-01-19,New York,3.8,-1.4,1.1,73,3.6
2022-01-19,Tokyo,15.9,5.7,3.9,51,34.1
2022-01-19,Sydney,26.5,19.3,2.3,40,34.4
2022-01-20,Mumbai,36.0,28.8,0.6,84,14.9
2022-01-20,London,8.4,-1.0,7.9,46,18.6
2022-01-20,New York,7.0,-3.1,1.5,66,21.6
2022-01-20,Tokyo,15.8,5.0,2.2,75,20.5
2022-01-20,Sydney,26.0,18.4,0.9,64,33.1
2022-01-21,Mumbai,36.9,26.5,1.9,59,23.3
2022-01-21,London,5.2,2.1,1.5,62,8.1
2022-01-21,New York,4.1,-5.6,3.7,78,0.0
2022-01-21,Tokyo,15.3,6.4,1.0,61,19.0
2022-01-21,Sydney,29.6,17.9,4.0,56,23.0
2022-01-22,Mumbai,37.0,24.1,0.7,56,24.7
2022-01-22,London,5.5,-1.6,0.9,58,16.4
2022-01-22,New York,4.5,-3.6,0.2,87,24.5
2022-01-22,Tokyo,13.2,6.3,0.5,74,10.5
2022-01-22,Sydney,28.9,16.3,10.8,62,24.2
2022-01-23,Mumbai,34.4,27.3,2.6,48,26.5
2022-01-23,London,1.9,-1.6,0.2,44,17.8
2022-01-23,New York,6.9,-2.8,0.9,76,16.2
2022-01-23,Tokyo,11.0,6.7,1.9,80,9.6
2022-01-23,Sydney,24.5,20.9,3.1,85,13.7
2022-01-24,Mumbai,35.0,26.2,8.5,41,30.6
2022-01-24,London,5.5,-4.1,1.0,72,0.9
2022-01-24,New York,6.0,-1.4,1.0,57,8.5
2022-01-24,Tokyo,14.6,6.9,1.3,62,14.5
2022-01-24,Sydney,27.2,19.0,0.6,83,22.6
2022-01-25,Mumbai,32.3,22.9,8.9,54,33.1
2022-01-25,London,3.4,-3.3,0.5,78,28.7
2022-01-25,New York,6.0,-4.2,0.5,40,36.2
2022-01-25,Tokyo,15.6,3.9,10.3,48,14.2
2022-01-25,Sydney,24.9,18.5,2.1,76,15.1
2022-01-26,Mumbai,37.2,25.6,0.4,58,4.5
2022-01-26,London,7.7,-1.4,0.2,51,20.6
2022-01-26,New York,4.9,-2.3,0.4,71,23.1
2022-01-26,Tokyo,15.3,3.2,0.5,50,21.6
2022-01-26,Sydney,27.0,21.4,0.1,50,11.2
2022-01-27,Mumbai,39.4,24.7,1.9,78,18.2
2022-01-27,London,6.7,-0.7,0.1,61,13.5
2022-01-27,New York,8.1,0.2,2.2,80,4.9
2022-01-27,Tokyo,14.1,5.1,1.1,81,23.1
2022-01-27,Sydney,27.9,17.3,5.6,61,44.4
2022-01-28,Mumbai,34.6,25.3,1.4,78,25.0
2022-01-28,London,4.4,0.2,5.9,48,9.1
2022-01-28,New York,7.9,-2.0,1.6,74,12.9
2022-01-28,Tokyo,13.2,4.6,1.5,85,13.3
2022-01-28,Sydney,28.1,20.4,4.3,68,8.7
2022-01-29,Mumbai,36.0,25.7,0.4,57,22.7
2022-01-29,London,3.9,-1.3,4.5,42,21.6
2022-01-29,New York,6.6,-1.7,3.2,85,23.0
2022-01-29,Tokyo,14.0,4.9,5.7,69,16.7
2022-01-29,Sydney,24.3,17.2,11.7,56,35.7
2022-01-30,Mumbai,35.9,25.2,0.3,68,12.9
2022-01-30,London,9.3,-2.2,0.1,81,18.9
2022-01-30,New York,6.9,-2.1,10.1,80,16.5
2022-01-30,Tokyo,12.0,5.5,0.4,82,33.2
2022-01-30,Sydney,27.3,18.7,2.3,82,22.7
2022-01-31,Mumbai,36.2,25.9,0.7,74,20.1
2022-01-31,London,6.6,-1.6,0.3,85,22.8
2022-01-31,New York,6.1,2.6,4.6,51,20.7
2022-01-31,Tokyo,13.7,3.9,4.4,44,24.4
2022-01-31,Sydney,25.8,18.4,1.4,70,19.7
2022-02-01,Mumbai,37.9,31.5,4.5,71,0.0
2022-02-01,London,10.5,2.9,1.9,64,32.5
2022-02-01,New York,6.3,1.4,1.5,77,24.5
2022-02-01,Tokyo,19.7,12.0,6.0,69,16.3
2022-02-01,Sydney,23.3,16.2,2.4,73,19.2
2022-02-02,Mumbai,35.8,28.3,1.1,55,35.9
2022-02-02,London,9.7,1.3,1.5,76,22.3
2022-02-02,New York,9.4,1.6,6.7,86,19.9
2022-02-02,Tokyo,16.5,10.5,1.3,63,28.7
2022-02-02,Sydney,25.1,18.5,14.0,54,24.2
2022-02-03,Mumbai,36.1,28.1,1.6,43,19.0
2022-02-03,London,6.0,1.4,2.6,43,24.4
2022-02-03,New York,10.0,3.5,4.8,59,45.0
2022-02-03,Tokyo,18.8,12.1,3.1,70,26.6
2022-02-03,Sydney,24.2,19.9,1.8,53,33.6
2022-02-04,Mumbai,39.6,26.4,1.5,44,19.4
2022-02-04,London,11.4,1.6,5.6,41,15.3
2022-02-04,New York,11.7,3.9,8.1,45,36.3
2022-02-04,Tokyo,18.2,9.5,8.3,83,0.2
2022-02-04,Sydney,22.9,18.7,1.4,69,20.1
2022-02-05,Mumbai,37.4,26.8,0.5,75,2.3
2022-02-05,London,9.7,4.4,0.4,58,13.9
2022-02-05,New York,11.3,3.4,10.4,60,12.3
2022-02-05,Tokyo,20.2,10.1,3.0,40,19.5
2022-02-05,Sydney,23.0,16.9,0.4,72,13.5
2022-02-06,Mumbai,37.0,28.0,4.2,67,34.3
2022-02-06,London,8.7,1.1,8.3,49,31.9
2022-02-06,New York,9.9,3.6,4.6,51,8.1
2022-02-06,Tokyo,18.2,9.0,1.1,53,23.8
2022-02-06,Sydney,22.6,17.1,6.4,57,24.6
2022-02-07,Mumbai,36.8,29.1,2.0,81,39.0
2022-02-07,London,8.9,1.4,5.1,57,4.5
2022-02-07,New York,11.6,4.1,0.2,82,25.0
2022-02-07,Tokyo,17.1,8.1,0.4,88,14.7
2022-02-07,Sydney,24.2,18.8,2.5,52,14.9
2022-02-08,Mumbai,39.0,26.8,0.3,88,18.2
2022-02-08,London,8.5,3.8,4.3,67,8.5
2022-02-08,New York,7.4,-1.1,11.8,82,14.6
2022-02-08,Tokyo,20.1,8.9,1.9,71,46.7
2022-02-08,Sydney,20.8,14.9,2.3,57,9.7
2022-02-09,Mumbai,39.2,27.2,0.0,88,29.5
2022-02-09,London,9.3,2.0,3.2,48,20.9
2022-02-09,New York,14.5,1.5,1.1,54,14.7
2022-02-09,Tokyo,18.4,9.8,0.4,71,15.0
2022-02-09,Sydney,23.8,14.7,2.0,53,8.3
2022-02-10,Mumbai,36.8,26.8,4.0,77,22.2
2022-02-10,London,8.7,1.5,1.6,50,5.1
2022-02-10,New York,9.7,-1.1,0.3,59,29.2
2022-02-10,Tokyo,20.4,10.6,1.0,58,18.0
2022-02-10,Sydney,28.1,13.3,0.1,83,15.7
2022-02-11,Mumbai,38.6,25.9,3.8,59,17.8
2022-02-11,London,9.9,3.8,5.5,69,0.0
2022-02-11,New York,8.3,3.1,12.5,55,29.1
2022-02-11,Tokyo,17.4,10.5,1.3,49,23.4
2022-02-11,Sydney,25.5,16.5,0.1,88,30.8
2022-02-12,Mumbai,35.9,29.9,0.5,76,8.5
2022-02-12,London,7.8,3.8,1.5,89,4.7
2022-02-12,New York,10.7,1.6,1.3,47,24.6
2022-02-12,Tokyo,20.4,12.7,1.1,73,22.3
2022-02-12,Sydney,26.3,21.0,2.8,50,0.0
2022-02-13,Mumbai,36.5,27.6,2.1,54,5.7
2022-02-13,London,11.0,5.1,2.5,75,0.0
2022-02-13,New York,9.1,2.0,3.5,79,23.8
2022-02-13,Tokyo,18.0,12.8,0.4,70,17.3
2022-02-13,Sydney,25.3,16.1,1.4,59,13.1
2022-02-14,Mumbai,36.2,27.7,0.2,88,23.2
2022-02-14,London,8.3,0.0,5.1,42,18.4
2022-02-14,New York,12.3,1.1,4.5,67,5.9
2022-02-14,Tokyo,18.7,10.0,4.2,43,8.0
2022-02-14,Sydney,24.7,15.7,0.3,67,10.5
2022-02-15,Mumbai,34.5,29.5,2.5,49,21.0
2022-02-15,London,10.3,0.9,7.5,86,18.3
2022-02-15,New York,9.0,1.2,3.0,87,27.5
2022-02-15,Tokyo,19.1,10.1,3.3,47,4.7
2022-02-15,Sydney,22.5,13.4,1.8,63,16.2
2022-02-16,Mumbai,40.8,26.8,4.0,89,22.0
2022-02-16,London,9.5,0.5,0.0,57,30.8
2022-02-16,New York,8.7,4.8,2.0,83,31.7
2022-02-16,Tokyo,18.5,10.3,0.2,77,28.6
2022-02-16,Sydney,21.5,18.0,3.1,85,9.9
2022-02-17,Mumbai,37.7,31.5,17.8,42,28.9
2022-02-17,London,11.7,2.3,9.5,52,3.3
2022-02-17,New York,9.5,2.4,4.0,43,9.4
2022-02-17,Tokyo,21.6,13.6,5.7,40,21.0
2022-02-17,Sydney,23.0,15.6,2.3,65,16.3
2022-02-18,Mumbai,38.1,28.6,1.0,55,28.4
2022-02-18,London,11.9,1.8,7.2,59,17.2
2022-02-18,New York,11.8,2.3,0.1,78,27.6
2022-02-18,Tokyo,18.6,11.0,10.2,54,26.2
2022-02-18,Sydney,27.8,16.8,0.8,55,21.7
2022-02-19,Mumbai,38.3,26.9,2.9,59,8.3
2022-02-19,London,8.3,3.2,2.0,43,13.2
2022-02-19,New York,10.4,1.1,3.5,44,31.8
2022-02-19,Tokyo,20.0,10.4,1.5,65,17.6
2022-02-19,Sydney,23.5,13.3,2.0,64,23.4
2022-02-20,Mumbai,37.3,27.8,2.0,69,27.4
2022-02-20,London,9.2,4.8,1.1,53,11.4
2022-02-20,New York,12.0,3.5,0.9,61,23.7
2022-02-20,Tokyo,21.5,10.3,3.1,64,18.5
2022-02-20,Sydney,23.0,16.7,0.2,53,23.4
2022-02-21,Mumbai,38.4,29.2,0.3,54,14.8
2022-02-21,London,8.4,3.0,2.4,71,9.4
2022-02-21,New York,9.6,2.8,2.3,45,5.1
2022-02-21,Tokyo,18.4,13.9,3.7,54,23.9
2022-02-21,Sydney,25.5,15.8,0.6,74,22.7
2022-02-22,Mumbai,38.5,27.1,3.5,78,5.4
2022-02-22,London,7.6,2.4,2.2,56,14.1
2022-02-22,New York,11.0,-0.2,1.1,86,13.7
2022-02-22,Tokyo,17.1,10.9,6.1,55,20.4
2022-02-22,Sydney,24.5,15.0,3.9,87,7.9
2022-02-23,Mumbai,34.3,29.9,1.4,78,29.5
2022-02-23,London,11.3,2.1,3.2,65,43.4
2022-02-23,New York,11.0,1.6,2.5,78,13.8
2022-02-23,Tokyo,18.7,10.7,7.7,64,39.0
2022-02-23,Sydney,22.5,17.1,10.0,70,22.6
2022-02-24,Mumbai,35.1,28.5,1.6,60,6.3
2022-02-24,London,9.2,2.6,2.0,66,17.0
2022-02-24,New York,9.3,1.3,2.5,70,21.0
2022-02-24,Tokyo,17.0,10.9,1.2,64,7.1
2022-02-24,Sydney,25.7,16.1,4.8,42,8.0
2022-02-25,Mumbai,37.2,31.1,0.0,57,28.0
2022-02-25,London,7.7,5.4,5.2,73,26.2
2022-02-25,New York,10.7,0.1,4.8,68,5.6
2022-02-25,Tokyo,17.9,12.6,1.3,50,18.4
2022-02-25,Sydney,24.3,14.9,5.1,89,28.0
2022-02-26,Mumbai,36.7,28.0,3.0,67,36.6
2022-02-26,London,9.1,3.5,0.5,71,23.2
2022-02-26,New York,11.0,4.0,0.3,56,22.8
2022-02-26,Tokyo,18.8,11.3,1.7,70,36.2
2022-02-26,Sydney,25.7,17.1,0.6,87,11.2
2022-02-27,Mumbai,37.9,30.4,5.6,81,20.1
2022-02-27,London,10.0,4.0,3.7,61,31.5
2022-02-27,New York,11.9,2.8,5.9,56,29.5
2022-02-27,Tokyo,19.2,13.0,5.7,42,3.8
2022-02-27,Sydney,25.8,17.1,1.1,46,33.2
2022-02-28,Mumbai,35.8,27.5,2.9,73,28.1
2022-02-28,London,8.2,3.7,3.3,59,28.9
2022-02-28,New York,8.9,4.8,4.7,56,35.2
2022-02-28,Tokyo,19.3,12.0,3.5,49,0.0
2022-02-28,Sydney,26.8,15.4,0.7,47,29.6
2022-03-01,Mumbai,38.7,29.4,1.2,89,17.1
2022-03-01,London,18.3,6.9,0.7,48,30.3
2022-03-01,New York,15.4,8.9,0.7,76,29.9
2022-03-01,Tokyo,27.4,18.5,8.9,86,28.8
2022-03-01,Sydney,21.7,11.7,5.8,58,24.4
2022-03-02,Mumbai,40.3,30.4,0.8,43,38.9
2022-03-02,London,15.3,6.8,0.2,79,0.0
2022-03-02,New York,14.6,5.9,2.7,70,9.7
2022-03-02,Tokyo,26.5,16.0,1.5,41,45.6
2022-03-02,Sydney,20.9,10.8,0.6,79,22.3
2022-03-03,Mumbai,39.8,30.0,10.2,67,17.4
2022-03-03,London,15.4,8.3,3.1,44,25.7
2022-03-03,New York,15.6,9.7,1.9,62,25.6
2022-03-03,Tokyo,26.5,17.5,0.1,81,8.5
2022-03-03,Sydney,21.0,10.4,3.2,85,5.8
2022-03-04,Mumbai,37.9,28.4,3.6,83,30.8
2022-03-04,London,16.9,6.5,1.2,76,13.1
2022-03-04,New York,16.8,8.2,4.6,73,16.6
2022-03-04,Tokyo,28.3,14.1,1.1,75,46.1
2022-03-04,Sydney,20.2,13.5,0.2,81,10.7
2022-03-05,Mumbai,39.7,27.6,5.5,79,13.0
2022-03-05,London,14.6,9.0,16.4,43,30.9
2022-03-05,New York,15.1,7.9,9.8,67,21.7
2022-03-05,Tokyo,23.3,17.1,8.4,43,31.8
2022-03-05,Sydney,24.5,13.5,3.8,53,17.0
2022-03-06,Mumbai,38.5,29.0,2.3,45,29.0
2022-03-06,London,13.9,8.6,1.7,66,4.6
2022-03-06,New York,19.1,6.6,2.5,67,19.9
2022-03-06,Tokyo,24.6,18.0,0.0,72,31.6
2022-03-06,Sydney,20.5,13.3,0.9,73,14.2
2022-03-07,Mumbai,37.5,28.1,1.0,42,19.3
2022-03-07,London,12.7,7.4,4.4,81,33.4
2022-03-07,New York,17.6,9.2,2.2,43,9.6
2022-03-07,Tokyo,24.7,15.4,0.9,63,34.7
2022-03-07,Sydney,23.8,12.3,4.3,81,12.2
2022-03-08,Mumbai,41.1,28.0,2.5,45,23.9
2022-03-08,London,12.8,7.2,2.3,72,8.3
2022-03-08,New York,16.0,8.3,1.3,79,2.4
2022-03-08,Tokyo,21.3,17.7,6.4,65,19.6
2022-03-08,Sydney,21.0,12.4,1.3,85,32.3
2022-03-09,Mumbai,37.8,26.8,1.7,88,15.9
2022-03-09,London,14.2,8.8,7.3,76,18.9
2022-03-09,New York,17.2,7.2,1.4,71,15.2
2022-03-09,Tokyo,24.7,17.0,1.7,70,0.0
2022-03-09,Sydney,21.8,12.5,2.7,50,50.0
2022-03-10,Mumbai,37.4,29.1,8.0,49,12.6
2022-03-10,London,15.9,7.6,4.8,49,6.2
2022-03-10,New York,16.6,8.0,3.7,61,35.7
2022-03-10,Tokyo,23.2,16.6,4.3,86,23.5
2022-03-10,Sydney,22.4,17.1,2.9,79,1.2
2022-03-11,Mumbai,35.5,27.8,3.8,79,27.0
2022-03-11,London,15.5,6.2,4.6,70,11.3
2022-03-11,New York,16.1,7.9,1.0,65,9.4
2022-03-11,Tokyo,24.0,15.5,1.8,81,18.0
2022-03-11,Sydney,21.3,13.0,4.1,84,20.4
2022-03-12,Mumbai,37.7,28.8,1.1,43,32.3
2022-03-12,London,12.1,7.4,3.1,81,24.6
2022-03-12,New York,14.7,8.4,9.1,68,14.6
2022-03-12,Tokyo,23.7,15.7,5.1,58,16.3
2022-03-12,Sydney,21.8,11.8,3.3,79,25.8
2022-03-13,Mumbai,40.5,29.1,3.0,45,24.9
2022-03-13,London,15.9,7.9,2.8,59,22.8
2022-03-13,New York,13.7,7.6,2.4,76,18.5
2022-03-13,Tokyo,23.6,17.5,0.1,83,37.5
2022-03-13,Sydney,20.2,10.2,2.6,81,17.8
2022-03-14,Mumbai,38.7,27.6,0.5,60,5.2
2022-03-14,London,11.8,9.4,2.5,51,22.0
2022-03-14,New York,15.6,8.2,3.2,71,25.4
2022-03-14,Tokyo,25.0,18.0,0.3,73,18.9
2022-03-14,Sydney,20.9,14.7,0.5,60,11.4
2022-03-15,Mumbai,35.4,30.5,9.8,78,22.6
2022-03-15,London,12.6,5.6,0.3,53,16.9
2022-03-15,New York,17.4,8.7,0.7,82,15.4
2022-03-15,Tokyo,26.0,17.6,12.1,74,0.0
2022-03-15,Sydney,20.4,14.0,1.2,81,6.4
2022-03-16,Mumbai,37.2,30.8,0.6,50,43.8
2022-03-16,London,13.2,9.0,1.3,61,20.7
2022-03-16,New York,17.5,9.0,4.2,81,21.0
2022-03-16,Tokyo,24.3,18.9,1.7,62,19.0
2022-03-16,Sydney,24.2,11.9,8.2,51,20.5
2022-03-17,Mumbai,37.1,27.4,3.9,57,32.6
2022-03-17,London,11.6,9.8,1.4,76,19.1
2022-03-17,New York,17.5,6.4,5.1,79,5.9
2022-03-17,Tokyo,26.6,16.3,2.7,52,20.7
2022-03-17,Sydney,23.2,12.6,0.6,55,18.0
2022-03-18,Mumbai,38.9,27.2,5.8,64,15.1
2022-03-18,London,15.2,5.4,3.0,89,33.7
2022-03-18,New York,16.0,8.3,5.5,68,20.3
2022-03-18,Tokyo,24.1,17.1,1.7,45,19.2
2022-03-18,Sydney,19.9,11.8,3.4,79,21.6
2022-03-19,Mumbai,36.1,28.8,2.7,67,30.9
2022-03-19,London,11.9,7.4,10.1,72,14.2
2022-03-19,New York,15.4,7.8,3.2,59,14.7
2022-03-19,Tokyo,25.5,18.7,5.6,49,5.2
2022-03-19,Sydney,22.3,14.2,2.8,43,15.0
2022-03-20,Mumbai,38.3,26.1,9.0,82,22.7
2022-03-20,London,14.5,7.6,2.0,80,17.3
2022-03-20,New York,15.3,9.6,0.1,71,24.3
2022-03-20,Tokyo,23.4,17.8,2.5,50,13.2
2022-03-20,Sydney,17.9,12.1,2.4,82,10.3
2022-03-21,Mumbai,38.0,28.3,2.3,64,32.6
2022-03-21,London,13.7,6.1,3.3,66,7.4
2022-03-21,New York,14.7,6.9,0.0,88,15.2
2022-03-21,Tokyo,21.3,16.9,5.5,43,4.8
2022-03-21,Sydney,21.4,13.5,0.4,67,27.8
2022-03-22,Mumbai,36.7,30.4,1.2,69,18.9
2022-03-22,London,15.8,6.5,0.5,72,1.7
2022-03-22,New York,15.2,6.8,0.8,55,25.6
2022-03-22,Tokyo,25.9,17.3,1.8,76,16.2
2022-03-22,Sydney,20.4,11.6,0.1,86,23.4
2022-03-23,Mumbai,38.5,29.6,2.4,73,8.2
2022-03-23,London,15.2,7.3,0.2,56,28.4
2022-03-23,New York,16.0,9.7,2.0,49,25.6
2022-03-23,Tokyo,25.4,18.3,2.7,42,12.4
2022-03-23,Sydney,21.8,11.3,2.1,43,8.1
2022-03-24,Mumbai,36.4,29.2,16.8,43,4.1
2022-03-24,London,11.5,7.7,2.8,67,26.0
2022-03-24,New York,15.8,9.5,0.0,46,10.5
2022-03-24,Tokyo,25.8,18.8,0.7,41,17.5
2022-03-24,Sydney,21.6,13.2,11.6,46,25.6
2022-03-25,Mumbai,36.2,30.6,0.1,40,20.5
2022-03-25,London,15.5,6.4,0.6,57,18.7
2022-03-25,New York,12.2,6.8,2.0,42,0.0
2022-03-25,Tokyo,24.9,16.6,0.9,81,36.5
2022-03-25,Sydney,21.5,14.8,0.7,82,31.2
2022-03-26,Mumbai,40.6,25.8,0.2,47,27.0
2022-03-26,London,12.5,4.1,1.6,81,35.3
2022-03-26,New York,17.9,7.6,6.0,75,15.5
2022-03-26,Tokyo,26.5,15.5,1.4,41,21.7
2022-03-26,Sydney,18.7,10.7,6.6,59,6.3
2022-03-27,Mumbai,36.5,29.0,3.8,63,29.5
2022-03-27,London,14.2,6.5,9.8,50,20.4
2022-03-27,New York,17.1,8.1,5.7,80,37.4
2022-03-27,Tokyo,22.8,15.9,0.5,86,6.0
2022-03-27,Sydney,21.0,15.9,0.3,63,20.2
2022-03-28,Mumbai,37.9,29.2,3.5,60,11.1
2022-03-28,London,14.2,7.9,1.6,55,23.1
2022-03-28,New York,17.1,7.6,4.5,56,13.7
2022-03-28,Tokyo,23.8,16.6,0.5,43,26.9
2022-03-28,Sydney,21.4,12.0,5.1,58,5.9
2022-03-29,Mumbai,37.5,29.2,3.3,82,33.4
2022-03-29,London,15.9,6.3,3.6,75,26.9
2022-03-29,New York,15.6,10.6,5.2,69,0.0
2022-03-29,Tokyo,26.0,17.4,3.5,87,32.7
2022-03-29,Sydney,20.2,12.3,0.5,59,15.9
2022-03-30,Mumbai,36.9,27.1,2.5,64,20.1
2022-03-30,London,16.2,7.8,0.9,69,7.9
2022-03-30,New York,12.9,9.0,5.2,56,20.1
2022-03-30,Tokyo,25.3,17.7,9.6,60,25.4
2022-03-30,Sydney,21.4,14.2,0.2,65,19.7
2022-03-31,Mumbai,37.7,29.9,8.1,77,39.5
2022-03-31,London,13.2,7.0,0.4,70,32.6
2022-03-31,New York,17.1,9.6,5.2,64,13.4
2022-03-31,Tokyo,27.0,16.5,4.2,84,17.1
2022-03-31,Sydney,18.8,13.0,0.0,73,16.3
2022-04-01,Mumbai,37.0,27.0,1.0,62,13.4
2022-04-01,London,18.7,10.9,0.8,89,17.6
2022-04-01,New York,23.6,13.6,1.8,54,18.2
2022-04-01,Tokyo,28.1,20.1,1.6,41,9.2
2022-04-01,Sydney,20.6,6.9,11.5,74,14.9
2022-04-02,Mumbai,38.0,27.9,0.9,44,1.1
2022-04-02,London,18.3,12.5,0.4,67,27.4
2022-04-02,New York,22.1,15.1,5.2,82,13.8
2022-04-02,Tokyo,29.4,19.7,0.1,67,24.8
2022-04-02,Sydney,17.8,9.6,4.3,42,32.2
2022-04-03,Mumbai,39.6,30.0,3.5,71,9.0
2022-04-03,London,18.3,12.1,0.0,70,26.1
2022-04-03,New York,25.1,15.8,4.4,84,15.2
2022-04-03,Tokyo,25.9,18.4,1.3,52,18.2
2022-04-03,Sydney,16.7,11.0,0.1,73,23.6
2022-04-04,Mumbai,36.9,30.9,4.4,44,34.0
2022-04-04,London,19.5,11.4,12.0,63,4.8
2022-04-04,New York,18.1,15.7,2.8,44,32.0
2022-04-04,Tokyo,30.9,18.1,2.2,52,28.1
2022-04-04,Sydney,18.3,10.4,0.1,52,15.7
2022-04-05,Mumbai,35.9,27.6,1.4,43,20.5
2022-04-05,London,19.5,13.4,2.1,51,6.9
2022-04-05,New York,22.8,16.1,1.4,57,24.0
2022-04-05,Tokyo,27.1,23.3,5.1,56,4.1
2022-04-05,Sydney,16.1,8.8,4.2,45,14.8
2022-04-06,Mumbai,38.7,28.5,4.1,53,39.8
2022-04-06,London,18.4,12.9,1.5,61,6.0
2022-04-06,New York,22.3,11.8,1.1,73,27.4
2022-04-06,Tokyo,28.5,21.0,6.9,86,21.7
2022-04-06,Sydney,17.8,10.4,0.9,81,0.9
2022-04-07,Mumbai,39.0,29.1,0.8,72,11.8
2022-04-07,London,19.2,12.8,1.5,59,13.1
2022-04-07,New York,23.8,13.7,4.1,87,4.7
2022-04-07,Tokyo,30.4,19.0,8.9,66,18.4
2022-04-07,Sydney,18.0,8.0,4.7,81,25.1
2022-04-08,Mumbai,38.7,28.7,0.8,52,15.7
2022-04-08,London,16.7,11.2,5.7,82,41.7
2022-04-08,New York,19.9,15.6,9.2,68,22.9
2022-04-08,Tokyo,26.2,21.1,1.6,51,22.7
2022-04-08,Sydney,17.9,8.7,3.1,68,4.3
2022-04-09,Mumbai,40.2,26.4,2.9,42,3.9
2022-04-09,London,19.1,12.2,0.5,62,28.9
2022-04-09,New York,23.4,14.1,7.6,80,11.5
2022-04-09,Tokyo,29.8,22.2,2.1,53,12.0
2022-04-09,Sydney,19.1,6.1,1.5,49,30.3
2022-04-10,Mumbai,38.7,29.8,0.1,49,20.0
2022-04-10,London,17.5,13.1,3.8,75,4.5
2022-04-10,New York,22.0,13.4,1.5,83,24.8
2022-04-10,Tokyo,25.9,21.0,0.1,87,19.2
2022-04-10,Sydney,13.8,10.5,1.3,83,29.1
2022-04-11,Mumbai,39.2,26.4,1.1,66,12.4
2022-04-11,London,20.8,10.4,0.2,68,12.4
2022-04-11,New York,21.4,15.8,1.0,41,32.0
2022-04-11,Tokyo,26.0,20.4,8.7,82,9.1
2022-04-11,Sydney,18.0,10.1,3.2,44,30.1
2022-04-12,Mumbai,35.9,28.4,0.5,70,6.3
2022-04-12,London,18.4,10.2,0.6,42,15.2
2022-04-12,New York,21.4,10.0,0.1,70,24.9
2022-04-12,Tokyo,29.2,21.0,3.4,69,20.9
2022-04-12,Sydney,16.3,8.4,10.3,46,20.5
2022-04-13,Mumbai,37.0,28.2,0.5,81,11.8
2022-04-13,London,20.1,11.9,1.4,60,35.0
2022-04-13,New York,23.3,16.4,2.5,55,0.2
2022-04-13,Tokyo,29.1,22.7,2.5,53,28.2
2022-04-13,Sydney,14.6,5.8,17.2,89,10.4
2022-04-14,Mumbai,33.6,30.9,2.1,76,30.5
2022-04-14,London,17.1,12.6,3.9,74,27.1
2022-04-14,New York,20.6,11.9,0.7,80,17.8
2022-04-14,Tokyo,28.8,20.1,0.5,45,22.3
2022-04-14,Sydney,16.8,9.4,1.9,73,23.1
2022-04-15,Mumbai,37.3,27.1,4.0,88,8.4
2022-04-15,London,18.2,11.9,4.7,46,20.9
2022-04-15,New York,20.2,12.6,7.4,45,23.3
2022-04-15,Tokyo,26.1,21.6,2.0,56,21.8
2022-04-15,Sydney,18.7,5.3,0.9,61,17.1
2022-04-16,Mumbai,37.4,28.5,2.9,52,8.6
2022-04-16,London,16.9,11.6,1.1,76,24.1
2022-04-16,New York,19.5,16.5,5.7,83,23.2
2022-04-16,Tokyo,27.3,18.8,0.7,77,21.2
2022-04-16,Sydney,15.7,10.8,2.3,56,31.8
2022-04-17,Mumbai,37.2,30.3,2.7,62,13.5
2022-04-17,London,16.5,12.4,2.4,44,15.2
2022-04-17,New York,23.3,15.6,4.9,70,6.8
2022-04-17,Tokyo,26.1,18.9,5.2,81,0.0
2022-04-17,Sydney,18.0,8.2,0.3,40,7.8
2022-04-18,Mumbai,39.1,28.0,4.0,75,16.1
2022-04-18,London,17.5,7.6,2.0,70,4.4
2022-04-18,New York,20.8,11.5,1.5,42,16.2
2022-04-18,Tokyo,29.7,21.1,5.4,40,27.8
2022-04-18,Sydney,18.3,11.4,0.8,63,36.6
2022-04-19,Mumbai,37.2,28.1,0.9,86,9.9
2022-04-19,London,16.7,10.9,2.3,67,25.4
2022-04-19,New York,21.3,15.0,9.1,72,29.4
2022-04-19,Tokyo,26.8,21.5,2.2,42,16.1
2022-04-19,Sydney,17.9,8.9,0.4,48,9.0
2022-04-20,Mumbai,37.6,30.6,5.7,41,25.2
2022-04-20,London,16.5,10.3,8.7,76,22.2
2022-04-20,New York,23.2,12.7,7.7,55,20.2
2022-04-20,Tokyo,24.6,22.1,7.7,64,33.8
2022-04-20,Sydney,16.6,9.6,3.1,42,6.7
2022-04-21,Mumbai,37.9,28.3,3.4,71,18.1
2022-04-21,London,17.5,10.1,3.8,62,19.0
2022-04-21,New York,21.2,15.2,5.1,73,25.7
2022-04-21,Tokyo,27.1,22.4,2.1,84,14.6
2022-04-21,Sydney,16.3,10.0,0.3,49,8.7
2022-04-22,Mumbai,37.9,24.8,1.8,77,28.7
2022-04-22,London,17.4,11.2,10.8,57,21.6
2022-04-22,New York,23.3,14.0,0.1,53,18.3
2022-04-22,Tokyo,31.0,21.6,4.9,81,32.0
2022-04-22,Sydney,16.6,10.9,0.9,77,26.9
2022-04-23,Mumbai,36.0,29.1,9.6,84,31.4
2022-04-23,London,17.8,11.4,4.9,84,4.1
2022-04-23,New York,22.3,13.8,1.1,55,28.1
2022-04-23,Tokyo,28.0,21.9,7.2,64,16.4
2022-04-23,Sydney,19.6,10.8,3.0,74,25.8
2022-04-24,Mumbai,39.1,27.1,0.5,53,35.5
2022-04-24,London,18.7,10.3,5.4,78,19.4
2022-04-24,New York,23.0,13.9,3.9,86,32.6
2022-04-24,Tokyo,30.7,22.4,10.8,73,30.4
2022-04-24,Sydney,17.6,8.5,2.0,68,25.9
2022-04-25,Mumbai,39.1,30.1,2.4,67,19.8
2022-04-25,London,16.1,8.9,2.6,76,28.9
2022-04-25,New York,20.0,15.1,0.9,79,9.7
2022-04-25,Tokyo,28.4,22.4,0.2,60,8.2
2022-04-25,Sydney,17.7,7.6,0.9,58,20.2
2022-04-26,Mumbai,36.5,27.8,0.5,62,1.1
2022-04-26,London,20.5,10.9,1.1,42,19.0
2022-04-26,New York,22.9,14.0,4.4,59,28.9
2022-04-26,Tokyo,30.3,23.9,3.9,45,23.2
2022-04-26,Sydney,15.6,7.5,0.6,54,35.5
2022-04-27,Mumbai,37.5,25.2,4.2,40,21.1
2022-04-27,London,19.7,11.4,4.9,58,20.6
2022-04-27,New York,22.5,13.9,0.0,67,21.0
2022-04-27,Tokyo,29.5,21.8,11.4,72,32.5
2022-04-27,Sydney,18.4,11.8,1.2,79,18.9
2022-04-28,Mumbai,36.8,28.3,7.0,42,16.7
2022-04-28,London,18.7,11.4,1.9,63,23.2
2022-04-28,New York,23.2,15.4,2.3,79,27.4
2022-04-28,Tokyo,29.6,20.1,0.3,50,6.4
2022-04-28,Sydney,19.0,10.0,1.6,44,35.6
2022-04-29,Mumbai,37.8,29.1,1.0,44,32.5
2022-04-29,London,20.6,10.0,2.7,41,22.2
2022-04-29,New York,19.0,16.5,4.1,82,17.2
2022-04-29,Tokyo,29.5,21.4,1.7,79,11.0
2022-04-29,Sydney,16.2,9.0,1.7,42,9.1
2022-04-30,Mumbai,38.3,25.3,2.5,72,16.4
2022-04-30,London,17.8,11.7,3.6,85,0.7
2022-04-30,New York,20.4,12.9,1.1,59,23.6
2022-04-30,Tokyo,29.1,22.5,0.5,83,43.9
2022-04-30,Sydney,18.3,8.7,2.9,59,33.8
2022-05-01,Mumbai,36.5,26.9,8.8,67,24.9
2022-05-01,London,22.4,14.5,0.4,62,30.2
2022-05-01,New York,28.5,20.5,13.0,40,10.4
2022-05-01,Tokyo,28.5,21.6,1.6,60,19.2
2022-05-01,Sydney,14.9,4.2,5.5,80,0.0
2022-05-02,Mumbai,35.0,26.5,3.2,80,14.9
2022-05-02,London,21.9,16.4,0.7,72,26.2
2022-05-02,New York,25.7,18.9,3.3,84,28.9
2022-05-02,Tokyo,28.8,24.0,0.1,66,18.6
2022-05-02,Sydney,11.9,8.7,1.4,83,24.3
2022-05-03,Mumbai,35.0,25.8,0.8,68,23.6
2022-05-03,London,22.7,14.4,12.4,88,49.9
2022-05-03,New York,24.5,19.5,1.7,43,31.1
2022-05-03,Tokyo,31.0,22.7,0.9,44,40.9
2022-05-03,Sydney,13.6,6.0,1.4,43,26.8
2022-05-04,Mumbai,34.1,26.5,3.1,70,16.4
2022-05-04,London,23.3,15.7,0.7,49,20.2
2022-05-04,New York,28.1,18.2,2.1,86,7.6
2022-05-04,Tokyo,29.7,19.7,3.5,60,4.9
2022-05-04,Sydney,13.7,10.2,7.6,40,18.7
2022-05-05,Mumbai,38.3,25.4,2.0,78,16.4
2022-05-05,London,22.6,17.7,4.2,77,6.1
2022-05-05,New York,26.0,16.5,3.6,58,30.4
2022-05-05,Tokyo,29.5,21.4,0.6,82,25.7
2022-05-05,Sydney,14.2,8.6,0.7,64,11.6
2022-05-06,Mumbai,36.6,25.4,1.7,69,29.0
2022-05-06,London,20.9,17.6,3.7,47,37.3
2022-05-06,New York,29.0,19.1,2.6,48,17.0
2022-05-06,Tokyo,30.2,19.7,2.4,88,24.0
2022-05-06,Sydney,16.3,6.1,0.4,56,0.8
2022-05-07,Mumbai,33.2,26.1,5.6,84,21.1
2022-05-07,London,19.5,16.5,0.3,79,24.6
2022-05-07,New York,27.7,16.6,0.4,53,33.4
2022-05-07,Tokyo,28.9,21.5,1.0,46,0.0
2022-05-07,Sydney,14.9,8.6,1.7,45,21.9
2022-05-08,Mumbai,35.3,26.7,1.2,41,7.8
2022-05-08,London,22.3,11.7,2.5,70,22.8
2022-05-08,New York,27.4,20.9,4.5,59,30.9
2022-05-08,Tokyo,33.1,19.5,0.6,47,15.6
2022-05-08,Sydney,13.3,10.5,0.9,58,25.7
2022-05-09,Mumbai,34.5,25.3,2.7,56,20.7
2022-05-09,London,22.6,13.3,4.1,55,19.6
2022-05-09,New York,27.7,17.1,1.6,47,29.1
2022-05-09,Tokyo,28.1,21.4,2.9,87,32.0
2022-05-09,Sydney,17.6,6.4,2.5,52,18.4
2022-05-10,Mumbai,37.5,25.7,0.3,70,21.5
2022-05-10,London,22.3,12.9,1.2,42,20.7
2022-05-10,New York,24.5,18.4,6.3,81,28.2
2022-05-10,Tokyo,32.0,21.0,0.4,45,39.3
2022-05-10,Sydney,17.6,6.3,0.9,70,14.7
2022-05-11,Mumbai,34.7,27.8,4.7,63,21.8
2022-05-11,London,24.5,14.8,8.0,64,39.9
2022-05-11,New York,26.9,21.0,10.3,66,19.5
2022-05-11,Tokyo,30.8,21.2,12.5,40,25.7
2022-05-11,Sydney,14.8,5.3,2.3,50,38.8
2022-05-12,Mumbai,35.9,26.9,1.0,59,30.7
2022-05-12,London,21.8,15.7,1.0,76,15.3
2022-05-12,New York,24.2,19.6,0.4,59,27.7
2022-05-12,Tokyo,28.4,19.0,1.0,86,2.0
2022-05-12,Sydney,14.9,6.8,2.2,53,6.2
2022-05-13,Mumbai,35.0,26.7,2.1,67,27.9
2022-05-13,London,21.4,14.5,2.6,52,13.4
2022-05-13,New York,25.2,19.2,1.6,89,21.1
2022-05-13,Tokyo,28.3,20.3,0.8,55,20.4
2022-05-13,Sydney,14.7,5.9,0.8,43,22.7
2022-05-14,Mumbai,36.2,26.8,6.2,67,29.8
2022-05-14,London,22.6,14.3,2.1,67,12.6
2022-05-14,New York,26.4,20.6,1.0,80,8.0
2022-05-14,Tokyo,29.6,22.3,5.7,71,9.1
2022-05-14,Sydney,15.8,6.6,8.1,70,31.4
2022-05-15,Mumbai,35.4,27.6,1.8,66,14.9
2022-05-15,London,23.7,16.7,3.5,43,17.8
2022-05-15,New York,26.3,16.4,7.4,67,7.8
2022-05-15,Tokyo,30.7,19.6,1.7,77,8.6
2022-05-15,Sydney,16.4,8.7,2.9,81,19.8
2022-05-16,Mumbai,35.9,28.7,7.2,44,19.4
2022-05-16,London,21.8,16.7,3.9,82,0.0
2022-05-16,New York,26.5,22.4,0.3,68,24.3
2022-05-16,Tokyo,31.3,20.8,2.8,51,11.0
2022-05-16,Sydney,16.5,4.8,1.0,57,18.4
2022-05-17,Mumbai,32.4,29.6,0.8,78,1.2
2022-05-17,London,22.8,14.2,0.3,43,17.6
2022-05-17,New York,25.9,18.2,1.2,83,18.0
2022-05-17,Tokyo,30.5,21.7,1.4,80,38.0
2022-05-17,Sydney,16.7,5.0,2.9,87,13.0
2022-05-18,Mumbai,38.3,26.8,2.9,77,13.3
2022-05-18,London,20.8,15.0,3.8,69,20.2
2022-05-18,New York,25.3,17.7,2.7,59,22.1
2022-05-18,Tokyo,29.7,18.6,1.6,85,9.4
2022-05-18,Sydney,17.2,7.4,0.3,87,24.0
2022-05-19,Mumbai,34.1,27.4,0.9,47,19.1
2022-05-19,London,24.4,14.2,0.8,73,24.4
2022-05-19,New York,25.8,18.4,4.6,44,0.0
2022-05-19,Tokyo,30.4,19.1,1.9,65,22.6
2022-05-19,Sydney,16.0,10.2,2.1,61,19.9
2022-05-20,Mumbai,30.6,25.3,7.3,48,14.7
2022-05-20,London,20.7,16.0,4.9,52,13.4
2022-05-20,New York,26.9,17.6,0.3,45,18.3
2022-05-20,Tokyo,30.0,21.7,4.0,72,20.3
2022-05-20,Sydney,14.5,7.3,0.0,64,16.2
2022-05-21,Mumbai,35.0,27.4,3.1,49,27.4
2022-05-21,London,21.0,14.2,6.8,88,15.0
2022-05-21,New York,26.6,18.5,1.1,40,27.8
2022-05-21,Tokyo,34.4,22.1,2.5,66,22.3
2022-05-21,Sydney,13.9,4.8,0.0,44,45.1
2022-05-22,Mumbai,36.5,26.9,1.2,52,11.4
2022-05-22,London,21.7,11.6,1.4,70,27.5
2022-05-22,New York,24.3,18.9,1.6,60,28.5
2022-05-22,Tokyo,28.1,23.3,2.3,46,49.0
2022-05-22,Sydney,13.3,6.7,1.4,47,30.9
2022-05-23,Mumbai,36.6,28.8,3.9,60,24.0
2022-05-23,London,24.0,13.2,5.4,64,13.0
2022-05-23,New York,27.0,19.1,3.4,78,28.9
2022-05-23,Tokyo,29.9,21.5,0.5,52,1.1
2022-05-23,Sydney,16.8,5.5,0.5,76,27.0
2022-05-24,Mumbai,32.6,26.2,2.0,43,10.5
2022-05-24,London,18.2,14.4,0.9,54,1.1
2022-05-24,New York,27.1,21.8,2.0,80,44.6
2022-05-24,Tokyo,28.7,22.8,5.0,87,6.5
2022-05-24,Sydney,13.9,5.8,0.1,56,10.0
2022-05-25,Mumbai,34.8,26.4,0.2,84,7.5
2022-05-25,London,22.1,15.3,6.5,54,11.6
2022-05-25,New York,28.5,17.8,5.9,81,21.1
2022-05-25,Tokyo,28.8,23.1,2.3,87,28.0
2022-05-25,Sydney,14.4,6.1,1.4,59,17.1
2022-05-26,Mumbai,36.2,24.0,3.4,77,32.7
2022-05-26,London,21.8,16.3,0.6,65,31.8
2022-05-26,New York,27.0,17.4,1.7,48,20.3
2022-05-26,Tokyo,29.3,23.6,1.5,60,21.9
2022-05-26,Sydney,15.9,5.7,0.6,46,38.0
2022-05-27,Mumbai,34.8,27.4,0.1,82,26.1
2022-05-27,London,20.7,16.7,0.8,74,17.9
2022-05-27,New York,23.8,19.3,0.4,75,26.9
2022-05-27,Tokyo,28.9,21.9,2.3,79,12.9
2022-05-27,Sydney,15.4,3.6,5.0,44,3.8
2022-05-28,Mumbai,36.1,26.5,6.8,81,18.2
2022-05-28,London,22.6,14.6,2.8,48,5.1
2022-05-28,New York,24.2,18.7,3.1,43,15.9
2022-05-28,Tokyo,32.6,22.3,1.9,42,20.5
2022-05-28,Sydney,15.5,4.1,5.6,79,34.9
2022-05-29,Mumbai,35.2,27.7,2.6,88,29.5
2022-05-29,London,23.3,17.7,1.6,58,33.0
2022-05-29,New York,23.2,20.1,1.9,60,37.7
2022-05-29,Tokyo,30.2,22.9,8.7,75,32.7
2022-05-29,Sydney,15.1,7.5,4.6,54,24.2
2022-05-30,Mumbai,34.0,27.4,1.4,87,29.5
2022-05-30,London,21.6,13.1,10.1,87,15.2
2022-05-30,New York,26.5,16.1,2.1,72,23.0
2022-05-30,Tokyo,27.5,20.3,0.1,49,10.9
2022-05-30,Sydney,14.7,7.2,0.8,76,10.8
2022-05-31,Mumbai,37.0,26.2,5.8,41,37.0
2022-05-31,London,22.3,14.3,1.5,73,9.2
2022-05-31,New York,26.4,18.1,0.4,48,26.3
2022-05-31,Tokyo,28.6,21.0,2.2,50,12.4
2022-05-31,Sydney,16.9,7.1,0.2,85,29.6
2022-06-01,Mumbai,34.4,24.0,4.6,54,27.3
2022-06-01,London,24.4,15.3,1.7,83,29.0
2022-06-01,New York,28.9,21.1,2.5,81,21.7
2022-06-01,Tokyo,28.2,21.2,7.2,67,18.2
2022-06-01,Sydney,13.8,4.6,1.2,58,11.5
2022-06-02,Mumbai,31.1,25.3,6.4,55,12.8
2022-06-02,London,21.6,16.5,5.3,87,28.3
2022-06-02,New York,28.6,21.7,0.1,89,19.0
2022-06-02,Tokyo,28.5,21.9,0.7,74,13.6
2022-06-02,Sydney,13.3,3.6,0.7,88,10.3
2022-06-03,Mumbai,35.0,24.9,0.8,48,26.6
2022-06-03,London,24.5,18.7,0.9,68,25.1
2022-06-03,New York,28.9,21.5,10.3,67,23.9
2022-06-03,Tokyo,27.0,19.7,2.7,73,27.8
2022-06-03,Sydney,10.5,6.4,1.0,72,8.2
2022-06-04,Mumbai,35.4,23.4,2.2,52,20.0
2022-06-04,London,23.9,18.3,3.9,80,11.7
2022-06-04,New York,28.4,21.7,1.8,83,23.2
2022-06-04,Tokyo,28.0,21.0,3.3,70,29.9
2022-06-04,Sydney,12.1,4.0,2.6,60,40.4
2022-06-05,Mumbai,34.6,25.8,0.9,41,25.6
2022-06-05,London,23.7,16.4,0.6,66,38.0
2022-06-05,New York,28.7,17.8,5.6,85,19.0
2022-06-05,Tokyo,26.6,22.7,2.0,85,22.6
2022-06-05,Sydney,16.1,6.1,2.2,47,16.3
2022-06-06,Mumbai,34.2,19.9,1.2,44,16.4
2022-06-06,London,22.9,14.9,3.5,60,19.4
2022-06-06,New York,28.6,19.2,7.5,68,0.0
2022-06-06,Tokyo,29.4,17.5,1.4,73,29.2
2022-06-06,Sydney,13.8,6.9,1.4,64,14.7
2022-06-07,Mumbai,34.3,25.9,3.2,83,0.0
2022-06-07,London,23.8,14.6,1.4,69,27.5
2022-06-07,New York,27.1,23.0,0.4,59,28.5
2022-06-07,Tokyo,28.0,19.1,0.4,78,21.2
2022-06-07,Sydney,14.3,6.9,1.4,64,17.4
2022-06-08,Mumbai,32.9,22.4,0.2,42,14.7
2022-06-08,London,20.4,14.9,7.1,60,21.1
2022-06-08,New York,29.2,19.9,0.7,76,18.3
2022-06-08,Tokyo,28.9,19.4,3.6,47,26.1
2022-06-08,Sydney,11.9,4.5,2.2,69,18.4
2022-06-09,Mumbai,30.2,24.7,3.2,53,23.4
2022-06-09,London,23.1,15.9,0.7,66,15.2
2022-06-09,New York,28.5,20.6,2.5,89,16.0
2022-06-09,Tokyo,27.8,21.5,1.1,68,4.1
2022-06-09,Sydney,14.1,5.8,3.3,76,33.7
2022-06-10,Mumbai,32.3,26.4,0.9,86,22.3
2022-06-10,London,20.8,15.0,1.0,46,12.0
2022-06-10,New York,25.7,19.4,19.6,57,13.7
2022-06-10,Tokyo,27.1,21.8,5.6,48,26.4
2022-06-10,Sydney,12.7,6.9,3.5,70,17.5
2022-06-11,Mumbai,30.1,27.9,3.9,74,35.8
2022-06-11,London,22.6,16.8,9.0,42,13.1
2022-06-11,New York,27.3,21.0,1.2,88,26.5
2022-06-11,Tokyo,28.7,19.5,4.4,44,25.2
2022-06-11,Sydney,12.5,4.7,2.1,67,26.9
2022-06-12,Mumbai,30.0,24.4,0.3,88,4.4
2022-06-12,London,24.4,17.2,0.1,58,11.6
2022-06-12,New York,29.5,19.7,0.7,74,27.6
2022-06-12,Tokyo,31.2,19.7,3.5,40,31.3
2022-06-12,Sydney,15.5,5.1,1.2,76,3.5
2022-06-13,Mumbai,33.2,24.6,0.8,62,22.1
2022-06-13,London,24.5,16.4,2.7,41,6.8
2022-06-13,New York,29.1,18.5,1.7,62,0.0
2022-06-13,Tokyo,29.1,22.1,0.5,86,48.0
2022-06-13,Sydney,13.7,7.0,1.5,58,18.7
2022-06-14,Mumbai,34.1,25.8,10.5,67,16.0
2022-06-14,London,23.4,16.1,3.0,77,27.7
2022-06-14,New York,31.0,19.0,2.0,63,15.8
2022-06-14,Tokyo,28.3,20.3,2.0,87,23.3
2022-06-14,Sydney,13.0,6.1,5.1,48,20.5
2022-06-15,Mumbai,31.2,24.5,2.4,52,25.1
2022-06-15,London,20.8,15.3,9.7,62,18.8
2022-06-15,New York,27.0,22.5,4.4,49,0.9
2022-06-15,Tokyo,31.0,21.9,4.6,78,0.0
2022-06-15,Sydney,11.9,1.9,4.5,69,29.2
2022-06-16,Mumbai,34.5,23.5,1.6,86,20.8
2022-06-16,London,22.0,14.6,3.3,70,23.5
2022-06-16,New York,26.7,18.8,1.2,78,15.6
2022-06-16,Tokyo,30.4,24.2,9.3,89,33.3
2022-06-16,Sydney,15.0,4.2,2.1,75,10.1
2022-06-17,Mumbai,34.3,26.2,0.1,87,33.3
2022-06-17,London,23.9,14.8,11.3,65,31.9
2022-06-17,New York,27.4,21.8,5.1,80,3.6
2022-06-17,Tokyo,28.8,22.2,0.9,74,25.2
2022-06-17,Sydney,10.4,6.7,0.6,83,14.3
2022-06-18,Mumbai,31.6,24.3,11.0,78,30.2
2022-06-18,London,21.9,13.3,10.0,62,20.1
2022-06-18,New York,28.8,21.1,0.1,66,37.1
2022-06-18,Tokyo,30.3,21.8,1.7,43,43.3
2022-06-18,Sydney,14.1,7.1,2.8,64,18.4
2022-06-19,Mumbai,33.1,22.9,2.7,78,16.4
2022-06-19,London,22.8,17.7,4.1,47,13.7
2022-06-19,New York,29.7,18.9,5.4,67,13.5
2022-06-19,Tokyo,28.2,20.7,0.7,46,18.2
2022-06-19,Sydney,14.1,7.0,0.4,77,0.1
2022-06-20,Mumbai,34.0,22.7,2.0,79,13.6
2022-06-20,London,22.1,17.4,1.2,43,27.6
2022-06-20,New York,29.5,22.2,0.8,66,10.2
2022-06-20,Tokyo,30.4,21.4,0.1,40,12.7
2022-06-20,Sydney,11.3,7.3,1.7,72,20.3
2022-06-21,Mumbai,33.6,25.2,1.5,59,0.0
2022-06-21,London,18.7,16.9,5.1,80,21.8
2022-06-21,New York,29.1,20.8,1.5,73,15.2
2022-06-21,Tokyo,28.9,17.6,4.2,57,17.7
2022-06-21,Sydney,13.8,5.7,8.0,48,15.6
2022-06-22,Mumbai,35.2,24.4,4.7,49,33.1
2022-06-22,London,22.5,14.7,0.4,54,11.9
2022-06-22,New York,30.3,22.7,0.4,63,16.2
2022-06-22,Tokyo,29.3,21.1,2.6,75,18.6
2022-06-22,Sydney,14.6,6.8,1.8,47,31.9
2022-06-23,Mumbai,30.1,22.4,1.6,55,37.0
2022-06-23,London,25.6,16.5,2.6,43,13.0
2022-06-23,New York,25.7,19.5,7.7,48,6.4
2022-06-23,Tokyo,30.1,21.1,3.1,52,16.9
2022-06-23,Sydney,10.1,3.1,0.6,89,16.5
2022-06-24,Mumbai,31.7,24.2,1.5,79,15.8
2022-06-24,London,23.8,12.4,0.6,71,27.4
2022-06-24,New York,30.3,20.5,1.6,60,6.6
2022-06-24,Tokyo,30.6,20.8,0.8,78,30.1
2022-06-24,Sydney,11.8,6.2,3.2,51,21.0
2022-06-25,Mumbai,29.1,24.2,0.1,49,26.3
2022-06-25,London,26.1,16.5,3.2,87,18.7
2022-06-25,New York,27.9,19.9,2.7,68,30.4
2022-06-25,Tokyo,29.8,21.9,0.6,49,0.9
2022-06-25,Sydney,16.1,6.7,6.5,86,36.1
2022-06-26,Mumbai,31.0,22.5,0.4,56,12.9
2022-06-26,London,22.9,16.0,0.3,58,23.8
2022-06-26,New York,29.6,20.2,5.6,84,25.0
2022-06-26,Tokyo,28.7,21.4,0.1,85,16.6
2022-06-26,Sydney,13.6,4.0,1.7,75,24.3
2022-06-27,Mumbai,31.8,25.3,2.8,73,22.4
2022-06-27,London,21.2,13.2,1.2,49,10.8
2022-06-27,New York,26.2,19.1,4.0,55,28.6
2022-06-27,Tokyo,27.2,20.5,5.7,46,23.0
2022-06-27,Sydney,12.9,5.0,2.2,65,4.6
2022-06-28,Mumbai,33.0,23.8,0.1,69,28.5
2022-06-28,London,22.3,14.4,4.2,82,19.6
2022-06-28,New York,28.4,18.4,6.8,66,15.9
2022-06-28,Tokyo,28.3,20.0,1.8,82,21.7
2022-06-28,Sydney,11.9,6.8,4.4,52,8.1
2022-06-29,Mumbai,35.3,25.8,0.9,80,9.7
2022-06-29,London,23.1,15.3,0.7,57,21.8
2022-06-29,New York,26.9,20.1,1.0,50,12.7
2022-06-29,Tokyo,26.4,20.6,0.4,48,30.7
2022-06-29,Sydney,15.4,4.4,0.4,65,12.4
2022-06-30,Mumbai,34.2,23.5,0.9,54,20.4
2022-06-30,London,24.3,14.9,1.3,85,3.8
2022-06-30,New York,29.5,19.2,0.7,72,15.2
2022-06-30,Tokyo,30.3,18.6,2.9,89,20.5
2022-06-30,Sydney,15.1,5.3,1.0,73,20.0
2022-07-01,Mumbai,30.7,21.7,1.9,66,13.3
2022-07-01,London,22.5,16.2,0.7,85,30.7
2022-07-01,New York,25.1,19.4,6.5,43,18.6
2022-07-01,Tokyo,26.4,16.4,10.7,75,19.5
2022-07-01,Sydney,15.4,8.5,0.5,88,32.8
2022-07-02,Mumbai,28.0,23.8,9.5,72,12.3
2022-07-02,London,19.6,14.2,0.0,45,12.2
2022-07-02,New York,28.0,16.7,3.2,81,26.9
2022-07-02,Tokyo,26.1,18.3,8.7,70,11.7
2022-07-02,Sydney,15.1,7.5,0.0,75,20.8
2022-07-03,Mumbai,31.4,22.3,0.1,50,35.3
2022-07-03,London,21.0,15.6,3.3,58,13.4
2022-07-03,New York,28.2,20.0,0.0,61,22.6
2022-07-03,Tokyo,23.3,18.2,1.8,44,32.9
2022-07-03,Sydney,17.7,7.4,6.1,73,13.5
2022-07-04,Mumbai,29.9,21.3,6.8,41,12.1
2022-07-04,London,21.7,11.9,1.2,46,31.9
2022-07-04,New York,25.3,19.0,1.0,54,20.0
2022-07-04,Tokyo,23.2,18.7,0.8,56,1.5
2022-07-04,Sydney,13.3,8.2,1.8,66,31.2
2022-07-05,Mumbai,29.2,21.0,1.5,74,6.9
2022-07-05,London,23.2,15.2,3.1,88,11.1
2022-07-05,New York,27.0,17.5,0.9,70,17.8
2022-07-05,Tokyo,22.7,16.8,2.7,78,24.7
2022-07-05,Sydney,14.9,5.7,0.6,58,18.4
2022-07-06,Mumbai,32.1,22.7,1.1,67,25.7
2022-07-06,London,22.7,18.1,2.8,80,19.0
2022-07-06,New York,24.2,18.2,1.7,66,20.6
2022-07-06,Tokyo,24.4,17.4,6.1,41,27.6
2022-07-06,Sydney,17.5,7.5,7.1,55,18.4
2022-07-07,Mumbai,29.3,22.9,8.0,84,23.3
2022-07-07,London,20.7,13.2,0.5,54,25.5
2022-07-07,New York,27.2,19.1,2.3,60,14.7
2022-07-07,Tokyo,24.9,18.2,4.4,68,37.4
2022-07-07,Sydney,14.5,5.9,2.2,85,25.3
2022-07-08,Mumbai,29.5,22.7,1.3,52,20.8
2022-07-08,London,19.1,15.4,10.4,41,17.6
2022-07-08,New York,27.7,15.1,5.2,59,20.8
2022-07-08,Tokyo,28.1,16.4,1.5,60,4.1
2022-07-08,Sydney,15.8,9.5,0.9,46,14.2
2022-07-09,Mumbai,27.7,22.1,5.2,88,22.6
2022-07-09,London,21.9,15.2,4.4,82,22.9
2022-07-09,New York,26.4,21.0,4.2,61,37.6
2022-07-09,Tokyo,23.6,16.3,3.4,40,41.2
2022-07-09,Sydney,16.9,6.0,1.3,69,10.2
2022-07-10,Mumbai,29.8,22.4,4.3,86,21.5
2022-07-10,London,21.1,13.8,1.6,49,12.0
2022-07-10,New York,27.9,19.8,0.1,44,15.1
2022-07-10,Tokyo,24.6,15.3,0.5,40,34.7
2022-07-10,Sydney,13.5,6.0,0.4,52,29.1
2022-07-11,Mumbai,32.3,23.3,1.3,40,25.8
2022-07-11,London,20.2,13.2,0.1,82,12.5
2022-07-11,New York,24.6,19.4,4.7,49,13.7
2022-07-11,Tokyo,25.5,17.2,2.4,67,26.5
2022-07-11,Sydney,15.8,7.0,2.9,64,14.9
2022-07-12,Mumbai,33.4,20.8,0.6,43,22.7
2022-07-12,London,20.2,14.5,0.9,54,18.6
2022-07-12,New York,28.9,19.1,1.8,48,17.8
2022-07-12,Tokyo,28.0,15.7,13.8,65,40.6
2022-07-12,Sydney,17.7,6.9,7.3,60,7.5
2022-07-13,Mumbai,30.9,22.9,1.1,69,26.4
2022-07-13,London,22.3,15.4,0.7,66,18.3
2022-07-13,New York,27.5,18.6,3.8,80,37.2
2022-07-13,Tokyo,25.7,16.3,1.5,40,37.3
2022-07-13,Sydney,17.8,7.2,1.7,43,6.5
2022-07-14,Mumbai,28.7,21.3,0.6,58,35.8
2022-07-14,London,26.8,15.8,1.2,48,12.7
2022-07-14,New York,27.1,18.5,0.3,46,19.6
2022-07-14,Tokyo,25.7,16.8,2.0,48,18.7
2022-07-14,Sydney,11.6,6.2,2.7,42,27.2
2022-07-15,Mumbai,29.1,21.8,6.0,85,10.5
2022-07-15,London,22.5,16.1,1.4,80,23.6
2022-07-15,New York,27.0,18.1,0.1,61,12.6
2022-07-15,Tokyo,23.7,18.4,3.1,76,30.9
2022-07-15,Sydney,12.7,8.2,4.7,54,15.7
2022-07-16,Mumbai,30.9,18.5,1.3,71,18.0
2022-07-16,London,22.7,16.3,2.1,73,7.5
2022-07-16,New York,27.0,19.7,1.3,54,26.2
2022-07-16,Tokyo,21.3,17.1,1.2,43,6.6
2022-07-16,Sydney,13.9,6.3,0.2,46,27.7
2022-07-17,Mumbai,27.4,18.9,1.3,84,25.4
2022-07-17,London,21.4,15.6,7.0,47,18.2
2022-07-17,New York,25.9,18.0,2.4,75,25.1
2022-07-17,Tokyo,24.9,15.7,2.9,58,24.0
2022-07-17,Sydney,16.2,7.3,0.1,76,21.6
2022-07-18,Mumbai,29.6,20.3,1.2,56,29.5
2022-07-18,London,21.1,13.0,0.2,70,30.9
2022-07-18,New York,27.6,19.5,9.7,88,38.0
2022-07-18,Tokyo,24.4,17.1,3.2,70,7.8
2022-07-18,Sydney,14.0,4.4,2.4,54,24.4
2022-07-19,Mumbai,30.1,20.2,2.4,75,14.6
2022-07-19,London,22.9,16.9,1.8,89,21.7
2022-07-19,New York,26.4,21.1,2.7,58,26.6
2022-07-19,Tokyo,24.0,18.6,1.7,70,11.4
2022-07-19,Sydney,15.5,10.7,1.6,82,16.7
2022-07-20,Mumbai,28.1,19.3,2.0,52,33.6
2022-07-20,London,20.0,13.3,0.7,52,15.1
2022-07-20,New York,24.5,15.5,3.5,78,15.4
2022-07-20,Tokyo,22.3,17.8,3.8,66,24.6
2022-07-20,Sydney,12.6,6.7,2.9,69,10.5
2022-07-21,Mumbai,29.2,21.1,0.6,59,11.1
2022-07-21,London,20.9,15.7,11.7,43,29.8
2022-07-21,New York,27.3,18.4,0.6,65,20.0
2022-07-21,Tokyo,27.1,16.8,9.2,64,12.3
2022-07-21,Sydney,16.8,8.6,0.8,58,22.0
2022-07-22,Mumbai,32.5,21.0,3.4,81,31.4
2022-07-22,London,24.3,15.7,3.1,71,10.0
2022-07-22,New York,27.5,18.8,4.3,85,54.1
2022-07-22,Tokyo,22.7,17.5,0.1,61,16.3
2022-07-22,Sydney,17.0,6.3,0.5,47,5.2
2022-07-23,Mumbai,32.3,22.6,1.9,44,23.0
2022-07-23,London,22.9,12.2,7.8,64,4.8
2022-07-23,New York,27.8,18.2,3.7,59,31.8
2022-07-23,Tokyo,23.7,17.8,1.1,70,4.5
2022-07-23,Sydney,16.9,6.7,0.2,84,21.4
2022-07-24,Mumbai,31.2,21.9,5.9,50,11.6
2022-07-24,London,19.0,13.4,0.0,83,3.0
2022-07-24,New York,27.2,17.2,13.0,70,10.1
2022-07-24,Tokyo,23.5,17.1,0.2,89,15.0
2022-07-24,Sydney,14.7,9.5,1.4,64,17.3
2022-07-25,Mumbai,31.4,20.4,3.6,87,13.1
2022-07-25,London,24.3,14.7,1.4,64,52.2
2022-07-25,New York,24.3,17.3,1.1,47,40.0
2022-07-25,Tokyo,25.1,15.7,3.3,58,8.4
2022-07-25,Sydney,12.1,6.9,4.6,51,31.4
2022-07-26,Mumbai,30.6,20.6,0.1,45,21.1
2022-07-26,London,22.7,15.0,0.2,87,35.2
2022-07-26,New York,27.9,18.2,5.9,66,35.1
2022-07-26,Tokyo,23.2,19.9,2.4,67,1.4
2022-07-26,Sydney,16.1,6.2,1.2,56,26.6
2022-07-27,Mumbai,30.8,19.9,1.7,65,18.5
2022-07-27,London,22.4,14.3,6.7,43,26.7
2022-07-27,New York,25.4,16.6,0.5,87,27.4
2022-07-27,Tokyo,23.5,18.7,4.1,54,33.4
2022-07-27,Sydney,16.8,4.2,2.4,89,32.9
2022-07-28,Mumbai,31.6,21.1,3.7,60,34.9
2022-07-28,London,21.7,14.2,2.2,66,15.1
2022-07-28,New York,23.7,19.8,2.0,51,24.7
2022-07-28,Tokyo,25.6,17.5,3.1,44,20.8
2022-07-28,Sydney,13.6,7.4,3.2,54,26.3
2022-07-29,Mumbai,28.2,21.7,1.4,49,18.8
2022-07-29,London,21.1,18.0,7.3,49,23.7
2022-07-29,New York,26.1,18.6,2.2,55,14.8
2022-07-29,Tokyo,23.8,16.4,3.6,81,17.4
2022-07-29,Sydney,14.0,6.5,1.2,63,8.4
2022-07-30,Mumbai,32.7,22.6,3.9,71,25.7
2022-07-30,London,24.0,17.2,1.4,67,22.2
2022-07-30,New York,27.9,19.1,1.8,76,0.0
2022-07-30,Tokyo,25.0,17.1,6.0,53,14.0
2022-07-30,Sydney,17.2,5.6,5.0,49,21.1
2022-07-31,Mumbai,32.2,22.3,0.3,53,24.6
2022-07-31,London,19.8,14.1,17.1,78,23.8
2022-07-31,New York,27.4,21.9,1.2,50,9.6
2022-07-31,Tokyo,25.9,18.6,0.9,79,28.0
2022-07-31,Sydney,13.7,6.1,3.0,47,30.6
2022-08-01,Mumbai,27.6,17.6,0.3,46,16.8
2022-08-01,London,14.8,12.0,0.4,72,17.4
2022-08-01,New York,20.4,13.1,0.1,63,33.6
2022-08-01,Tokyo,17.0,8.5,0.6,46,17.9
2022-08-01,Sydney,13.6,10.3,0.9,81,27.4
2022-08-02,Mumbai,27.5,18.4,2.0,41,19.9
2022-08-02,London,17.0,11.0,4.2,78,14.2
2022-08-02,New York,22.1,11.8,0.8,77,11.0
2022-08-02,Tokyo,18.3,9.4,0.4,85,0.0
2022-08-02,Sydney,18.0,9.0,0.4,51,11.1
2022-08-03,Mumbai,31.0,20.5,6.3,56,7.6
2022-08-03,London,17.1,8.9,1.1,43,17.4
2022-08-03,New York,21.3,15.7,0.2,89,28.1
2022-08-03,Tokyo,19.6,8.3,0.4,76,9.8
2022-08-03,Sydney,18.9,12.1,4.5,88,22.5
2022-08-04,Mumbai,30.5,20.7,3.9,80,20.8
2022-08-04,London,21.6,12.4,8.7,80,29.0
2022-08-04,New York,23.9,15.6,2.6,62,17.3
2022-08-04,Tokyo,18.7,10.3,6.3,44,23.0
2022-08-04,Sydney,16.8,7.2,3.6,69,29.1
2022-08-05,Mumbai,28.0,16.8,0.2,65,16.8
2022-08-05,London,21.0,9.3,4.4,57,16.9
2022-08-05,New York,21.9,15.2,2.8,40,31.3
2022-08-05,Tokyo,17.4,11.6,3.7,72,50.0
2022-08-05,Sydney,20.3,9.7,1.2,68,28.1
2022-08-06,Mumbai,32.0,19.6,6.3,62,18.9
2022-08-06,London,18.9,12.0,1.2,61,23.7
2022-08-06,New York,21.8,13.6,1.2,41,29.1
2022-08-06,Tokyo,19.6,12.6,2.8,64,18.1
2022-08-06,Sydney,18.6,10.9,8.5,50,17.3
2022-08-07,Mumbai,32.2,18.5,0.6,89,21.2
2022-08-07,London,17.6,12.1,0.2,54,15.1
2022-08-07,New York,22.2,14.6,2.1,59,18.1
2022-08-07,Tokyo,21.0,13.7,2.1,57,17.2
2022-08-07,Sydney,17.6,10.2,5.6,75,0.5
2022-08-08,Mumbai,28.7,19.9,6.0,75,25.6
2022-08-08,London,16.2,10.6,3.3,43,28.2
2022-08-08,New York,24.1,13.7,0.9,64,8.9
2022-08-08,Tokyo,19.8,11.5,4.5,73,5.6
2022-08-08,Sydney,16.9,8.6,0.4,83,21.9
2022-08-09,Mumbai,27.0,22.2,3.6,43,21.6
2022-08-09,London,20.0,11.6,1.7,82,13.6
2022-08-09,New York,23.1,14.5,1.5,63,10.4
2022-08-09,Tokyo,17.3,11.7,2.4,66,12.8
2022-08-09,Sydney,18.0,10.9,3.2,54,23.0
2022-08-10,Mumbai,28.6,21.5,3.9,64,6.3
2022-08-10,London,19.0,8.8,0.9,51,23.2
2022-08-10,New York,22.7,15.2,1.2,83,18.7
2022-08-10,Tokyo,19.8,10.6,1.3,43,13.2
2022-08-10,Sydney,15.0,9.7,2.1,85,7.3
2022-08-11,Mumbai,29.2,18.6,4.6,51,22.0
2022-08-11,London,18.4,12.3,0.4,53,7.2
2022-08-11,New York,21.8,14.2,0.4,66,24.9
2022-08-11,Tokyo,20.6,12.0,1.8,61,16.4
2022-08-11,Sydney,17.8,8.3,4.5,54,33.8
2022-08-12,Mumbai,29.4,19.5,3.5,46,26.9
2022-08-12,London,19.8,13.1,1.2,64,28.5
2022-08-12,New York,21.3,14.7,0.3,71,16.3
2022-08-12,Tokyo,19.9,13.1,3.0,87,22.4
2022-08-12,Sydney,18.7,7.5,3.3,70,20.2
2022-08-13,Mumbai,28.0,18.1,1.5,43,17.7
2022-08-13,London,17.3,13.3,0.5,50,33.3
2022-08-13,New York,21.3,14.3,0.3,83,3.2
2022-08-13,Tokyo,18.8,11.2,0.6,70,15.8
2022-08-13,Sydney,18.8,9.0,11.7,59,34.7
2022-08-14,Mumbai,29.3,20.9,3.3,49,7.9
2022-08-14,London,20.2,12.8,3.4,47,16.2
2022-08-14,New York,22.7,13.1,7.3,72,7.9
2022-08-14,Tokyo,20.0,10.2,4.4,46,28.9
2022-08-14,Sydney,17.9,8.9,4.1,49,26.3
2022-08-15,Mumbai,28.8,20.3,0.5,50,24.1
2022-08-15,London,17.6,10.8,3.4,65,27.5
2022-08-15,New York,22.8,14.6,3.1,84,26.9
2022-08-15,Tokyo,18.9,10.5,1.8,47,16.6
2022-08-15,Sydney,19.3,11.7,0.4,67,21.5
2022-08-16,Mumbai,28.6,17.7,0.1,81,26.9
2022-08-16,London,15.4,12.3,0.7,54,30.4
2022-08-16,New York,19.1,12.5,6.7,82,25.0
2022-08-16,Tokyo,19.6,9.1,1.8,84,28.5
2022-08-16,Sydney,15.7,10.4,6.4,45,28.6
2022-08-17,Mumbai,28.9,19.6,4.3,82,15.5
2022-08-17,London,19.7,12.4,0.4,73,8.0
2022-08-17,New York,19.7,12.9,2.4,60,16.6
2022-08-17,Tokyo,18.1,10.2,8.2,52,15.6
2022-08-17,Sydney,19.3,9.0,1.9,65,16.3
2022-08-18,Mumbai,25.9,16.2,9.3,41,20.6
2022-08-18,London,19.5,10.1,3.0,62,24.7
2022-08-18,New York,19.8,15.0,0.7,59,15.9
2022-08-18,Tokyo,19.4,10.7,7.2,50,19.3
2022-08-18,Sydney,21.0,8.1,2.9,46,27.9
2022-08-19,Mumbai,26.0,17.8,6.6,57,31.0
2022-08-19,London,18.1,13.2,0.8,80,22.0
2022-08-19,New York,23.3,13.5,0.5,66,29.7
2022-08-19,Tokyo,19.0,8.3,3.2,61,1.0
2022-08-19,Sydney,17.1,9.6,0.5,43,14.3
2022-08-20,Mumbai,29.0,17.2,1.2,44,5.0
2022-08-20,London,16.3,10.5,3.8,75,25.1
2022-08-20,New York,22.5,13.0,1.7,43,23.6
2022-08-20,Tokyo,19.5,10.4,1.7,72,18.4
2022-08-20,Sydney,22.0,12.6,2.5,81,28.4
2022-08-21,Mumbai,26.2,19.4,0.4,72,22.1
2022-08-21,London,19.2,8.4,4.1,54,28.3
2022-08-21,New York,23.7,15.3,4.7,77,17.7
2022-08-21,Tokyo,19.5,11.6,3.4,43,8.0
2022-08-21,Sydney,16.2,8.5,0.2,66,0.0
2022-08-22,Mumbai,30.3,19.4,0.7,68,27.6
2022-08-22,London,16.3,10.4,2.8,76,3.7
2022-08-22,New York,20.5,10.8,1.2,84,2.3
2022-08-22,Tokyo,19.6,13.0,2.4,48,19.5
2022-08-22,Sydney,18.4,10.4,1.0,66,18.7
2022-08-23,Mumbai,29.4,17.5,0.4,59,31.7
2022-08-23,London,17.7,9.9,5.2,60,9.3
2022-08-23,New York,22.5,13.8,9.7,89,24.4
2022-08-23,Tokyo,17.4,9.4,2.4,52,21.3
2022-08-23,Sydney,18.3,7.2,3.2,41,17.5
2022-08-24,Mumbai,28.1,21.8,6.8,76,23.5
2022-08-24,London,16.5,11.6,6.4,61,27.6
2022-08-24,New York,22.1,15.6,1.7,47,26.5
2022-08-24,Tokyo,17.9,11.8,6.3,46,15.7
2022-08-24,Sydney,15.7,9.1,6.5,80,19.3
2022-08-25,Mumbai,26.4,20.2,2.9,78,8.6
2022-08-25,London,17.7,10.8,2.2,76,23.4
2022-08-25,New York,20.7,13.7,0.9,60,22.4
2022-08-25,Tokyo,17.5,9.7,1.9,75,11.5
2022-08-25,Sydney,18.0,8.0,0.8,72,3.7
2022-08-26,Mumbai,27.4,18.5,1.0,46,16.6
2022-08-26,London,18.5,12.7,1.4,84,21.5
2022-08-26,New York,23.0,16.8,0.3,85,10.1
2022-08-26,Tokyo,18.0,12.2,5.3,83,13.3
2022-08-26,Sydney,19.7,9.4,1.6,63,5.8
2022-08-27,Mumbai,27.9,21.3,8.6,55,24.2
2022-08-27,London,17.0,12.2,4.6,43,17.9
2022-08-27,New York,24.0,11.3,3.2,67,6.9
2022-08-27,Tokyo,20.9,9.0,5.9,49,30.7
2022-08-27,Sydney,16.2,11.3,1.6,44,19.1
2022-08-28,Mumbai,28.6,17.2,1.4,49,21.4
2022-08-28,London,17.3,11.3,5.5,61,34.4
2022-08-28,New York,23.4,10.5,0.4,84,30.7
2022-08-28,Tokyo,18.9,15.1,3.7,41,22.2
2022-08-28,Sydney,20.0,8.2,1.9,49,14.7
2022-08-29,Mumbai,28.8,22.3,1.1,43,15.4
2022-08-29,London,18.1,12.5,0.7,65,16.8
2022-08-29,New York,23.5,15.0,1.6,84,26.1
2022-08-29,Tokyo,19.1,9.8,1.0,43,18.7
2022-08-29,Sydney,15.8,9.9,3.2,43,25.4
2022-08-30,Mumbai,28.2,18.1,3.6,74,20.8
2022-08-30,London,17.0,9.7,4.0,78,42.4
2022-08-30,New York,21.0,11.1,0.7,51,17.3
2022-08-30,Tokyo,17.3,10.8,1.2,60,1.0
2022-08-30,Sydney,18.7,11.7,0.4,42,14.8
2022-08-31,Mumbai,27.8,19.5,0.5,76,17.5
2022-08-31,London,19.2,11.5,0.7,45,21.8
2022-08-31,New York,22.2,14.2,9.9,61,17.9
2022-08-31,Tokyo,19.7,10.2,1.7,54,21.7
2022-08-31,Sydney,16.8,7.4,6.7,89,8.2
2022-09-01,Mumbai,28.4,18.4,2.6,57,0.0
2022-09-01,London,13.4,6.9,0.5,62,10.4
2022-09-01,New York,14.4,8.1,3.1,65,12.4
2022-09-01,Tokyo,12.5,5.8,4.6,42,22.3
2022-09-01,Sydney,17.8,12.0,1.8,47,2.4
2022-09-02,Mumbai,27.2,18.3,4.5,86,35.7
2022-09-02,London,16.1,6.2,0.4,55,7.7
2022-09-02,New York,15.6,7.0,11.1,73,26.2
2022-09-02,Tokyo,14.6,6.9,2.6,73,27.3
2022-09-02,Sydney,20.9,11.6,0.7,58,32.0
2022-09-03,Mumbai,29.0,19.3,1.1,46,13.2
2022-09-03,London,13.7,8.0,1.1,62,17.9
2022-09-03,New York,14.5,6.5,0.7,75,20.7
2022-09-03,Tokyo,13.9,5.5,6.5,75,5.2
2022-09-03,Sydney,20.2,11.5,9.2,49,24.5
2022-09-04,Mumbai,26.8,18.8,1.5,50,13.9
2022-09-04,London,14.9,9.0,2.5,47,4.9
2022-09-04,New York,12.9,9.5,1.8,53,14.1
2022-09-04,Tokyo,13.4,7.6,2.5,81,24.4
2022-09-04,Sydney,22.4,11.7,1.6,54,13.7
2022-09-05,Mumbai,30.6,19.8,1.2,83,12.7
2022-09-05,London,12.6,5.5,1.8,79,31.8
2022-09-05,New York,17.3,7.0,0.3,76,34.1
2022-09-05,Tokyo,11.0,4.1,1.9,83,27.2
2022-09-05,Sydney,20.1,14.7,6.8,56,23.3
2022-09-06,Mumbai,31.7,20.3,2.7,76,5.6
2022-09-06,London,12.4,5.5,5.6,44,14.9
2022-09-06,New York,16.0,8.6,1.0,71,29.1
2022-09-06,Tokyo,14.1,5.3,3.0,62,17.3
2022-09-06,Sydney,22.3,11.4,11.1,56,0.4
2022-09-07,Mumbai,31.3,18.7,1.7,49,19.4
2022-09-07,London,11.4,9.3,1.2,40,32.3
2022-09-07,New York,14.0,7.1,0.2,82,25.4
2022-09-07,Tokyo,14.3,7.0,0.7,69,32.7
2022-09-07,Sydney,25.5,11.4,9.1,88,2.4
2022-09-08,Mumbai,27.1,16.8,1.8,82,38.6
2022-09-08,London,15.9,8.4,6.0,81,25.7
2022-09-08,New York,15.5,8.4,1.4,86,31.0
2022-09-08,Tokyo,11.9,4.3,4.6,82,12.6
2022-09-08,Sydney,21.3,9.9,0.7,58,16.2
2022-09-09,Mumbai,28.3,19.1,0.8,40,17.8
2022-09-09,London,13.5,6.8,2.8,51,34.1
2022-09-09,New York,16.4,6.9,0.4,66,9.7
2022-09-09,Tokyo,15.3,3.7,3.0,64,6.9
2022-09-09,Sydney,17.6,13.1,2.7,41,23.4
2022-09-10,Mumbai,29.6,17.9,2.1,50,6.5
2022-09-10,London,12.6,7.2,0.9,65,21.1
2022-09-10,New York,18.2,6.3,1.0,85,14.2
2022-09-10,Tokyo,12.5,3.4,2.4,64,26.1
2022-09-10,Sydney,22.2,13.6,3.2,58,18.8
2022-09-11,Mumbai,26.0,16.8,0.1,78,37.7
2022-09-11,London,12.8,9.1,7.2,57,15.8
2022-09-11,New York,15.5,7.7,7.5,83,24.0
2022-09-11,Tokyo,10.2,5.0,8.3,62,9.4
2022-09-11,Sydney,22.0,12.8,2.6,58,25.6
2022-09-12,Mumbai,26.9,19.6,2.5,43,24.3
2022-09-12,London,13.9,8.6,1.0,72,16.6
2022-09-12,New York,13.8,5.7,6.5,44,12.3
2022-09-12,Tokyo,14.1,6.9,0.0,40,19.5
2022-09-12,Sydney,21.8,12.4,0.5,48,9.8
2022-09-13,Mumbai,27.4,19.2,3.5,43,25.1
2022-09-13,London,14.7,5.8,0.4,70,32.8
2022-09-13,New York,15.1,7.8,0.5,85,18.1
2022-09-13,Tokyo,13.5,7.8,1.1,40,11.4
2022-09-13,Sydney,20.3,12.4,0.7,88,25.4
2022-09-14,Mumbai,29.3,19.2,0.9,40,13.7
2022-09-14,London,13.3,6.7,0.0,81,23.8
2022-09-14,New York,16.3,8.0,1.3,56,14.3
2022-09-14,Tokyo,16.0,7.6,4.4,68,29.3
2022-09-14,Sydney,17.8,14.2,1.4,84,19.3
2022-09-15,Mumbai,29.3,14.9,1.0,80,4.3
2022-09-15,London,16.6,9.0,3.9,69,24.2
2022-09-15,New York,15.7,8.2,0.4,69,16.1
2022-09-15,Tokyo,15.6,5.4,1.1,61,19.2
2022-09-15,Sydney,21.1,12.7,1.6,88,15.9
2022-09-16,Mumbai,26.5,19.8,1.9,69,19.1
2022-09-16,London,13.8,6.9,1.3,87,23.1
2022-09-16,New York,16.1,9.0,5.2,83,6.2
2022-09-16,Tokyo,13.0,4.2,0.1,61,29.8
2022-09-16,Sydney,22.0,12.3,2.5,71,20.3
2022-09-17,Mumbai,29.4,18.8,0.8,76,20.2
2022-09-17,London,12.1,2.4,1.6,52,29.7
2022-09-17,New York,17.0,7.1,2.7,40,21.1
2022-09-17,Tokyo,13.1,6.3,3.4,46,36.6
2022-09-17,Sydney,20.7,10.9,8.1,52,9.6
2022-09-18,Mumbai,28.9,17.6,2.2,85,10.3
2022-09-18,London,14.9,5.0,1.3,46,19.8
2022-09-18,New York,14.5,7.9,0.4,89,13.4
2022-09-18,Tokyo,11.3,6.9,5.7,43,30.3
2022-09-18,Sydney,20.7,12.1,2.0,43,15.1
2022-09-19,Mumbai,27.6,22.2,3.6,44,23.5
2022-09-19,London,16.6,8.6,0.5,71,23.3
2022-09-19,New York,17.2,7.8,12.6,58,0.0
2022-09-19,Tokyo,12.7,6.6,0.9,54,23.5
2022-09-19,Sydney,21.2,13.9,1.4,71,23.4
2022-09-20,Mumbai,29.3,21.3,3.9,83,14.4
2022-09-20,London,17.0,6.3,1.0,66,9.7
2022-09-20,New York,15.2,9.5,3.5,81,0.0
2022-09-20,Tokyo,11.7,5.8,0.8,58,6.0
2022-09-20,Sydney,21.3,13.1,0.3,68,23.5
2022-09-21,Mumbai,28.4,20.8,12.4,86,24.9
2022-09-21,London,15.5,7.9,0.1,48,24.2
2022-09-21,New York,17.5,8.5,1.1,59,32.9
2022-09-21,Tokyo,12.0,4.1,5.3,76,15.4
2022-09-21,Sydney,19.8,12.8,9.9,79,22.2
2022-09-22,Mumbai,26.1,20.0,1.2,57,21.3
2022-09-22,London,12.6,6.7,1.5,52,32.8
2022-09-22,New York,15.5,8.1,5.6,50,6.2
2022-09-22,Tokyo,14.0,7.3,2.3,48,17.5
2022-09-22,Sydney,20.6,13.6,1.3,79,17.9
2022-09-23,Mumbai,26.6,18.9,2.0,75,26.8
2022-09-23,London,14.0,5.9,5.8,83,14.5
2022-09-23,New York,18.0,4.7,0.7,70,7.9
2022-09-23,Tokyo,12.5,6.7,1.1,46,6.7
2022-09-23,Sydney,17.7,10.8,1.8,85,31.4
2022-09-24,Mumbai,26.3,18.5,9.7,76,21.2
2022-09-24,London,14.5,6.4,2.5,51,6.0
2022-09-24,New York,17.8,6.4,3.5,82,26.7
2022-09-24,Tokyo,12.9,3.7,3.2,40,17.8
2022-09-24,Sydney,21.8,11.7,2.6,51,10.3
2022-09-25,Mumbai,26.7,18.0,1.9,88,9.8
2022-09-25,London,12.0,7.4,0.5,63,20.8
2022-09-25,New York,14.7,5.2,0.3,57,23.1
2022-09-25,Tokyo,15.6,7.0,5.4,89,8.1
2022-09-25,Sydney,19.9,12.1,2.7,74,26.0
2022-09-26,Mumbai,28.6,19.8,8.9,83,43.5
2022-09-26,London,14.0,9.7,0.1,74,23.9
2022-09-26,New York,16.9,6.0,4.1,58,10.8
2022-09-26,Tokyo,12.0,3.9,4.6,45,12.2
2022-09-26,Sydney,20.2,12.2,0.7,76,29.2
2022-09-27,Mumbai,27.1,21.1,2.1,71,32.1
2022-09-27,London,13.2,3.3,8.7,83,24.2
2022-09-27,New York,13.9,8.1,2.1,83,12.7
2022-09-27,Tokyo,11.8,6.4,6.7,66,20.6
2022-09-27,Sydney,20.9,11.8,2.1,70,19.4
2022-09-28,Mumbai,27.5,17.3,0.9,80,22.2
2022-09-28,London,15.3,8.4,0.6,42,27.7
2022-09-28,New York,11.7,8.4,3.0,57,31.7
2022-09-28,Tokyo,13.4,4.2,0.4,65,32.8
2022-09-28,Sydney,20.0,14.9,0.1,89,27.5
2022-09-29,Mumbai,28.7,19.4,1.3,46,30.3
2022-09-29,London,16.0,8.2,0.0,54,21.6
2022-09-29,New York,14.7,8.6,1.1,74,32.3
2022-09-29,Tokyo,11.5,6.9,3.7,69,2.3
2022-09-29,Sydney,22.8,14.3,7.1,64,29.1
2022-09-30,Mumbai,27.4,18.3,1.5,60,0.0
2022-09-30,London,15.3,5.3,2.0,61,22.8
2022-09-30,New York,17.9,7.5,1.4,50,17.8
2022-09-30,Tokyo,11.6,6.0,0.8,65,10.6
2022-09-30,Sydney,20.1,13.4,13.3,44,45.0
2022-10-01,Mumbai,27.6,17.8,5.2,82,13.4
2022-10-01,London,8.8,0.9,1.6,75,34.6
2022-10-01,New York,11.2,3.4,0.2,54,25.8
2022-10-01,Tokyo,10.0,3.1,12.3,86,19.4
2022-10-01,Sydney,22.9,14.7,0.7,65,19.4
2022-10-02,Mumbai,25.2,21.4,11.5,69,6.1
2022-10-02,London,11.6,0.9,1.4,58,27.0
2022-10-02,New York,8.4,4.4,3.5,47,35.6
2022-10-02,Tokyo,10.6,-1.2,0.4,77,24.3
2022-10-02,Sydney,23.2,16.9,0.7,45,22.1
2022-10-03,Mumbai,30.0,21.8,6.0,69,27.6
2022-10-03,London,9.1,3.0,13.8,67,6.1
2022-10-03,New York,10.4,4.6,4.5,78,9.3
2022-10-03,Tokyo,9.4,2.6,6.2,56,1.3
2022-10-03,Sydney,24.7,15.7,3.2,79,16.9
2022-10-04,Mumbai,27.2,20.1,7.9,66,21.4
2022-10-04,London,7.6,-0.3,0.7,69,37.1
2022-10-04,New York,13.3,3.8,1.4,67,35.7
2022-10-04,Tokyo,9.3,1.8,1.3,55,18.6
2022-10-04,Sydney,24.1,16.8,2.0,45,31.9
2022-10-05,Mumbai,28.1,19.1,4.2,70,40.4
2022-10-05,London,9.3,1.5,0.4,79,3.5
2022-10-05,New York,8.4,2.9,0.9,79,16.9
2022-10-05,Tokyo,10.1,2.4,4.1,61,11.3
2022-10-05,Sydney,24.0,16.2,4.1,43,27.1
2022-10-06,Mumbai,29.4,19.7,0.0,57,3.8
2022-10-06,London,10.3,2.8,1.1,47,0.0
2022-10-06,New York,11.9,3.6,0.3,40,17.4
2022-10-06,Tokyo,8.8,2.8,1.1,75,34.0
2022-10-06,Sydney,24.6,16.8,1.5,81,19.3
2022-10-07,Mumbai,29.0,17.6,0.2,56,35.0
2022-10-07,London,7.1,3.3,2.3,56,5.0
2022-10-07,New York,10.6,2.3,5.9,77,14.8
2022-10-07,Tokyo,8.8,3.3,3.1,83,0.0
2022-10-07,Sydney,22.8,18.4,3.5,55,20.1
2022-10-08,Mumbai,28.4,20.7,0.1,79,10.8
2022-10-08,London,10.0,-1.2,8.4,53,17.6
2022-10-08,New York,7.8,1.3,1.3,62,11.9
2022-10-08,Tokyo,7.8,1.6,0.3,78,32.0
2022-10-08,Sydney,27.3,16.4,8.9,79,4.8
2022-10-09,Mumbai,30.2,16.2,3.6,56,25.6
2022-10-09,London,6.5,3.4,3.4,69,16.7
2022-10-09,New York,12.8,3.0,1.4,80,28.6
2022-10-09,Tokyo,8.1,1.0,1.1,84,21.9
2022-10-09,Sydney,25.5,15.3,6.4,52,26.9
2022-10-10,Mumbai,27.8,17.2,7.4,83,20.4
2022-10-10,London,6.6,1.7,3.9,40,15.2
2022-10-10,New York,12.0,0.6,4.6,53,0.9
2022-10-10,Tokyo,10.3,1.7,1.0,63,28.9
2022-10-10,Sydney,24.7,17.6,0.7,79,0.7
2022-10-11,Mumbai,26.2,19.7,11.0,69,26.2
2022-10-11,London,6.0,0.3,0.9,41,9.1
2022-10-11,New York,9.8,0.4,4.1,53,0.0
2022-10-11,Tokyo,7.5,2.2,6.7,58,11.8
2022-10-11,Sydney,25.4,14.2,5.0,49,8.6
2022-10-12,Mumbai,29.7,21.0,3.6,41,33.8
2022-10-12,London,9.4,2.5,1.0,66,24.2
2022-10-12,New York,9.8,3.5,0.0,45,17.0
2022-10-12,Tokyo,10.7,1.4,0.6,68,21.1
2022-10-12,Sydney,22.6,14.3,1.8,56,2.2
2022-10-13,Mumbai,28.3,18.5,0.0,73,18.0
2022-10-13,London,9.9,5.8,0.3,88,19.7
2022-10-13,New York,8.5,4.2,0.9,48,25.3
2022-10-13,Tokyo,8.0,2.4,7.8,51,11.1
2022-10-13,Sydney,24.7,16.4,2.4,80,33.4
2022-10-14,Mumbai,25.5,19.2,1.5,59,19.6
2022-10-14,London,10.9,1.8,1.8,86,19.7
2022-10-14,New York,13.1,5.0,1.6,89,12.0
2022-10-14,Tokyo,7.9,2.9,1.9,49,18.5
2022-10-14,Sydney,25.3,16.0,2.6,48,28.0
2022-10-15,Mumbai,25.4,21.2,0.2,48,27.5
2022-10-15,London,10.0,2.4,0.9,81,19.2
2022-10-15,New York,8.0,3.0,0.2,75,24.6
2022-10-15,Tokyo,8.8,0.9,1.2,88,15.9
2022-10-15,Sydney,25.3,18.5,3.3,71,14.4
2022-10-16,Mumbai,28.0,19.0,2.7,86,35.2
2022-10-16,London,8.2,0.6,0.5,63,20.8
2022-10-16,New York,10.2,2.8,2.3,66,30.3
2022-10-16,Tokyo,9.9,4.6,10.4,46,22.0
2022-10-16,Sydney,26.7,17.8,0.6,54,19.3
2022-10-17,Mumbai,28.3,20.6,13.6,48,9.7
2022-10-17,London,11.0,4.3,0.1,67,26.4
2022-10-17,New York,12.3,0.1,0.6,87,14.2
2022-10-17,Tokyo,12.4,4.8,1.8,48,0.0
2022-10-17,Sydney,24.1,16.4,0.9,64,16.1
2022-10-18,Mumbai,29.4,22.2,4.4,84,17.7
2022-10-18,London,12.6,-1.7,2.8,79,22.1
2022-10-18,New York,8.6,1.1,2.5,84,30.8
2022-10-18,Tokyo,10.7,2.6,0.1,63,22.3
2022-10-18,Sydney,24.6,16.6,3.3,72,21.6
2022-10-19,Mumbai,29.8,18.1,4.9,50,19.4
2022-10-19,London,9.7,1.1,2.9,62,0.0
2022-10-19,New York,11.1,2.3,2.8,52,14.9
2022-10-19,Tokyo,11.2,3.0,0.0,52,56.5
2022-10-19,Sydney,28.0,13.1,5.5,55,33.5
2022-10-20,Mumbai,29.3,21.1,1.0,71,27.5
2022-10-20,London,7.7,2.9,10.8,72,19.1
2022-10-20,New York,10.6,3.7,1.5,70,4.0
2022-10-20,Tokyo,10.6,0.1,8.0,86,19.6
2022-10-20,Sydney,23.2,16.0,0.6,73,34.0
2022-10-21,Mumbai,29.9,22.9,5.4,75,7.1
2022-10-21,London,9.1,1.6,0.0,63,10.7
2022-10-21,New York,11.1,2.6,2.2,65,43.3
2022-10-21,Tokyo,12.5,0.5,11.8,80,5.1
2022-10-21,Sydney,29.7,16.4,2.5,77,19.4
2022-10-22,Mumbai,30.9,20.1,3.3,57,26.3
2022-10-22,London,11.6,1.7,3.5,47,25.9
2022-10-22,New York,8.2,3.1,1.1,61,30.3
2022-10-22,Tokyo,9.4,0.8,1.7,89,22.7
2022-10-22,Sydney,22.8,17.9,3.9,65,23.5
2022-10-23,Mumbai,28.3,17.8,0.2,81,12.3
2022-10-23,London,10.1,1.6,1.4,83,25.8
2022-10-23,New York,6.4,4.8,1.7,41,29.2
2022-10-23,Tokyo,10.0,7.5,0.8,70,22.6
2022-10-23,Sydney,23.8,16.1,3.3,79,30.4
2022-10-24,Mumbai,28.4,19.2,1.4,47,27.2
2022-10-24,London,10.0,4.0,9.5,67,19.0
2022-10-24,New York,10.3,3.2,3.9,58,3.4
2022-10-24,Tokyo,10.7,-2.0,4.5,58,26.7
2022-10-24,Sydney,22.6,16.0,0.3,42,5.8
2022-10-25,Mumbai,28.7,20.2,0.4,47,11.3
2022-10-25,London,12.2,2.1,4.4,58,3.5
2022-10-25,New York,10.0,3.2,4.0,56,13.6
2022-10-25,Tokyo,8.9,0.2,0.0,73,17.6
2022-10-25,Sydney,23.7,16.3,2.2,83,25.0
2022-10-26,Mumbai,29.8,19.0,0.5,50,0.0
2022-10-26,London,13.1,3.4,0.1,59,25.4
2022-10-26,New York,9.9,1.9,6.5,41,12.2
2022-10-26,Tokyo,11.0,3.4,0.4,47,15.5
2022-10-26,Sydney,23.5,15.9,0.6,80,28.5
2022-10-27,Mumbai,29.0,20.3,1.6,88,11.3
2022-10-27,London,12.4,0.9,0.1,45,24.7
2022-10-27,New York,10.9,-2.1,11.5,50,22.2
2022-10-27,Tokyo,9.3,1.2,3.7,50,10.1
2022-10-27,Sydney,23.1,16.2,4.9,49,25.5
2022-10-28,Mumbai,26.8,19.7,1.6,50,23.0
2022-10-28,London,8.5,1.3,2.7,60,15.2
2022-10-28,New York,7.4,1.5,1.7,68,14.2
2022-10-28,Tokyo,11.3,3.6,4.3,77,13.2
2022-10-28,Sydney,22.1,17.2,3.7,49,27.4
2022-10-29,Mumbai,27.0,20.4,2.8,65,24.9
2022-10-29,London,10.4,3.9,1.9,83,16.3
2022-10-29,New York,11.2,1.4,5.4,62,28.0
2022-10-29,Tokyo,8.3,1.5,10.0,83,20.4
2022-10-29,Sydney,21.7,16.3,2.0,62,42.4
2022-10-30,Mumbai,30.6,17.2,3.0,71,0.0
2022-10-30,London,12.2,3.7,2.2,71,14.2
2022-10-30,New York,8.8,-0.4,1.4,50,14.4
2022-10-30,Tokyo,7.7,0.8,6.0,86,21.1
2022-10-30,Sydney,27.7,16.0,6.7,73,37.1
2022-10-31,Mumbai,27.4,18.0,2.7,63,24.9
2022-10-31,London,9.2,-1.2,0.9,74,26.8
2022-10-31,New York,9.5,-1.0,2.7,82,35.4
2022-10-31,Tokyo,10.0,0.4,2.0,57,25.4
2022-10-31,Sydney,24.8,16.8,1.9,67,25.5
2022-11-01,Mumbai,33.5,21.8,1.8,58,24.1
2022-11-01,London,6.7,2.8,4.5,57,31.1
2022-11-01,New York,5.2,-1.7,0.5,63,9.7
2022-11-01,Tokyo,6.3,-1.6,0.5,40,24.8
2022-11-01,Sydney,29.3,20.6,2.4,89,26.0
2022-11-02,Mumbai,31.1,22.4,0.2,44,12.7
2022-11-02,London,6.3,-1.9,2.9,86,14.1
2022-11-02,New York,8.2,-1.7,0.1,57,19.9
2022-11-02,Tokyo,5.2,1.5,2.6,59,28.9
2022-11-02,Sydney,27.3,18.2,8.6,76,2.1
2022-11-03,Mumbai,29.5,22.0,8.0,51,25.6
2022-11-03,London,6.4,-1.1,8.5,80,19.0
2022-11-03,New York,5.5,-2.2,2.2,49,21.6
2022-11-03,Tokyo,8.1,0.6,2.6,56,4.3
2022-11-03,Sydney,29.0,18.6,0.6,68,21.4
2022-11-04,Mumbai,30.9,20.4,0.7,41,24.4
2022-11-04,London,7.1,1.7,2.1,52,15.7
2022-11-04,New York,5.0,-2.3,0.0,76,26.7
2022-11-04,Tokyo,9.3,-0.0,1.0,56,28.6
2022-11-04,Sydney,27.8,19.3,0.9,43,32.1
2022-11-05,Mumbai,30.9,22.6,2.7,75,25.4
2022-11-05,London,4.0,-0.7,5.3,81,4.2
2022-11-05,New York,4.3,-1.8,5.0,67,16.2
2022-11-05,Tokyo,6.8,0.6,1.3,56,18.4
2022-11-05,Sydney,27.0,17.7,10.4,86,11.0
2022-11-06,Mumbai,27.6,22.7,2.7,68,11.2
2022-11-06,London,5.9,-0.5,4.8,70,12.3
2022-11-06,New York,7.1,-4.0,2.4,61,35.7
2022-11-06,Tokyo,7.9,2.0,1.8,73,13.8
2022-11-06,Sydney,30.4,16.3,3.6,54,39.9
2022-11-07,Mumbai,29.1,21.8,0.3,70,38.3
2022-11-07,London,4.5,1.0,0.4,53,17.2
2022-11-07,New York,7.5,-2.4,0.4,79,24.7
2022-11-07,Tokyo,5.1,0.3,0.3,76,13.1
2022-11-07,Sydney,23.5,18.9,0.6,41,23.3
2022-11-08,Mumbai,30.4,20.4,0.9,44,24.3
2022-11-08,London,7.3,1.5,7.4,68,10.5
2022-11-08,New York,6.5,-3.6,2.7,82,7.9
2022-11-08,Tokyo,7.0,-0.9,0.3,86,16.5
2022-11-08,Sydney,26.2,18.2,1.0,81,8.3
2022-11-09,Mumbai,29.2,21.5,2.7,64,12.8
2022-11-09,London,8.4,-3.3,0.8,48,21.1
2022-11-09,New York,1.8,-1.9,3.5,78,28.6
2022-11-09,Tokyo,5.7,-2.3,1.2,57,36.6
2022-11-09,Sydney,26.2,20.3,2.8,71,31.6
2022-11-10,Mumbai,29.9,21.7,7.2,64,17.8
2022-11-10,London,5.8,2.7,2.0,53,19.3
2022-11-10,New York,5.8,-3.7,2.0,74,34.5
2022-11-10,Tokyo,5.8,-1.5,1.0,44,21.4
2022-11-10,Sydney,24.8,18.2,10.1,59,19.8
2022-11-11,Mumbai,29.9,23.4,3.9,50,4.3
2022-11-11,London,8.9,-1.5,2.8,62,20.8
2022-11-11,New York,5.2,-3.9,6.9,44,32.1
2022-11-11,Tokyo,9.2,-0.7,0.6,80,15.3
2022-11-11,Sydney,25.6,19.6,0.8,89,3.5
2022-11-12,Mumbai,31.9,22.6,0.3,63,24.4
2022-11-12,London,7.9,-3.2,13.1,77,26.6
2022-11-12,New York,6.2,-2.4,2.4,80,2.4
2022-11-12,Tokyo,9.4,1.9,6.5,64,25.8
2022-11-12,Sydney,26.3,19.9,0.9,84,28.3
2022-11-13,Mumbai,30.2,21.8,1.3,85,22.7
2022-11-13,London,5.5,-0.1,10.8,88,32.4
2022-11-13,New York,8.0,-3.7,2.0,63,30.5
2022-11-13,Tokyo,12.0,0.6,0.4,85,30.3
2022-11-13,Sydney,26.8,20.5,12.2,49,27.0
2022-11-14,Mumbai,29.8,20.8,4.3,72,27.6
2022-11-14,London,5.9,-0.3,2.8,73,26.5
2022-11-14,New York,6.0,-1.4,0.2,84,20.0
2022-11-14,Tokyo,9.0,-1.8,0.2,77,34.5
2022-11-14,Sydney,26.1,20.1,2.3,41,26.8
2022-11-15,Mumbai,32.4,22.7,1.0,65,5.0
2022-11-15,London,6.1,-1.7,3.6,64,33.7
2022-11-15,New York,3.7,-3.1,10.4,83,43.6
2022-11-15,Tokyo,7.6,-1.6,2.9,75,0.0
2022-11-15,Sydney,28.2,19.0,3.2,82,15.5
2022-11-16,Mumbai,31.9,22.6,1.9,66,31.6
2022-11-16,London,2.3,-2.1,1.7,57,22.4
2022-11-16,New York,7.4,0.1,0.8,54,11.6
2022-11-16,Tokyo,9.4,1.6,4.7,60,29.8
2022-11-16,Sydney,25.6,21.3,0.6,85,24.9
2022-11-17,Mumbai,31.3,20.2,3.3,71,5.8
2022-11-17,London,6.8,2.0,0.4,48,20.6
2022-11-17,New York,3.3,-2.2,1.0,78,18.3
2022-11-17,Tokyo,9.3,-5.8,4.1,70,18.2
2022-11-17,Sydney,27.4,18.9,0.3,74,26.2
2022-11-18,Mumbai,30.6,20.0,9.1,61,9.4
2022-11-18,London,8.5,-2.6,7.5,63,33.4
2022-11-18,New York,6.5,-4.4,0.3,77,9.7
2022-11-18,Tokyo,8.8,1.2,2.6,80,11.3
2022-11-18,Sydney,26.1,19.4,7.3,70,26.0
2022-11-19,Mumbai,30.2,22.4,2.6,55,29.2
2022-11-19,London,4.9,-0.6,0.6,44,13.3
2022-11-19,New York,6.4,-2.4,2.0,46,16.5
2022-11-19,Tokyo,6.0,0.6,0.0,62,3.2
2022-11-19,Sydney,27.2,19.0,0.9,44,39.5
2022-11-20,Mumbai,28.9,19.8,2.6,73,19.0
2022-11-20,London,4.0,-1.7,5.1,53,25.6
2022-11-20,New York,5.4,-1.6,7.8,43,27.4
2022-11-20,Tokyo,9.3,0.3,4.4,67,23.8
2022-11-20,Sydney,28.5,18.1,1.6,61,29.7
2022-11-21,Mumbai,30.3,21.7,3.5,43,18.0
2022-11-21,London,4.6,-0.0,0.1,50,3.9
2022-11-21,New York,4.4,-1.1,1.2,47,32.8
2022-11-21,Tokyo,6.6,1.3,0.1,71,17.8
2022-11-21,Sydney,27.8,19.5,0.6,79,14.3
2022-11-22,Mumbai,29.6,19.8,2.0,53,21.5
2022-11-22,London,2.7,-2.5,1.6,59,19.7
2022-11-22,New York,3.0,-4.1,1.6,51,30.4
2022-11-22,Tokyo,6.4,-0.2,4.9,41,35.9
2022-11-22,Sydney,26.0,21.0,3.2,44,17.4
2022-11-23,Mumbai,31.3,22.5,3.2,57,12.1
2022-11-23,London,8.3,0.0,0.2,60,30.5
2022-11-23,New York,5.1,-4.4,3.5,66,13.3
2022-11-23,Tokyo,6.7,-2.8,2.4,88,9.9
2022-11-23,Sydney,30.1,18.9,2.4,85,19.5
2022-11-24,Mumbai,30.3,20.2,4.2,79,21.3
2022-11-24,London,7.7,-0.2,0.6,74,23.1
2022-11-24,New York,6.5,-2.5,6.4,41,33.7
2022-11-24,Tokyo,6.5,-0.1,1.9,62,18.8
2022-11-24,Sydney,27.5,16.9,2.0,42,20.6
2022-11-25,Mumbai,29.2,20.3,1.0,75,20.7
2022-11-25,London,5.9,0.3,0.1,78,15.2
2022-11-25,New York,7.5,-1.9,6.2,61,13.2
2022-11-25,Tokyo,9.5,1.2,4.3,65,17.2
2022-11-25,Sydney,26.0,17.9,7.2,49,39.4
2022-11-26,Mumbai,32.4,24.2,3.1,57,12.7
2022-11-26,London,7.2,0.1,1.8,43,24.4
2022-11-26,New York,6.9,-3.3,1.3,63,32.8
2022-11-26,Tokyo,7.1,-0.6,3.8,76,18.1
2022-11-26,Sydney,27.4,21.3,4.9,57,18.7
2022-11-27,Mumbai,28.4,20.1,3.2,75,0.0
2022-11-27,London,6.7,0.5,1.1,51,9.3
2022-11-27,New York,5.6,-3.1,1.5,62,12.8
2022-11-27,Tokyo,9.1,2.0,4.9,60,16.2
2022-11-27,Sydney,26.6,16.6,0.4,55,24.1
2022-11-28,Mumbai,30.5,20.1,12.0,41,28.5
2022-11-28,London,3.4,1.6,1.1,87,8.0
2022-11-28,New York,5.7,-3.6,0.2,76,22.3
2022-11-28,Tokyo,10.4,-1.1,2.4,51,32.3
2022-11-28,Sydney,27.7,18.0,1.9,52,21.0
2022-11-29,Mumbai,30.4,21.1,3.8,83,13.6
2022-11-29,London,4.8,-2.0,2.7,80,27.7
2022-11-29,New York,5.7,-3.7,0.0,73,2.7
2022-11-29,Tokyo,6.5,3.2,0.0,87,33.3
2022-11-29,Sydney,28.6,17.7,1.6,45,19.7
2022-11-30,Mumbai,29.4,21.1,2.4,50,9.9
2022-11-30,London,3.5,-3.4,8.3,56,10.5
2022-11-30,New York,9.2,-1.2,9.3,88,27.7
2022-11-30,Tokyo,6.7,-0.0,2.1,63,21.4
2022-11-30,Sydney,25.4,18.9,0.3,63,22.0
2022-12-01,Mumbai,33.9,21.7,2.1,66,45.5
2022-12-01,London,4.3,-0.8,0.8,47,15.1
2022-12-01,New York,2.6,-3.6,8.9,51,25.7
2022-12-01,Tokyo,12.1,0.2,3.9,74,15.9
2022-12-01,Sydney,27.1,19.0,3.1,62,20.5
2022-12-02,Mumbai,34.8,24.1,2.5,75,34.0
2022-12-02,London,5.1,-1.3,3.3,61,10.2
2022-12-02,New York,4.4,-5.4,0.1,86,9.9
2022-12-02,Tokyo,8.2,2.4,4.0,65,20.4
2022-12-02,Sydney,26.2,20.8,6.2,44,22.8
2022-12-03,Mumbai,31.0,21.7,1.4,85,39.5
2022-12-03,London,5.2,-0.7,2.6,45,13.0
2022-12-03,New York,4.4,-2.0,7.1,83,31.8
2022-12-03,Tokyo,9.1,1.8,1.6,40,5.7
2022-12-03,Sydney,30.5,20.7,2.0,81,8.6
2022-12-04,Mumbai,33.7,20.5,1.2,86,14.1
2022-12-04,London,4.2,-2.1,0.0,69,16.2
2022-12-04,New York,2.2,-3.8,3.0,47,30.2
2022-12-04,Tokyo,9.5,3.4,0.0,67,16.4
2022-12-04,Sydney,30.0,19.9,1.9,50,15.8
2022-12-05,Mumbai,32.8,22.6,3.0,47,30.9
2022-12-05,London,7.0,-0.0,0.3,84,8.0
2022-12-05,New York,4.7,-7.0,4.3,89,11.3
2022-12-05,Tokyo,9.2,1.0,7.5,75,30.2
2022-12-05,Sydney,28.6,21.6,10.0,71,25.9
2022-12-06,Mumbai,34.4,22.5,5.2,77,12.8
2022-12-06,London,2.8,-1.9,0.9,60,0.0
2022-12-06,New York,4.5,-4.5,3.5,46,15.7
2022-12-06,Tokyo,11.5,3.9,3.1,75,24.7
2022-12-06,Sydney,27.0,19.6,2.9,58,28.2
2022-12-07,Mumbai,34.2,23.6,4.3,64,16.5
2022-12-07,London,6.7,1.2,2.6,69,23.1
2022-12-07,New York,6.0,-6.4,0.3,84,31.3
2022-12-07,Tokyo,7.9,1.5,0.0,50,38.2
2022-12-07,Sydney,28.4,20.3,1.2,45,22.0
2022-12-08,Mumbai,34.1,25.8,0.9,87,22.8
2022-12-08,London,5.6,-3.5,0.1,80,30.2
2022-12-08,New York,4.5,-3.2,1.2,77,11.0
2022-12-08,Tokyo,9.9,1.5,4.6,41,24.4
2022-12-08,Sydney,29.5,19.2,0.2,56,1.7
2022-12-09,Mumbai,33.3,24.5,4.2,63,15.0
2022-12-09,London,0.9,-2.8,3.7,66,3.1
2022-12-09,New York,4.9,-2.0,1.5,89,1.4
2022-12-09,Tokyo,10.2,4.3,5.0,71,30.6
2022-12-09,Sydney,26.6,20.3,1.3,43,0.0
2022-12-10,Mumbai,34.6,27.0,0.4,47,40.3
2022-12-10,London,4.5,-3.2,0.9,85,23.6
2022-12-10,New York,6.4,-3.5,5.1,47,14.5
2022-12-10,Tokyo,8.4,2.3,2.1,53,31.8
2022-12-10,Sydney,32.0,20.3,5.6,46,31.5
2022-12-11,Mumbai,31.2,23.5,4.8,52,31.2
2022-12-11,London,3.0,-6.9,1.7,87,49.1
2022-12-11,New York,0.5,-1.5,0.2,58,12.0
2022-12-11,Tokyo,9.4,1.2,8.7,61,16.8
2022-12-11,Sydney,29.3,20.8,1.6,78,26.9
2022-12-12,Mumbai,34.0,26.1,2.8,67,26.2
2022-12-12,London,3.9,-2.0,0.3,45,34.9
2022-12-12,New York,0.8,-3.9,0.4,49,18.1
2022-12-12,Tokyo,8.8,1.4,1.2,78,22.2
2022-12-12,Sydney,27.3,19.7,0.7,79,17.8
2022-12-13,Mumbai,35.5,23.5,3.2,78,23.3
2022-12-13,London,5.2,0.3,1.9,44,14.2
2022-12-13,New York,3.9,-5.8,0.4,81,11.0
2022-12-13,Tokyo,5.4,1.4,0.5,59,22.8
2022-12-13,Sydney,30.3,19.2,2.3,68,29.5
2022-12-14,Mumbai,34.0,20.1,2.5,70,35.9
2022-12-14,London,5.2,-1.5,1.7,80,22.8
2022-12-14,New York,2.8,-5.3,1.2,41,21.8
2022-12-14,Tokyo,9.9,2.5,3.3,59,32.8
2022-12-14,Sydney,25.6,18.9,2.8,73,16.0
2022-12-15,Mumbai,31.8,25.4,7.4,81,6.1
2022-12-15,London,3.7,-2.2,1.8,78,38.4
2022-12-15,New York,5.0,-3.4,6.3,82,21.9
2022-12-15,Tokyo,9.2,1.5,1.7,89,23.3
2022-12-15,Sydney,26.8,23.6,8.4,84,17.3
2022-12-16,Mumbai,33.0,22.1,1.6,54,23.8
2022-12-16,London,4.6,-3.3,0.2,60,30.8
2022-12-16,New York,3.4,-4.1,1.3,56,9.0
2022-12-16,Tokyo,9.3,3.4,8.7,81,26.6
2022-12-16,Sydney,27.3,19.8,1.6,83,23.4
2022-12-17,Mumbai,31.0,26.1,8.6,77,22.7
2022-12-17,London,2.9,0.3,0.9,64,38.9
2022-12-17,New York,2.6,-4.1,2.0,66,28.7
2022-12-17,Tokyo,9.3,0.2,10.1,60,24.0
2022-12-17,Sydney,26.8,19.4,0.5,75,17.7
2022-12-18,Mumbai,32.7,21.9,2.9,75,29.9
2022-12-18,London,5.7,-0.9,4.1,46,10.9
2022-12-18,New York,1.6,-1.2,2.5,57,38.3
2022-12-18,Tokyo,8.3,1.8,0.2,62,4.6
2022-12-18,Sydney,27.6,19.2,3.4,55,21.1
2022-12-19,Mumbai,32.5,24.4,2.1,64,18.1
2022-12-19,London,3.4,-0.7,3.0,44,30.4
2022-12-19,New York,6.0,-3.0,3.2,81,20.1
2022-12-19,Tokyo,8.5,-0.4,0.2,68,19.3
2022-12-19,Sydney,28.6,19.1,7.2,82,18.2
2022-12-20,Mumbai,33.4,24.2,4.6,85,11.7
2022-12-20,London,6.6,-3.0,3.2,73,12.6
2022-12-20,New York,3.4,-4.7,2.5,67,14.5
2022-12-20,Tokyo,8.0,1.2,15.5,50,28.0
2022-12-20,Sydney,28.1,20.6,1.7,64,22.3
2022-12-21,Mumbai,34.9,23.9,1.7,53,13.5
2022-12-21,London,6.5,-2.2,6.4,87,12.0
2022-12-21,New York,4.7,-4.7,2.7,66,35.5
2022-12-21,Tokyo,9.1,1.4,0.0,52,4.7
2022-12-21,Sydney,27.6,19.7,4.5,66,9.7
2022-12-22,Mumbai,33.8,25.5,0.3,78,26.7
2022-12-22,London,5.5,-3.6,0.4,57,16.4
2022-12-22,New York,2.2,-4.7,9.7,56,5.2
2022-12-22,Tokyo,10.3,0.9,4.9,75,16.4
2022-12-22,Sydney,28.8,21.5,0.5,82,16.9
2022-12-23,Mumbai,30.6,22.8,1.4,89,25.4
2022-12-23,London,3.9,-1.9,3.4,49,16.8
2022-12-23,New York,6.5,-6.7,5.2,78,32.2
2022-12-23,Tokyo,9.0,2.6,6.8,48,30.3
2022-12-23,Sydney,24.9,21.5,1.4,59,19.1
2022-12-24,Mumbai,34.9,24.4,3.7,54,24.7
2022-12-24,London,6.5,-1.5,2.6,75,19.3
2022-12-24,New York,1.8,-3.3,2.3,60,9.9
2022-12-24,Tokyo,12.9,2.3,0.6,89,6.1
2022-12-24,Sydney,26.3,19.0,0.9,61,27.7
2022-12-25,Mumbai,31.0,24.9,7.3,67,16.5
2022-12-25,London,3.9,1.3,4.4,48,14.9
2022-12-25,New York,5.5,-3.2,1.5,89,20.7
2022-12-25,Tokyo,9.1,1.2,4.0,85,9.1
2022-12-25,Sydney,29.6,18.7,1.0,62,22.9
2022-12-26,Mumbai,31.9,26.4,0.0,76,31.9
2022-12-26,London,5.1,-1.1,0.5,51,30.7
2022-12-26,New York,3.0,-4.7,1.3,41,24.3
2022-12-26,Tokyo,7.6,3.2,11.4,46,22.0
2022-12-26,Sydney,28.4,18.8,3.6,42,44.1
2022-12-27,Mumbai,32.8,23.2,1.9,63,28.5
2022-12-27,London,3.7,-0.4,2.2,60,24.1
2022-12-27,New York,3.7,-5.5,0.7,78,28.2
2022-12-27,Tokyo,9.0,1.2,1.4,81,0.0
2022-12-27,Sydney,29.9,20.5,1.8,49,10.8
2022-12-28,Mumbai,32.7,23.5,0.6,59,19.6
2022-12-28,London,3.6,-2.5,5.5,56,25.5
2022-12-28,New York,4.5,-4.9,1.6,52,5.0
2022-12-28,Tokyo,9.6,1.5,0.7,57,13.2
2022-12-28,Sydney,27.8,21.0,1.0,53,21.2
2022-12-29,Mumbai,32.6,23.5,2.6,70,35.4
2022-12-29,London,4.9,-3.7,1.7,52,8.0
2022-12-29,New York,4.3,-4.3,1.1,57,18.5
2022-12-29,Tokyo,11.1,0.6,4.5,57,23.7
2022-12-29,Sydney,28.6,19.8,1.1,63,22.3
2022-12-30,Mumbai,31.8,25.7,0.3,44,19.8
2022-12-30,London,6.5,0.6,1.3,47,30.0
2022-12-30,New York,6.6,-3.1,0.2,67,20.0
2022-12-30,Tokyo,10.4,2.6,1.2,40,17.0
2022-12-30,Sydney,28.8,20.3,0.8,83,35.0
2022-12-31,Mumbai,30.2,22.0,2.4,45,10.8
2022-12-31,London,3.8,-1.2,2.4,58,18.9
2022-12-31,New York,2.5,-5.2,0.6,78,19.8
2022-12-31,Tokyo,12.4,3.1,4.8,74,28.7
2022-12-31,Sydney,29.0,20.6,0.5,86,33.1
2023-01-01,Mumbai,36.1,28.7,0.6,78,10.5
2023-01-01,London,6.0,-2.0,5.1,63,16.2
2023-01-01,New York,8.4,-1.1,0.4,85,11.4
2023-01-01,Tokyo,11.0,4.4,3.4,58,11.3
2023-01-01,Sydney,26.4,18.8,7.7,58,17.7
2023-01-02,Mumbai,34.6,27.1,8.8,78,8.9
2023-01-02,London,5.6,0.2,6.6,77,8.1
2023-01-02,New York,6.0,-1.6,2.0,54,15.4
2023-01-02,Tokyo,14.5,6.3,2.6,53,8.7
2023-01-02,Sydney,28.8,19.9,1.0,54,29.1
2023-01-03,Mumbai,36.3,27.8,0.1,74,33.5
2023-01-03,London,8.3,-2.6,0.9,45,25.1
2023-01-03,New York,2.7,-2.2,3.3,60,31.2
2023-01-03,Tokyo,14.8,7.4,0.2,40,22.4
2023-01-03,Sydney,25.2,16.3,2.6,84,12.3
2023-01-04,Mumbai,32.8,26.6,1.5,78,7.7
2023-01-04,London,4.0,-1.1,8.2,85,8.4
2023-01-04,New York,7.1,-2.4,0.4,84,2.4
2023-01-04,Tokyo,14.6,7.4,3.5,68,16.7
2023-01-04,Sydney,25.6,19.0,2.9,69,36.3
2023-01-05,Mumbai,36.5,25.6,0.3,85,22.9
2023-01-05,London,2.5,-1.9,1.9,74,34.8
2023-01-05,New York,8.0,-3.9,7.9,82,3.4
2023-01-05,Tokyo,14.0,6.3,0.1,71,29.7
2023-01-05,Sydney,26.7,19.7,5.9,49,14.9
2023-01-06,Mumbai,36.2,25.4,0.7,59,8.7
2023-01-06,London,7.2,-0.1,1.0,70,16.6
2023-01-06,New York,6.1,-2.7,10.1,66,1.5
2023-01-06,Tokyo,16.8,2.2,1.3,61,12.3
2023-01-06,Sydney,27.4,17.8,0.5,60,36.2
2023-01-07,Mumbai,32.8,23.1,0.9,55,3.8
2023-01-07,London,6.7,0.5,0.9,61,6.4
2023-01-07,New York,6.9,-3.1,3.2,74,14.7
2023-01-07,Tokyo,13.0,6.8,0.7,66,18.4
2023-01-07,Sydney,25.8,17.1,1.5,44,22.4
2023-01-08,Mumbai,33.0,28.0,2.5,45,13.5
2023-01-08,London,3.3,-1.8,0.8,68,23.2
2023-01-08,New York,3.9,-2.6,1.4,86,11.3
2023-01-08,Tokyo,15.6,3.6,1.7,47,33.8
2023-01-08,Sydney,29.8,16.3,0.6,47,31.7
2023-01-09,Mumbai,35.4,24.3,0.7,43,18.4
2023-01-09,London,3.8,-0.1,1.4,89,8.0
2023-01-09,New York,5.1,-1.5,0.9,67,32.5
2023-01-09,Tokyo,17.6,5.7,2.6,79,20.1
2023-01-09,Sydney,25.3,20.8,4.3,89,12.9
2023-01-10,Mumbai,35.3,26.6,2.8,49,0.0
2023-01-10,London,6.3,2.2,6.3,72,33.0
2023-01-10,New York,6.7,-3.3,0.7,47,19.9
2023-01-10,Tokyo,15.1,6.6,1.5,83,27.4
2023-01-10,Sydney,25.8,16.0,10.5,51,13.4
2023-01-11,Mumbai,37.7,27.7,1.0,47,14.5
2023-01-11,London,7.7,-3.5,1.2,55,12.2
2023-01-11,New York,4.5,-0.9,3.1,40,16.5
2023-01-11,Tokyo,15.8,6.4,1.9,68,23.8
2023-01-11,Sydney,25.9,19.2,4.4,53,22.6
2023-01-12,Mumbai,36.6,26.1,0.1,51,40.8
2023-01-12,London,8.9,-0.2,0.1,81,14.8
2023-01-12,New York,4.0,-1.4,4.0,40,32.7
2023-01-12,Tokyo,11.4,6.3,6.9,49,18.5
2023-01-12,Sydney,27.5,18.3,1.0,84,12.6
2023-01-13,Mumbai,34.9,26.7,0.6,49,13.0
2023-01-13,London,6.3,2.0,0.7,47,27.5
2023-01-13,New York,2.4,-3.5,2.8,69,11.0
2023-01-13,Tokyo,15.5,6.9,4.1,64,47.1
2023-01-13,Sydney,29.5,18.9,5.2,83,24.3
2023-01-14,Mumbai,33.4,26.6,3.7,46,12.1
2023-01-14,London,7.4,-1.3,3.4,70,26.8
2023-01-14,New York,7.0,-2.0,1.8,63,16.0
2023-01-14,Tokyo,14.1,7.2,0.6,71,37.0
2023-01-14,Sydney,29.6,19.6,0.8,67,21.4
2023-01-15,Mumbai,36.1,27.6,1.5,67,21.6
2023-01-15,London,4.5,1.7,1.6,81,13.2
2023-01-15,New York,5.7,1.1,4.4,45,22.8
2023-01-15,Tokyo,14.8,5.8,0.9,69,14.3
2023-01-15,Sydney,26.4,17.7,2.1,75,18.4
2023-01-16,Mumbai,35.2,29.9,1.2,62,13.7
2023-01-16,London,4.9,-1.2,2.5,77,26.5
2023-01-16,New York,6.7,-4.0,4.5,51,18.8
2023-01-16,Tokyo,12.6,5.0,1.7,49,22.9
2023-01-16,Sydney,26.9,17.7,0.6,49,18.1
2023-01-17,Mumbai,36.9,26.2,3.1,87,5.5
2023-01-17,London,5.7,1.6,3.1,56,20.6
2023-01-17,New York,7.9,-0.5,4.7,44,15.2
2023-01-17,Tokyo,12.5,5.4,3.4,77,31.4
2023-01-17,Sydney,26.0,20.0,5.4,41,15.2
2023-01-18,Mumbai,35.2,26.0,3.6,68,19.1
2023-01-18,London,6.2,-1.7,2.5,84,24.2
2023-01-18,New York,9.0,-2.8,7.3,84,16.9
2023-01-18,Tokyo,15.3,4.8,6.4,80,5.7
2023-01-18,Sydney,28.2,17.6,2.3,88,27.7
2023-01-19,Mumbai,37.9,26.3,0.5,87,29.3
2023-01-19,London,5.7,-1.8,1.6,88,6.8
2023-01-19,New York,5.8,-1.2,2.8,64,22.5
2023-01-19,Tokyo,13.2,4.6,2.2,58,24.8
2023-01-19,Sydney,27.4,20.1,5.1,66,34.9
2023-01-20,Mumbai,34.2,25.6,5.9,89,21.9
2023-01-20,London,6.4,-2.3,6.1,74,26.3
2023-01-20,New York,5.2,-0.5,5.0,83,29.8
2023-01-20,Tokyo,10.6,7.1,7.1,46,28.1
2023-01-20,Sydney,26.4,19.9,6.4,61,26.0
2023-01-21,Mumbai,33.5,27.9,1.2,88,13.9
2023-01-21,London,5.9,0.3,0.2,85,9.1
2023-01-21,New York,9.0,-3.9,3.5,49,29.3
2023-01-21,Tokyo,13.5,5.3,2.0,79,1.6
2023-01-21,Sydney,25.6,18.5,12.9,60,24.2
2023-01-22,Mumbai,34.7,27.1,1.5,81,21.0
2023-01-22,London,8.9,-2.4,4.9,70,24.5
2023-01-22,New York,6.5,-2.3,2.8,66,0.5
2023-01-22,Tokyo,14.0,6.0,0.1,52,18.1
2023-01-22,Sydney,24.2,18.6,0.7,65,13.2
2023-01-23,Mumbai,37.3,27.0,3.5,66,28.9
2023-01-23,London,6.1,-0.4,3.7,83,37.9
2023-01-23,New York,6.1,-0.9,8.0,57,10.3
2023-01-23,Tokyo,12.4,7.2,0.5,43,16.6
2023-01-23,Sydney,27.3,18.7,3.1,55,20.7
2023-01-24,Mumbai,35.6,27.2,1.8,61,37.9
2023-01-24,London,6.7,0.0,0.4,70,13.4
2023-01-24,New York,5.9,-3.5,3.5,65,16.3
2023-01-24,Tokyo,11.6,5.5,1.1,56,34.9
2023-01-24,Sydney,29.1,19.6,3.2,59,19.2
2023-01-25,Mumbai,35.1,24.0,2.5,87,1.9
2023-01-25,London,6.7,-1.5,2.1,56,28.3
2023-01-25,New York,6.1,-2.9,2.1,62,30.6
2023-01-25,Tokyo,11.8,4.8,0.2,41,28.3
2023-01-25,Sydney,25.2,22.8,2.3,70,14.8
2023-01-26,Mumbai,35.0,24.8,1.9,68,22.5
2023-01-26,London,4.2,-2.0,2.9,87,5.2
2023-01-26,New York,4.8,-2.2,7.9,60,18.6
2023-01-26,Tokyo,12.5,4.0,3.8,49,7.9
2023-01-26,Sydney,27.5,19.3,7.4,48,51.2
2023-01-27,Mumbai,37.7,27.2,3.3,74,0.0
2023-01-27,London,5.8,-0.1,3.8,57,23.5
2023-01-27,New York,5.5,-3.9,1.7,49,30.1
2023-01-27,Tokyo,12.9,5.1,0.4,54,25.5
2023-01-27,Sydney,26.8,18.3,2.0,87,17.8
2023-01-28,Mumbai,36.0,26.3,3.5,59,20.0
2023-01-28,London,3.5,-0.3,1.2,73,20.2
2023-01-28,New York,5.8,-1.8,0.9,62,22.1
2023-01-28,Tokyo,13.0,7.5,0.2,89,5.2
2023-01-28,Sydney,27.7,20.7,0.8,59,28.8
2023-01-29,Mumbai,33.8,28.0,0.3,43,6.7
2023-01-29,London,5.7,-1.9,4.9,43,14.4
2023-01-29,New York,6.7,-1.0,3.2,81,10.9
2023-01-29,Tokyo,15.2,5.3,3.3,68,23.2
2023-01-29,Sydney,29.4,20.8,1.5,45,15.9
2023-01-30,Mumbai,34.2,26.6,0.2,54,19.3
2023-01-30,London,5.8,-0.1,0.1,49,16.1
2023-01-30,New York,6.5,-2.2,6.9,62,0.0
2023-01-30,Tokyo,13.6,6.3,3.5,48,7.7
2023-01-30,Sydney,27.2,17.9,0.6,51,9.8
2023-01-31,Mumbai,38.2,28.6,9.8,51,29.1
2023-01-31,London,4.8,-1.3,2.6,72,29.1
2023-01-31,New York,8.6,-1.8,0.3,74,19.1
2023-01-31,Tokyo,14.3,7.5,0.3,72,20.8
2023-01-31,Sydney,30.2,18.0,1.9,46,20.3
2023-02-01,Mumbai,36.7,31.5,2.8,85,38.7
2023-02-01,London,8.4,1.6,3.8,59,23.2
2023-02-01,New York,10.0,2.4,1.2,66,21.6
2023-02-01,Tokyo,20.9,9.8,1.0,75,36.0
2023-02-01,Sydney,23.7,16.7,3.7,78,16.6
2023-02-02,Mumbai,37.1,29.0,2.9,69,30.6
2023-02-02,London,5.8,0.3,0.1,82,21.8
2023-02-02,New York,13.3,1.6,2.2,72,36.3
2023-02-02,Tokyo,19.1,9.2,4.2,59,30.3
2023-02-02,Sydney,24.3,16.5,0.7,63,9.3
2023-02-03,Mumbai,40.0,28.6,4.5,61,20.5
2023-02-03,London,10.4,1.6,5.9,62,33.2
2023-02-03,New York,11.5,1.8,0.8,79,17.0
2023-02-03,Tokyo,20.4,10.2,2.3,87,0.0
2023-02-03,Sydney,23.4,17.8,3.0,80,6.1
2023-02-04,Mumbai,36.6,27.8,3.7,50,16.5
2023-02-04,London,9.7,0.9,2.5,44,9.6
2023-02-04,New York,8.1,1.5,1.2,77,10.6
2023-02-04,Tokyo,18.6,12.4,0.6,83,31.8
2023-02-04,Sydney,23.5,14.6,2.4,67,8.6
2023-02-05,Mumbai,36.7,27.7,0.9,82,26.9
2023-02-05,London,9.0,2.0,2.0,67,11.6
2023-02-05,New York,9.3,4.3,6.1,43,6.4
2023-02-05,Tokyo,19.9,10.8,3.3,76,19.2
2023-02-05,Sydney,25.4,17.3,3.0,63,3.3
2023-02-06,Mumbai,38.0,31.5,1.2,45,27.8
2023-02-06,London,8.1,-0.2,1.7,57,21.4
2023-02-06,New York,12.2,1.7,3.3,87,25.9
2023-02-06,Tokyo,20.7,7.7,0.7,61,19.5
2023-02-06,Sydney,24.7,17.0,0.2,40,14.9
2023-02-07,Mumbai,36.2,29.6,0.2,41,24.3
2023-02-07,London,7.3,2.9,3.0,61,0.5
2023-02-07,New York,8.2,4.4,1.2,83,39.6
2023-02-07,Tokyo,14.0,13.2,2.7,81,38.1
2023-02-07,Sydney,23.9,17.4,0.9,81,21.6
2023-02-08,Mumbai,38.5,28.2,3.4,69,9.8
2023-02-08,London,9.5,1.4,2.4,53,25.5
2023-02-08,New York,9.9,1.5,1.6,41,12.4
2023-02-08,Tokyo,17.4,11.3,1.4,76,26.6
2023-02-08,Sydney,25.8,15.9,1.6,65,8.0
2023-02-09,Mumbai,35.5,29.0,0.3,73,21.4
2023-02-09,London,10.3,2.6,2.1,58,23.2
2023-02-09,New York,8.5,1.8,1.3,69,24.8
2023-02-09,Tokyo,21.1,8.4,1.2,50,25.3
2023-02-09,Sydney,25.0,16.3,10.6,77,22.1
2023-02-10,Mumbai,36.3,29.5,0.2,48,4.9
2023-02-10,London,9.0,3.1,7.0,87,24.1
2023-02-10,New York,8.7,2.5,1.9,81,12.0
2023-02-10,Tokyo,19.2,8.9,1.2,81,18.7
2023-02-10,Sydney,26.9,19.0,0.6,58,21.9
2023-02-11,Mumbai,38.9,26.1,5.2,48,11.4
2023-02-11,London,9.2,2.0,2.6,67,16.1
2023-02-11,New York,12.3,2.6,2.1,77,16.8
2023-02-11,Tokyo,17.1,10.2,1.4,71,12.5
2023-02-11,Sydney,25.2,16.9,4.1,56,20.1
2023-02-12,Mumbai,36.3,25.6,1.8,48,27.5
2023-02-12,London,8.9,1.1,6.3,86,20.9
2023-02-12,New York,10.8,2.2,1.0,86,21.9
2023-02-12,Tokyo,20.3,9.1,0.4,53,4.9
2023-02-12,Sydney,22.5,18.5,2.1,60,22.9
2023-02-13,Mumbai,35.6,28.6,0.3,81,9.8
2023-02-13,London,9.2,3.1,0.6,60,38.9
2023-02-13,New York,12.0,2.0,1.8,83,27.6
2023-02-13,Tokyo,18.6,11.8,2.4,84,44.3
2023-02-13,Sydney,21.9,18.5,2.1,87,24.8
2023-02-14,Mumbai,33.6,29.1,4.3,48,19.4
2023-02-14,London,7.0,0.6,9.1,89,15.3
2023-02-14,New York,8.9,0.1,1.5,59,38.6
2023-02-14,Tokyo,20.4,9.8,3.7,57,5.5
2023-02-14,Sydney,26.0,16.5,2.5,41,22.1
2023-02-15,Mumbai,39.0,27.7,0.5,88,29.9
2023-02-15,London,10.9,0.8,6.3,55,18.7
2023-02-15,New York,10.5,1.3,3.0,79,36.7
2023-02-15,Tokyo,16.8,8.6,8.1,50,22.8
2023-02-15,Sydney,27.8,16.6,0.4,75,49.5
2023-02-16,Mumbai,39.9,27.1,1.2,87,23.1
2023-02-16,London,9.8,4.3,4.6,51,9.7
2023-02-16,New York,8.2,2.6,1.1,89,15.3
2023-02-16,Tokyo,18.5,13.4,1.8,68,27.0
2023-02-16,Sydney,23.1,16.0,0.9,85,24.2
2023-02-17,Mumbai,36.7,25.8,4.2,43,30.8
2023-02-17,London,10.4,1.6,0.7,42,18.8
2023-02-17,New York,9.9,2.0,0.4,64,33.5
2023-02-17,Tokyo,18.7,10.6,0.1,51,30.0
2023-02-17,Sydney,26.8,17.8,4.6,76,29.5
2023-02-18,Mumbai,38.9,28.1,5.1,63,37.2
2023-02-18,London,6.9,4.7,2.9,49,33.2
2023-02-18,New York,9.5,0.8,8.3,52,9.0
2023-02-18,Tokyo,17.5,13.2,1.6,76,14.9
2023-02-18,Sydney,25.9,17.1,2.4,54,0.4
2023-02-19,Mumbai,37.9,29.4,0.2,87,18.7
2023-02-19,London,10.5,0.2,0.1,80,21.7
2023-02-19,New York,10.2,1.2,4.0,89,0.8
2023-02-19,Tokyo,21.1,10.1,0.1,63,8.9
2023-02-19,Sydney,24.5,17.6,0.5,72,10.5
2023-02-20,Mumbai,39.6,25.7,6.3,83,22.7
2023-02-20,London,9.8,4.5,2.2,77,8.1
2023-02-20,New York,11.3,2.8,8.0,45,6.8
2023-02-20,Tokyo,19.6,10.9,4.3,51,18.5
2023-02-20,Sydney,24.9,16.2,17.2,59,1.2
2023-02-21,Mumbai,35.2,27.1,2.2,73,16.7
2023-02-21,London,10.8,4.0,1.4,82,0.0
2023-02-21,New York,10.0,2.0,0.4,50,23.5
2023-02-21,Tokyo,20.4,12.1,1.1,82,25.5
2023-02-21,Sydney,24.2,16.5,1.7,64,21.4
2023-02-22,Mumbai,35.5,28.3,2.8,69,19.5
2023-02-22,London,9.2,4.6,0.3,55,17.2
2023-02-22,New York,11.1,2.7,0.7,55,32.7
2023-02-22,Tokyo,18.9,11.4,0.6,43,28.0
2023-02-22,Sydney,23.7,15.2,1.7,80,16.3
2023-02-23,Mumbai,37.0,27.7,3.6,84,0.0
2023-02-23,London,7.6,3.6,3.0,66,22.5
2023-02-23,New York,11.3,0.8,2.0,45,26.2
2023-02-23,Tokyo,20.1,11.8,1.1,74,19.7
2023-02-23,Sydney,22.9,15.7,2.6,81,14.9
2023-02-24,Mumbai,37.5,30.1,1.0,49,19.9
2023-02-24,London,10.0,0.2,4.2,76,12.5
2023-02-24,New York,11.8,2.1,9.0,45,37.7
2023-02-24,Tokyo,15.5,12.1,2.9,62,19.4
2023-02-24,Sydney,24.6,19.7,3.9,52,16.7
2023-02-25,Mumbai,39.2,28.4,0.6,53,22.7
2023-02-25,London,10.3,1.8,1.1,87,18.2
2023-02-25,New York,9.4,2.2,6.3,73,21.3
2023-02-25,Tokyo,19.9,10.9,0.8,74,20.0
2023-02-25,Sydney,23.3,16.3,3.8,89,4.2
2023-02-26,Mumbai,34.1,27.6,0.7,58,12.7
2023-02-26,London,7.6,2.8,3.5,86,0.0
2023-02-26,New York,10.2,2.7,0.7,83,22.5
2023-02-26,Tokyo,18.8,13.3,6.6,78,36.7
2023-02-26,Sydney,24.1,17.0,12.5,86,16.3
2023-02-27,Mumbai,38.5,28.1,4.7,85,21.2
2023-02-27,London,7.1,3.6,6.9,64,33.0
2023-02-27,New York,9.6,0.7,0.5,67,11.6
2023-02-27,Tokyo,20.7,12.2,0.8,68,8.9
2023-02-27,Sydney,26.2,14.3,1.6,53,18.9
2023-02-28,Mumbai,34.5,30.8,5.5,50,21.1
2023-02-28,London,9.4,4.0,0.0,70,29.0
2023-02-28,New York,9.1,3.2,0.8,63,45.6
2023-02-28,Tokyo,21.1,12.1,1.3,65,36.0
2023-02-28,Sydney,25.2,16.9,0.4,77,8.3
2023-03-01,Mumbai,41.0,31.5,1.1,54,0.0
2023-03-01,London,14.9,4.8,0.8,77,5.9
2023-03-01,New York,15.3,7.1,2.9,61,17.4
2023-03-01,Tokyo,23.0,14.4,2.0,50,23.6
2023-03-01,Sydney,21.9,13.4,3.0,89,32.1
2023-03-02,Mumbai,34.5,25.7,1.3,55,37.8
2023-03-02,London,14.9,8.7,4.2,64,7.2
2023-03-02,New York,16.8,8.6,4.9,67,16.3
2023-03-02,Tokyo,25.0,16.0,2.0,84,13.3
2023-03-02,Sydney,21.8,12.4,3.1,46,28.0
2023-03-03,Mumbai,34.9,27.6,1.0,55,19.7
2023-03-03,London,11.8,9.2,1.7,57,17.4
2023-03-03,New York,13.9,8.3,2.5,58,26.6
2023-03-03,Tokyo,22.6,15.4,2.3,80,17.6
2023-03-03,Sydney,21.2,16.0,5.8,74,26.0
2023-03-04,Mumbai,36.8,30.8,0.7,75,19.5
2023-03-04,London,13.7,9.0,7.3,68,21.1
2023-03-04,New York,16.3,6.6,7.3,84,6.1
2023-03-04,Tokyo,21.8,16.1,0.8,83,11.7
2023-03-04,Sydney,20.0,11.0,0.7,69,18.4
2023-03-05,Mumbai,40.4,26.9,6.1,68,36.8
2023-03-05,London,15.1,4.4,0.3,61,10.7
2023-03-05,New York,16.8,7.7,0.5,64,35.9
2023-03-05,Tokyo,23.4,16.5,4.7,58,28.8
2023-03-05,Sydney,18.2,12.9,1.6,60,26.3
2023-03-06,Mumbai,37.5,27.4,0.4,67,7.5
2023-03-06,London,15.6,3.7,5.2,82,32.5
2023-03-06,New York,15.9,5.7,1.0,45,18.8
2023-03-06,Tokyo,24.5,17.7,1.2,75,21.3
2023-03-06,Sydney,21.1,12.7,3.2,78,4.9
2023-03-07,Mumbai,36.9,31.0,4.1,70,31.6
2023-03-07,London,14.5,8.9,0.6,65,29.9
2023-03-07,New York,15.6,5.0,4.1,85,26.5
2023-03-07,Tokyo,23.3,15.8,2.0,73,25.7
2023-03-07,Sydney,18.8,13.3,1.4,80,24.5
2023-03-08,Mumbai,37.4,28.2,0.3,70,20.3
2023-03-08,London,12.5,8.1,1.0,64,10.4
2023-03-08,New York,15.4,8.6,4.8,60,17.9
2023-03-08,Tokyo,25.0,16.3,0.9,56,11.1
2023-03-08,Sydney,23.0,12.8,1.6,46,2.3
2023-03-09,Mumbai,41.2,29.6,5.8,47,28.2
2023-03-09,London,13.6,8.5,3.9,86,28.6
2023-03-09,New York,15.4,10.9,2.1,55,12.4
2023-03-09,Tokyo,24.1,14.5,3.3,65,12.9
2023-03-09,Sydney,19.2,16.8,3.6,53,17.5
2023-03-10,Mumbai,37.3,29.7,3.8,46,7.8
2023-03-10,London,13.6,9.8,0.3,56,9.7
2023-03-10,New York,16.6,8.0,1.4,70,29.9
2023-03-10,Tokyo,26.0,18.4,6.4,69,0.0
2023-03-10,Sydney,20.9,15.0,0.4,48,18.3
2023-03-11,Mumbai,35.2,31.4,1.0,60,11.4
2023-03-11,London,14.9,7.3,0.7,41,19.9
2023-03-11,New York,15.8,7.8,0.1,57,26.6
2023-03-11,Tokyo,22.2,20.0,2.8,64,14.4
2023-03-11,Sydney,18.7,11.3,1.0,78,42.9
2023-03-12,Mumbai,36.4,26.9,0.5,52,14.3
2023-03-12,London,15.4,7.8,12.4,79,21.0
2023-03-12,New York,14.5,7.5,1.6,72,12.0
2023-03-12,Tokyo,23.0,12.5,16.8,48,14.6
2023-03-12,Sydney,23.1,13.9,0.3,57,20.3
2023-03-13,Mumbai,39.2,31.3,9.9,79,9.4
2023-03-13,London,14.7,4.5,5.2,78,14.8
2023-03-13,New York,17.8,7.3,0.4,73,13.4
2023-03-13,Tokyo,23.6,17.1,4.8,78,29.5
2023-03-13,Sydney,20.5,17.1,0.2,41,19.7
2023-03-14,Mumbai,40.9,29.5,6.4,78,43.4
2023-03-14,London,14.0,6.8,7.3,61,15.9
2023-03-14,New York,16.1,5.0,7.5,55,40.9
2023-03-14,Tokyo,24.2,16.3,2.0,65,6.9
2023-03-14,Sydney,22.6,11.4,0.1,51,22.0
2023-03-15,Mumbai,36.6,29.0,0.5,72,12.3
2023-03-15,London,14.5,6.6,8.4,41,30.8
2023-03-15,New York,18.3,4.5,2.3,85,1.8
2023-03-15,Tokyo,25.3,18.1,13.5,79,5.8
2023-03-15,Sydney,22.1,13.1,10.9,65,21.9
2023-03-16,Mumbai,38.6,29.7,1.4,69,23.8
2023-03-16,London,11.5,5.5,0.4,72,23.5
2023-03-16,New York,14.1,9.0,5.6,70,7.0
2023-03-16,Tokyo,23.9,14.9,0.2,88,21.1
2023-03-16,Sydney,21.1,10.7,1.0,80,33.8
2023-03-17,Mumbai,37.5,32.0,4.0,75,22.4
2023-03-17,London,16.7,9.2,0.6,61,22.6
2023-03-17,New York,14.0,9.7,13.1,86,21.6
2023-03-17,Tokyo,22.0,16.4,0.1,77,18.2
2023-03-17,Sydney,20.3,12.0,3.6,53,21.2
2023-03-18,Mumbai,38.7,30.7,4.2,68,10.6
2023-03-18,London,16.9,4.1,0.9,69,29.0
2023-03-18,New York,15.4,7.3,14.9,82,7.4
2023-03-18,Tokyo,24.7,15.2,3.9,86,27.4
2023-03-18,Sydney,20.3,12.7,1.5,55,13.2
2023-03-19,Mumbai,39.3,28.0,1.8,59,41.0
2023-03-19,London,12.8,4.4,1.1,66,20.0
2023-03-19,New York,15.9,7.6,0.0,89,14.0
2023-03-19,Tokyo,22.4,18.3,0.0,83,14.7
2023-03-19,Sydney,22.7,14.2,8.1,59,29.4
2023-03-20,Mumbai,37.5,28.5,1.5,43,19.4
2023-03-20,London,15.1,8.3,3.6,86,22.1
2023-03-20,New York,14.8,6.9,5.1,58,11.7
2023-03-20,Tokyo,27.8,14.8,5.1,73,0.0
2023-03-20,Sydney,23.9,14.0,1.8,61,19.1
2023-03-21,Mumbai,42.5,29.2,1.2,85,17.4
2023-03-21,London,14.1,7.0,2.1,84,14.1
2023-03-21,New York,17.5,5.8,5.7,63,19.1
2023-03-21,Tokyo,24.1,19.2,2.8,52,18.5
2023-03-21,Sydney,20.6,16.3,1.5,43,23.6
2023-03-22,Mumbai,38.4,28.5,2.5,45,34.5
2023-03-22,London,13.6,8.4,0.5,88,10.6
2023-03-22,New York,14.5,9.8,0.1,54,10.0
2023-03-22,Tokyo,24.9,16.8,0.1,44,31.2
2023-03-22,Sydney,22.4,15.5,9.1,76,10.4
2023-03-23,Mumbai,38.1,27.9,1.6,86,1.1
2023-03-23,London,14.5,5.5,1.4,57,14.6
2023-03-23,New York,17.4,4.1,0.8,78,30.7
2023-03-23,Tokyo,24.7,14.1,8.0,88,8.5
2023-03-23,Sydney,21.9,14.4,5.2,75,7.8
2023-03-24,Mumbai,35.2,30.0,1.4,44,2.9
2023-03-24,London,15.1,7.0,1.3,86,15.7
2023-03-24,New York,17.5,5.6,2.3,84,14.6
2023-03-24,Tokyo,23.6,13.1,6.0,77,0.0
2023-03-24,Sydney,19.6,14.4,16.0,86,19.9
2023-03-25,Mumbai,37.5,27.6,20.1,46,11.8
2023-03-25,London,13.9,7.2,5.6,51,29.5
2023-03-25,New York,15.7,9.5,0.1,75,21.9
2023-03-25,Tokyo,24.5,14.1,3.7,89,32.7
2023-03-25,Sydney,23.6,12.4,1.5,79,30.6
2023-03-26,Mumbai,37.1,26.3,0.9,41,20.7
2023-03-26,London,13.1,7.1,0.3,48,22.7
2023-03-26,New York,15.1,8.6,3.2,72,39.8
2023-03-26,Tokyo,26.6,17.3,2.8,83,25.4
2023-03-26,Sydney,21.0,13.4,1.9,57,19.8
2023-03-27,Mumbai,38.0,29.3,2.0,62,20.6
2023-03-27,London,16.7,8.3,3.6,48,13.5
2023-03-27,New York,17.1,9.2,5.0,59,0.0
2023-03-27,Tokyo,26.4,18.9,1.2,89,15.8
2023-03-27,Sydney,23.4,13.3,1.0,87,12.8
2023-03-28,Mumbai,37.8,26.9,1.5,60,12.0
2023-03-28,London,13.2,4.9,7.5,60,22.7
2023-03-28,New York,14.4,7.5,5.2,81,18.2
2023-03-28,Tokyo,23.9,16.2,0.7,66,20.1
2023-03-28,Sydney,21.3,13.7,0.2,46,28.8
2023-03-29,Mumbai,38.4,29.5,2.8,73,20.4
2023-03-29,London,11.8,6.8,5.3,72,17.0
2023-03-29,New York,15.3,6.0,10.7,43,38.9
2023-03-29,Tokyo,25.4,16.9,0.1,55,7.3
2023-03-29,Sydney,22.1,15.2,0.1,57,20.4
2023-03-30,Mumbai,39.7,32.0,1.0,72,24.5
2023-03-30,London,12.8,9.4,0.7,67,27.2
2023-03-30,New York,17.8,8.1,3.9,83,17.4
2023-03-30,Tokyo,23.5,16.9,2.6,52,19.9
2023-03-30,Sydney,24.1,14.4,8.6,89,7.9
2023-03-31,Mumbai,37.4,28.5,0.1,64,16.2
2023-03-31,London,15.7,7.0,0.9,67,42.0
2023-03-31,New York,15.8,6.6,3.6,71,8.1
2023-03-31,Tokyo,24.8,14.8,1.2,50,18.2
2023-03-31,Sydney,23.3,14.0,2.7,77,35.9
2023-04-01,Mumbai,36.1,27.8,0.9,60,20.3
2023-04-01,London,17.2,10.8,4.4,47,31.1
2023-04-01,New York,22.6,13.9,1.0,57,37.6
2023-04-01,Tokyo,25.6,22.0,5.4,48,14.5
2023-04-01,Sydney,16.5,8.4,0.3,68,23.5
2023-04-02,Mumbai,36.5,29.6,0.9,78,27.6
2023-04-02,London,18.9,12.1,1.1,61,41.0
2023-04-02,New York,21.8,9.3,1.6,45,24.7
2023-04-02,Tokyo,29.5,19.9,2.0,79,7.7
2023-04-02,Sydney,17.8,7.7,3.3,66,12.7
2023-04-03,Mumbai,37.2,28.1,0.1,56,15.6
2023-04-03,London,19.8,10.9,4.3,55,30.9
2023-04-03,New York,21.6,15.1,0.5,62,20.5
2023-04-03,Tokyo,28.5,20.0,0.1,74,14.5
2023-04-03,Sydney,17.3,9.5,12.3,82,27.8
2023-04-04,Mumbai,35.3,27.3,4.0,66,30.2
2023-04-04,London,17.4,11.5,4.5,48,21.7
2023-04-04,New York,24.5,14.1,1.8,84,8.2
2023-04-04,Tokyo,28.5,20.9,3.6,86,36.6
2023-04-04,Sydney,16.2,10.6,4.2,58,20.3
2023-04-05,Mumbai,39.4,25.9,6.2,87,33.3
2023-04-05,London,15.7,11.6,2.0,77,0.0
2023-04-05,New York,22.5,14.5,1.3,50,21.2
2023-04-05,Tokyo,30.0,21.2,2.4,46,37.9
2023-04-05,Sydney,15.5,11.0,0.2,85,31.7
2023-04-06,Mumbai,36.5,28.8,2.6,51,47.2
2023-04-06,London,19.4,12.4,10.1,84,6.2
2023-04-06,New York,20.6,13.5,1.5,54,25.6
2023-04-06,Tokyo,30.0,22.2,1.0,44,13.0
2023-04-06,Sydney,20.6,10.9,0.7,84,0.0
2023-04-07,Mumbai,37.6,31.3,0.7,51,11.2
2023-04-07,London,18.0,8.1,1.7,62,31.3
2023-04-07,New York,20.7,13.2,7.4,72,25.5
2023-04-07,Tokyo,30.0,20.7,0.9,82,7.8
2023-04-07,Sydney,17.8,7.7,4.6,64,26.5
2023-04-08,Mumbai,36.4,28.4,4.7,87,28.4
2023-04-08,London,19.1,11.9,6.1,76,29.2
2023-04-08,New York,21.3,11.8,7.6,69,23.4
2023-04-08,Tokyo,28.5,25.4,0.5,46,21.3
2023-04-08,Sydney,17.9,10.0,1.2,81,23.6
2023-04-09,Mumbai,37.9,27.2,0.3,47,24.7
2023-04-09,London,18.0,12.5,4.0,54,40.8
2023-04-09,New York,21.6,14.7,1.3,61,20.1
2023-04-09,Tokyo,29.8,18.8,1.8,85,13.1
2023-04-09,Sydney,15.1,8.7,0.9,84,26.4
2023-04-10,Mumbai,36.6,25.8,4.3,63,17.7
2023-04-10,London,19.4,12.7,7.7,42,18.2
2023-04-10,New York,21.1,13.3,4.2,70,7.5
2023-04-10,Tokyo,27.7,18.8,3.7,54,14.5
2023-04-10,Sydney,17.5,12.6,10.5,86,16.0
2023-04-11,Mumbai,37.4,31.3,8.6,45,3.6
2023-04-11,London,18.4,12.4,0.4,42,18.1
2023-04-11,New York,22.3,14.8,0.4,69,25.5
2023-04-11,Tokyo,28.1,21.2,2.0,48,27.7
2023-04-11,Sydney,15.4,10.3,1.6,46,21.0
2023-04-12,Mumbai,36.5,27.8,10.5,70,15.8
2023-04-12,London,15.7,10.9,6.7,44,21.7
2023-04-12,New York,20.4,15.7,3.3,66,20.1
2023-04-12,Tokyo,25.0,20.3,1.2,44,5.7
2023-04-12,Sydney,18.0,14.0,2.1,48,51.2
2023-04-13,Mumbai,37.4,27.6,1.5,61,3.8
2023-04-13,London,24.1,10.2,0.7,67,32.0
2023-04-13,New York,24.4,12.4,1.1,44,9.8
2023-04-13,Tokyo,30.1,22.7,5.3,58,34.4
2023-04-13,Sydney,17.6,10.4,0.6,81,33.2
2023-04-14,Mumbai,34.2,29.0,1.3,69,26.7
2023-04-14,London,19.4,12.6,0.9,42,19.0
2023-04-14,New York,19.8,14.1,1.4,42,23.7
2023-04-14,Tokyo,27.5,18.7,0.4,49,16.4
2023-04-14,Sydney,17.7,9.0,0.4,73,22.6
2023-04-15,Mumbai,35.4,30.6,1.5,82,30.1
2023-04-15,London,17.8,12.5,2.2,45,15.1
2023-04-15,New York,22.2,12.8,0.7,52,19.6
2023-04-15,Tokyo,27.4,22.6,0.1,56,14.6
2023-04-15,Sydney,16.0,8.3,0.2,78,32.2
2023-04-16,Mumbai,37.2,29.3,1.7,81,14.1
2023-04-16,London,16.9,10.6,8.2,59,0.0
2023-04-16,New York,20.8,13.2,5.6,89,26.4
2023-04-16,Tokyo,28.4,19.2,1.9,61,22.5
2023-04-16,Sydney,17.9,9.8,0.3,65,15.2
2023-04-17,Mumbai,35.5,30.8,1.4,51,17.9
2023-04-17,London,17.1,13.1,2.7,67,18.9
2023-04-17,New York,23.8,14.5,5.8,62,14.4
2023-04-17,Tokyo,30.2,18.0,6.6,42,4.2
2023-04-17,Sydney,17.8,7.6,0.7,85,24.5
2023-04-18,Mumbai,38.6,28.4,2.9,75,28.0
2023-04-18,London,20.3,11.0,1.9,45,27.4
2023-04-18,New York,25.0,12.8,0.6,47,10.4
2023-04-18,Tokyo,28.1,20.5,3.5,49,14.9
2023-04-18,Sydney,18.8,7.5,1.2,55,6.8
2023-04-19,Mumbai,35.3,27.5,1.8,44,24.8
2023-04-19,London,17.4,10.5,0.8,67,17.2
2023-04-19,New York,22.5,15.8,0.4,51,0.0
2023-04-19,Tokyo,27.1,20.0,0.9,50,28.1
2023-04-19,Sydney,18.9,6.9,1.4,80,7.5
2023-04-20,Mumbai,34.7,27.1,1.9,45,17.0
2023-04-20,London,17.6,10.2,4.9,55,38.0
2023-04-20,New York,23.6,12.3,2.3,68,29.5
2023-04-20,Tokyo,28.2,21.3,3.5,78,0.0
2023-04-20,Sydney,19.4,10.4,1.5,71,25.8
2023-04-21,Mumbai,37.3,29.4,0.6,61,6.9
2023-04-21,London,18.8,12.1,1.9,53,18.1
2023-04-21,New York,20.5,13.4,1.8,62,7.7
2023-04-21,Tokyo,28.0,21.4,1.1,64,22.3
2023-04-21,Sydney,18.9,9.6,10.9,65,12.9
2023-04-22,Mumbai,34.9,27.5,4.5,63,9.4
2023-04-22,London,16.2,12.0,4.6,40,19.1
2023-04-22,New York,24.7,14.2,1.6,86,24.0
2023-04-22,Tokyo,28.8,20.3,13.3,86,25.0
2023-04-22,Sydney,19.2,11.3,0.7,78,26.2
2023-04-23,Mumbai,37.5,29.3,1.8,41,9.1
2023-04-23,London,16.9,12.4,4.5,84,16.0
2023-04-23,New York,23.8,14.0,0.4,74,23.8
2023-04-23,Tokyo,28.0,20.0,8.6,62,5.5
2023-04-23,Sydney,19.3,10.2,1.9,63,22.8
2023-04-24,Mumbai,37.3,29.2,1.6,53,24.1
2023-04-24,London,17.1,11.2,1.7,41,0.0
2023-04-24,New York,22.3,12.7,5.8,84,29.0
2023-04-24,Tokyo,28.6,21.3,1.7,51,13.9
2023-04-24,Sydney,16.5,8.8,0.9,80,19.0
2023-04-25,Mumbai,36.8,29.7,4.0,49,13.3
2023-04-25,London,17.8,10.7,3.2,54,34.6
2023-04-25,New York,20.8,14.7,4.4,67,37.7
2023-04-25,Tokyo,29.0,18.8,5.0,80,27.0
2023-04-25,Sydney,17.5,9.6,1.0,74,18.2
2023-04-26,Mumbai,38.5,25.3,2.3,65,13.3
2023-04-26,London,18.2,13.0,2.7,62,7.5
2023-04-26,New York,19.0,11.9,3.6,56,30.7
2023-04-26,Tokyo,26.1,18.6,5.2,59,36.3
2023-04-26,Sydney,17.2,9.2,7.6,51,28.3
2023-04-27,Mumbai,40.1,26.1,4.4,52,21.1
2023-04-27,London,18.2,10.5,0.5,49,11.0
2023-04-27,New York,21.2,14.4,2.8,87,21.0
2023-04-27,Tokyo,28.4,19.5,1.3,89,29.5
2023-04-27,Sydney,18.7,8.3,3.3,52,31.2
2023-04-28,Mumbai,37.1,26.8,0.9,61,15.1
2023-04-28,London,17.2,11.9,6.9,40,15.5
2023-04-28,New York,21.0,13.2,0.7,57,34.5
2023-04-28,Tokyo,28.8,19.3,5.0,74,3.9
2023-04-28,Sydney,16.4,8.1,8.2,46,17.0
2023-04-29,Mumbai,37.0,29.7,1.7,44,17.6
2023-04-29,London,18.7,13.6,1.8,62,11.1
2023-04-29,New York,21.5,16.0,2.0,89,31.2
2023-04-29,Tokyo,27.5,18.7,11.4,69,33.7
2023-04-29,Sydney,15.2,8.9,0.8,40,23.4
2023-04-30,Mumbai,37.0,28.0,1.5,64,30.6
2023-04-30,London,20.2,10.5,5.7,76,32.3
2023-04-30,New York,22.5,14.8,8.8,45,6.2
2023-04-30,Tokyo,26.9,22.2,0.6,84,14.1
2023-04-30,Sydney,15.0,12.4,2.8,62,28.8
2023-05-01,Mumbai,35.3,25.6,3.9,66,14.2
2023-05-01,London,20.9,16.2,2.4,53,12.2
2023-05-01,New York,28.5,17.5,6.9,68,13.0
2023-05-01,Tokyo,30.8,20.5,11.5,66,32.0
2023-05-01,Sydney,14.2,8.2,3.7,80,24.6
2023-05-02,Mumbai,35.1,28.0,7.9,65,30.6
2023-05-02,London,23.0,12.6,0.2,53,22.7
2023-05-02,New York,26.4,18.1,2.0,51,14.3
2023-05-02,Tokyo,29.2,19.3,4.9,71,18.0
2023-05-02,Sydney,14.7,8.7,4.7,60,33.8
2023-05-03,Mumbai,34.0,27.7,6.2,71,29.5
2023-05-03,London,23.0,13.6,1.8,55,20.3
2023-05-03,New York,25.9,20.3,0.6,77,25.8
2023-05-03,Tokyo,29.0,22.4,0.2,58,13.3
2023-05-03,Sydney,15.4,6.9,0.3,41,4.8
2023-05-04,Mumbai,36.7,27.0,5.6,69,18.6
2023-05-04,London,20.9,15.8,4.8,77,15.1
2023-05-04,New York,25.8,17.0,4.0,65,26.2
2023-05-04,Tokyo,27.2,21.0,0.7,77,32.9
2023-05-04,Sydney,14.4,7.2,1.4,86,27.9
2023-05-05,Mumbai,35.6,27.6,1.5,44,26.0
2023-05-05,London,19.7,12.1,2.4,68,13.8
2023-05-05,New York,31.1,21.3,5.1,85,1.1
2023-05-05,Tokyo,28.7,19.3,1.8,76,31.9
2023-05-05,Sydney,14.8,7.1,1.9,49,21.9
2023-05-06,Mumbai,36.0,27.6,0.2,82,4.1
2023-05-06,London,21.3,15.7,1.2,70,32.7
2023-05-06,New York,27.5,18.8,5.3,64,38.1
2023-05-06,Tokyo,30.8,22.6,1.1,69,4.5
2023-05-06,Sydney,16.9,8.3,0.8,60,31.0
2023-05-07,Mumbai,36.5,29.1,1.8,40,15.2
2023-05-07,London,23.4,13.1,2.0,82,20.6
2023-05-07,New York,27.2,18.7,1.9,62,21.6
2023-05-07,Tokyo,33.4,23.0,5.0,67,24.0
2023-05-07,Sydney,15.0,5.5,2.4,75,14.8
2023-05-08,Mumbai,35.4,25.6,6.2,83,24.5
2023-05-08,London,20.2,17.4,1.3,52,29.9
2023-05-08,New York,27.3,18.2,7.1,84,37.4
2023-05-08,Tokyo,30.5,22.6,0.9,52,18.9
2023-05-08,Sydney,14.4,3.8,4.0,72,24.0
2023-05-09,Mumbai,38.7,26.3,0.4,65,16.0
2023-05-09,London,21.8,15.2,0.1,78,12.2
2023-05-09,New York,27.8,18.9,0.0,41,24.3
2023-05-09,Tokyo,27.7,24.1,0.4,84,18.4
2023-05-09,Sydney,16.3,5.0,0.3,41,8.4
2023-05-10,Mumbai,35.9,25.3,0.1,70,28.0
2023-05-10,London,20.1,14.3,1.2,70,30.9
2023-05-10,New York,24.1,20.7,1.8,85,25.6
2023-05-10,Tokyo,31.7,22.0,6.8,63,26.7
2023-05-10,Sydney,15.3,6.3,0.5,69,5.1
2023-05-11,Mumbai,33.4,26.8,3.8,79,29.8
2023-05-11,London,22.2,16.9,0.8,84,17.2
2023-05-11,New York,26.4,19.5,0.4,84,18.3
2023-05-11,Tokyo,30.6,22.1,8.5,88,21.1
2023-05-11,Sydney,15.5,7.7,6.2,85,18.4
2023-05-12,Mumbai,35.0,27.2,8.9,49,24.5
2023-05-12,London,22.0,16.1,4.3,46,22.7
2023-05-12,New York,25.4,17.3,0.4,50,13.9
2023-05-12,Tokyo,30.9,24.1,4.5,56,9.6
2023-05-12,Sydney,14.9,9.8,1.9,76,21.6
2023-05-13,Mumbai,36.6,25.9,0.4,60,14.4
2023-05-13,London,19.8,15.5,0.1,48,27.1
2023-05-13,New York,27.6,18.0,6.9,63,0.0
2023-05-13,Tokyo,30.4,21.6,3.6,74,22.5
2023-05-13,Sydney,15.2,10.0,4.2,89,10.7
2023-05-14,Mumbai,34.5,27.7,4.6,67,22.5
2023-05-14,London,21.0,15.5,2.6,53,19.2
2023-05-14,New York,23.4,19.1,0.4,46,21.4
2023-05-14,Tokyo,32.6,22.4,3.5,49,23.8
2023-05-14,Sydney,15.9,7.2,2.9,59,26.0
2023-05-15,Mumbai,36.2,27.2,4.2,74,33.4
2023-05-15,London,21.8,16.2,12.8,89,42.8
2023-05-15,New York,28.6,18.3,0.6,46,10.9
2023-05-15,Tokyo,28.7,21.9,3.4,54,24.7
2023-05-15,Sydney,13.0,9.2,2.0,76,33.9
2023-05-16,Mumbai,35.5,25.5,1.7,46,16.7
2023-05-16,London,21.9,14.1,8.7,52,21.5
2023-05-16,New York,27.9,17.6,6.0,47,20.6
2023-05-16,Tokyo,27.7,21.0,0.7,54,11.1
2023-05-16,Sydney,16.4,7.5,1.8,60,20.4
2023-05-17,Mumbai,36.6,27.7,0.6,49,8.5
2023-05-17,London,20.8,17.1,6.0,60,35.6
2023-05-17,New York,25.3,19.3,2.0,41,32.4
2023-05-17,Tokyo,29.6,20.4,0.0,85,9.1
2023-05-17,Sydney,15.9,8.5,4.7,53,6.7
2023-05-18,Mumbai,33.4,25.8,3.7,88,17.8
2023-05-18,London,22.4,15.7,5.9,56,15.4
2023-05-18,New York,26.5,17.8,2.3,54,17.8
2023-05-18,Tokyo,28.3,24.2,6.3,60,14.1
2023-05-18,Sydney,16.6,6.9,0.8,80,21.4
2023-05-19,Mumbai,34.3,27.9,4.0,44,20.2
2023-05-19,London,20.0,16.8,0.3,52,10.7
2023-05-19,New York,24.0,16.8,1.8,49,28.8
2023-05-19,Tokyo,30.7,22.8,3.2,76,11.0
2023-05-19,Sydney,14.7,7.2,0.2,52,33.2
2023-05-20,Mumbai,35.1,26.0,5.4,89,20.5
2023-05-20,London,19.2,13.0,1.2,43,26.0
2023-05-20,New York,23.6,20.7,21.6,79,31.1
2023-05-20,Tokyo,27.4,22.6,3.1,53,23.7
2023-05-20,Sydney,17.9,8.2,1.6,47,13.9
2023-05-21,Mumbai,35.5,27.2,4.9,53,14.8
2023-05-21,London,21.3,12.9,4.6,57,12.5
2023-05-21,New York,26.0,18.9,2.0,72,27.3
2023-05-21,Tokyo,31.6,21.1,3.2,42,10.2
2023-05-21,Sydney,14.5,7.8,2.1,74,27.6
2023-05-22,Mumbai,34.4,25.9,0.3,72,8.8
2023-05-22,London,22.1,15.6,5.9,54,28.4
2023-05-22,New York,31.1,17.8,6.7,49,21.1
2023-05-22,Tokyo,27.2,21.8,0.4,45,27.6
2023-05-22,Sydney,15.3,9.7,0.0,79,19.5
2023-05-23,Mumbai,33.3,25.9,4.7,73,24.5
2023-05-23,London,23.0,12.7,2.0,64,25.7
2023-05-23,New York,25.9,16.4,2.1,89,18.2
2023-05-23,Tokyo,31.8,24.8,3.5,84,25.0
2023-05-23,Sydney,11.2,4.7,1.6,43,14.6
2023-05-24,Mumbai,35.7,27.0,0.0,79,31.8
2023-05-24,London,22.7,13.2,1.9,62,19.4
2023-05-24,New York,27.4,16.5,1.7,78,24.8
2023-05-24,Tokyo,31.3,22.2,0.2,58,26.8
2023-05-24,Sydney,15.3,8.1,1.9,41,20.1
2023-05-25,Mumbai,35.1,26.3,19.0,72,19.1
2023-05-25,London,19.0,16.5,3.0,65,25.0
2023-05-25,New York,27.5,18.0,4.2,52,37.2
2023-05-25,Tokyo,31.8,20.7,0.1,65,25.7
2023-05-25,Sydney,14.0,6.1,4.9,52,32.4
2023-05-26,Mumbai,38.5,29.9,3.9,60,12.9
2023-05-26,London,21.5,14.3,1.0,45,24.3
2023-05-26,New York,29.2,16.3,2.6,59,28.1
2023-05-26,Tokyo,31.2,23.4,6.3,62,27.9
2023-05-26,Sydney,12.4,6.0,2.7,53,17.4
2023-05-27,Mumbai,35.7,25.0,11.6,50,37.9
2023-05-27,London,21.8,16.4,1.5,71,11.7
2023-05-27,New York,25.6,17.6,0.3,52,22.7
2023-05-27,Tokyo,29.9,22.1,2.4,46,18.2
2023-05-27,Sydney,13.4,8.6,0.6,86,19.9
2023-05-28,Mumbai,35.9,25.9,0.1,55,25.1
2023-05-28,London,19.7,13.5,0.4,58,21.6
2023-05-28,New York,25.0,18.1,2.0,55,2.3
2023-05-28,Tokyo,29.4,21.9,8.9,59,20.3
2023-05-28,Sydney,13.7,4.6,3.0,58,26.3
2023-05-29,Mumbai,35.7,27.0,1.9,89,35.0
2023-05-29,London,20.3,13.8,3.0,64,31.7
2023-05-29,New York,24.7,14.8,1.6,40,0.0
2023-05-29,Tokyo,31.5,22.5,1.7,86,27.9
2023-05-29,Sydney,15.8,8.2,0.9,44,21.7
2023-05-30,Mumbai,31.4,23.7,5.9,73,19.6
2023-05-30,London,21.7,16.7,0.1,70,6.2
2023-05-30,New York,24.5,19.3,1.2,84,35.4
2023-05-30,Tokyo,28.0,23.2,5.2,62,29.2
2023-05-30,Sydney,13.8,7.8,0.0,72,12.0
2023-05-31,Mumbai,35.5,25.2,2.7,65,20.4
2023-05-31,London,21.5,13.7,2.4,49,3.8
2023-05-31,New York,26.5,20.5,2.6,67,12.8
2023-05-31,Tokyo,29.4,24.1,4.9,78,32.6
2023-05-31,Sydney,14.7,7.2,0.9,54,29.8
2023-06-01,Mumbai,34.4,23.3,3.8,78,8.9
2023-06-01,London,22.4,15.8,4.5,70,28.3
2023-06-01,New York,28.2,21.3,0.3,86,33.3
2023-06-01,Tokyo,29.0,18.8,2.9,60,16.6
2023-06-01,Sydney,13.6,7.6,0.3,57,29.0
2023-06-02,Mumbai,33.1,26.5,0.7,67,29.7
2023-06-02,London,22.5,18.1,7.4,51,19.1
2023-06-02,New York,28.7,17.2,13.1,44,26.6
2023-06-02,Tokyo,31.3,21.5,1.4,63,25.4
2023-06-02,Sydney,12.4,5.6,0.9,73,19.7
2023-06-03,Mumbai,35.7,24.8,0.9,89,13.6
2023-06-03,London,24.0,16.6,15.1,82,18.5
2023-06-03,New York,25.8,20.6,1.2,77,19.6
2023-06-03,Tokyo,29.1,18.0,1.4,70,15.0
2023-06-03,Sydney,13.4,5.4,2.7,83,20.4
2023-06-04,Mumbai,34.8,24.1,3.3,78,13.8
2023-06-04,London,24.1,18.5,2.1,86,23.2
2023-06-04,New York,28.3,18.8,2.5,44,23.7
2023-06-04,Tokyo,29.9,19.8,0.4,68,44.4
2023-06-04,Sydney,17.1,5.8,1.2,45,28.2
2023-06-05,Mumbai,30.8,26.2,0.0,80,13.6
2023-06-05,London,22.2,17.1,8.9,60,14.2
2023-06-05,New York,28.4,19.1,0.4,69,22.2
2023-06-05,Tokyo,26.0,20.8,8.2,79,8.4
2023-06-05,Sydney,14.0,6.6,2.0,58,13.5
2023-06-06,Mumbai,32.8,24.2,0.8,45,40.3
2023-06-06,London,23.2,13.5,11.8,82,25.8
2023-06-06,New York,28.2,21.8,4.6,59,18.6
2023-06-06,Tokyo,28.0,20.7,0.8,57,13.3
2023-06-06,Sydney,14.9,7.3,2.0,53,20.5
2023-06-07,Mumbai,34.1,22.6,1.6,70,6.7
2023-06-07,London,21.9,16.0,0.3,52,33.4
2023-06-07,New York,26.7,17.8,0.1,81,10.6
2023-06-07,Tokyo,29.9,21.0,1.5,50,35.4
2023-06-07,Sydney,15.2,9.3,6.5,84,20.7
2023-06-08,Mumbai,36.3,23.6,4.1,60,15.1
2023-06-08,London,23.2,15.4,2.3,72,8.1
2023-06-08,New York,28.1,19.3,1.1,79,26.9
2023-06-08,Tokyo,26.0,20.7,2.7,57,4.5
2023-06-08,Sydney,13.4,7.8,0.9,49,20.7
2023-06-09,Mumbai,32.1,23.8,4.8,43,25.6
2023-06-09,London,22.8,15.8,10.1,54,18.9
2023-06-09,New York,25.6,19.5,0.0,49,27.4
2023-06-09,Tokyo,28.6,21.5,2.1,47,34.2
2023-06-09,Sydney,13.0,2.4,1.3,81,37.2
2023-06-10,Mumbai,32.4,22.7,0.7,61,33.9
2023-06-10,London,20.5,15.6,2.1,79,22.0
2023-06-10,New York,28.6,19.8,3.8,61,31.1
2023-06-10,Tokyo,30.3,18.6,3.5,40,22.2
2023-06-10,Sydney,17.6,7.0,2.7,49,20.1
2023-06-11,Mumbai,32.3,24.5,1.4,56,18.7
2023-06-11,London,25.1,14.2,1.9,81,14.0
2023-06-11,New York,27.7,19.2,3.5,53,11.3
2023-06-11,Tokyo,27.5,20.5,0.3,42,13.2
2023-06-11,Sydney,14.9,6.4,1.4,62,26.6
2023-06-12,Mumbai,33.6,24.8,4.4,62,30.7
2023-06-12,London,24.3,14.8,1.3,58,9.0
2023-06-12,New York,27.6,21.0,0.4,74,34.6
2023-06-12,Tokyo,27.2,19.8,3.6,61,17.2
2023-06-12,Sydney,14.1,7.0,0.4,47,11.4
2023-06-13,Mumbai,30.9,22.1,2.9,65,23.5
2023-06-13,London,21.0,15.6,6.9,43,54.5
2023-06-13,New York,27.5,21.1,2.4,76,22.0
2023-06-13,Tokyo,30.2,19.8,3.7,85,3.5
2023-06-13,Sydney,14.7,7.6,2.2,47,20.7
2023-06-14,Mumbai,33.2,23.2,0.4,84,12.4
2023-06-14,London,22.7,15.1,4.3,85,15.2
2023-06-14,New York,25.8,19.1,0.3,50,5.8
2023-06-14,Tokyo,29.7,20.7,3.6,73,0.0
2023-06-14,Sydney,14.9,4.0,0.8,43,33.6
2023-06-15,Mumbai,32.6,24.2,0.3,43,22.5
2023-06-15,London,21.7,14.7,5.0,47,27.9
2023-06-15,New York,28.4,20.0,0.1,60,6.7
2023-06-15,Tokyo,28.7,19.5,2.5,52,5.2
2023-06-15,Sydney,14.8,3.8,11.1,61,33.3
2023-06-16,Mumbai,33.6,26.4,6.4,44,11.5
2023-06-16,London,24.4,16.2,2.4,67,25.5
2023-06-16,New York,26.4,20.0,4.2,57,15.2
2023-06-16,Tokyo,27.7,20.7,0.0,65,35.8
2023-06-16,Sydney,16.7,5.2,3.4,47,17.5
2023-06-17,Mumbai,32.3,24.7,2.6,80,26.7
2023-06-17,London,22.4,15.1,1.9,58,16.5
2023-06-17,New York,30.1,19.9,0.9,60,8.3
2023-06-17,Tokyo,28.8,22.6,5.8,79,30.7
2023-06-17,Sydney,13.0,6.8,3.8,53,27.6
2023-06-18,Mumbai,33.8,23.1,0.8,54,17.5
2023-06-18,London,21.3,15.1,2.0,55,16.5
2023-06-18,New York,25.3,19.4,1.6,52,32.3
2023-06-18,Tokyo,29.2,22.6,9.3,79,13.3
2023-06-18,Sydney,13.3,4.5,1.8,83,9.6
2023-06-19,Mumbai,32.0,22.7,1.9,61,7.4
2023-06-19,London,25.7,14.0,0.9,69,14.5
2023-06-19,New York,28.1,20.8,0.5,45,13.7
2023-06-19,Tokyo,27.2,18.2,1.4,66,24.9
2023-06-19,Sydney,13.7,1.5,2.5,53,20.6
2023-06-20,Mumbai,34.0,24.9,3.5,55,23.3
2023-06-20,London,24.4,13.5,0.7,63,16.2
2023-06-20,New York,28.9,19.9,0.6,47,33.1
2023-06-20,Tokyo,29.1,19.1,1.0,69,13.1
2023-06-20,Sydney,14.9,4.8,2.9,84,16.6
2023-06-21,Mumbai,35.2,25.3,4.7,80,27.9
2023-06-21,London,21.6,15.7,0.5,55,18.5
2023-06-21,New York,29.1,21.6,0.2,65,0.0
2023-06-21,Tokyo,28.0,20.4,1.8,47,33.4
2023-06-21,Sydney,13.0,6.1,0.3,55,41.2
2023-06-22,Mumbai,32.3,22.7,3.5,57,14.4
2023-06-22,London,23.2,15.4,0.7,65,11.1
2023-06-22,New York,30.2,19.1,0.2,69,17.7
2023-06-22,Tokyo,29.2,20.2,2.0,76,14.6
2023-06-22,Sydney,12.8,7.3,1.3,68,21.9
2023-06-23,Mumbai,33.5,24.1,0.1,52,1.9
2023-06-23,London,22.8,18.4,2.4,78,17.6
2023-06-23,New York,30.7,18.9,1.2,52,0.0
2023-06-23,Tokyo,26.3,20.5,0.8,46,19.7
2023-06-23,Sydney,15.4,5.0,1.2,41,37.5
2023-06-24,Mumbai,35.9,25.5,4.9,72,29.7
2023-06-24,London,21.5,19.0,2.0,69,12.0
2023-06-24,New York,28.5,20.0,0.8,76,8.6
2023-06-24,Tokyo,26.8,19.6,6.0,62,12.5
2023-06-24,Sydney,11.0,6.8,0.8,67,5.9
2023-06-25,Mumbai,33.5,21.9,0.7,82,10.2
2023-06-25,London,24.1,15.1,1.9,79,18.3
2023-06-25,New York,28.7,18.6,2.0,71,21.4
2023-06-25,Tokyo,27.3,23.3,1.8,54,15.0
2023-06-25,Sydney,19.1,6.4,4.3,76,14.0
2023-06-26,Mumbai,32.5,23.1,9.8,65,16.2
2023-06-26,London,23.8,16.0,0.6,59,18.3
2023-06-26,New York,29.1,18.6,5.5,65,11.8
2023-06-26,Tokyo,27.2,20.3,1.9,71,15.4
2023-06-26,Sydney,17.5,6.0,2.3,48,33.3
2023-06-27,Mumbai,30.3,23.7,1.8,52,22.2
2023-06-27,London,23.2,16.1,4.4,64,24.5
2023-06-27,New York,27.1,20.1,4.8,72,29.1
2023-06-27,Tokyo,27.3,22.3,0.9,76,30.1
2023-06-27,Sydney,17.0,8.5,1.3,41,13.3
2023-06-28,Mumbai,29.5,25.2,4.2,60,13.4
2023-06-28,London,21.8,14.6,6.8,52,28.6
2023-06-28,New York,24.2,21.5,5.7,63,11.4
2023-06-28,Tokyo,28.3,18.2,0.0,76,21.4
2023-06-28,Sydney,16.3,8.0,5.3,64,16.7
2023-06-29,Mumbai,32.6,24.7,9.4,51,17.3
2023-06-29,London,21.6,16.0,0.5,47,32.0
2023-06-29,New York,30.1,19.4,1.5,84,25.9
2023-06-29,Tokyo,28.9,22.2,7.7,64,15.0
2023-06-29,Sydney,14.5,5.1,5.8,65,10.9
2023-06-30,Mumbai,31.3,24.7,0.2,64,7.7
2023-06-30,London,23.6,15.0,4.3,56,23.9
2023-06-30,New York,28.0,19.3,0.5,59,11.3
2023-06-30,Tokyo,26.7,21.8,0.3,47,17.0
2023-06-30,Sydney,13.0,4.9,2.0,69,13.9
2023-07-01,Mumbai,30.7,21.0,0.8,77,16.8
2023-07-01,London,18.4,16.2,9.9,55,24.1
2023-07-01,New York,24.3,16.5,2.9,44,15.2
2023-07-01,Tokyo,24.1,19.0,5.8,58,4.1
2023-07-01,Sydney,14.4,9.5,1.3,50,8.3
2023-07-02,Mumbai,28.9,18.7,1.1,49,13.7
2023-07-02,London,20.8,13.6,2.2,50,22.5
2023-07-02,New York,26.1,18.8,0.5,74,25.8
2023-07-02,Tokyo,22.8,15.1,5.9,82,31.1
2023-07-02,Sydney,13.9,7.3,0.0,63,14.8
2023-07-03,Mumbai,27.9,21.8,2.0,75,15.2
2023-07-03,London,21.6,16.4,2.5,55,30.6
2023-07-03,New York,26.7,19.4,10.8,42,32.3
2023-07-03,Tokyo,25.1,16.0,4.7,53,32.0
2023-07-03,Sydney,16.1,5.3,1.1,45,26.1
2023-07-04,Mumbai,28.3,21.3,4.7,83,16.1
2023-07-04,London,21.8,17.2,0.8,53,22.2
2023-07-04,New York,25.8,17.4,0.2,76,28.4
2023-07-04,Tokyo,25.1,17.1,0.8,49,12.1
2023-07-04,Sydney,12.3,4.8,6.3,60,26.9
2023-07-05,Mumbai,27.0,21.3,4.1,54,11.3
2023-07-05,London,21.6,13.8,0.0,79,39.8
2023-07-05,New York,27.3,18.0,2.7,53,34.8
2023-07-05,Tokyo,24.2,15.9,2.5,75,5.1
2023-07-05,Sydney,15.1,7.4,2.8,68,45.1
2023-07-06,Mumbai,31.5,21.1,1.3,75,9.7
2023-07-06,London,23.1,17.8,0.0,75,14.4
2023-07-06,New York,26.1,19.0,1.0,73,0.0
2023-07-06,Tokyo,22.9,14.9,0.7,69,8.7
2023-07-06,Sydney,12.0,10.5,1.0,89,0.0
2023-07-07,Mumbai,31.8,20.2,5.4,87,5.3
2023-07-07,London,23.1,16.7,0.5,83,0.0
2023-07-07,New York,27.1,18.3,1.9,73,16.2
2023-07-07,Tokyo,25.8,17.3,3.4,71,12.7
2023-07-07,Sydney,12.3,6.3,7.1,61,2.0
2023-07-08,Mumbai,29.9,19.8,9.0,71,18.6
2023-07-08,London,20.8,14.7,5.2,88,48.0
2023-07-08,New York,25.6,18.3,2.9,80,27.5
2023-07-08,Tokyo,21.0,17.6,3.0,58,36.7
2023-07-08,Sydney,14.0,6.9,2.1,89,3.3
2023-07-09,Mumbai,28.0,21.8,1.8,41,15.4
2023-07-09,London,23.7,14.0,0.9,72,15.8
2023-07-09,New York,28.0,17.6,2.8,46,23.5
2023-07-09,Tokyo,22.6,16.9,3.8,56,24.1
2023-07-09,Sydney,15.8,6.3,6.3,40,15.9
2023-07-10,Mumbai,29.9,24.0,9.3,71,18.8
2023-07-10,London,21.9,16.0,4.2,69,25.3
2023-07-10,New York,26.5,16.9,4.2,81,12.6
2023-07-10,Tokyo,24.8,16.7,7.2,55,15.7
2023-07-10,Sydney,14.4,6.1,1.6,76,23.3
2023-07-11,Mumbai,30.3,22.7,2.4,40,30.6
2023-07-11,London,21.3,17.1,3.1,75,2.6
2023-07-11,New York,27.2,16.7,0.3,48,29.2
2023-07-11,Tokyo,26.0,15.0,2.3,82,23.3
2023-07-11,Sydney,17.8,7.4,0.0,78,15.3
2023-07-12,Mumbai,30.6,22.0,5.4,87,36.6
2023-07-12,London,21.1,13.4,5.0,50,33.2
2023-07-12,New York,27.9,19.7,9.0,44,0.0
2023-07-12,Tokyo,24.7,18.1,0.1,69,39.3
2023-07-12,Sydney,17.1,7.1,0.0,56,34.8
2023-07-13,Mumbai,30.9,21.6,0.3,82,21.9
2023-07-13,London,21.5,11.9,11.4,47,15.5
2023-07-13,New York,27.5,20.2,0.2,87,22.4
2023-07-13,Tokyo,25.7,16.1,5.6,65,14.0
2023-07-13,Sydney,16.5,5.2,5.6,48,18.5
2023-07-14,Mumbai,29.7,18.5,17.9,53,35.3
2023-07-14,London,18.9,13.1,2.4,53,24.0
2023-07-14,New York,25.3,15.7,1.2,58,19.4
2023-07-14,Tokyo,22.5,15.3,8.6,69,42.2
2023-07-14,Sydney,14.2,4.6,1.2,88,21.5
2023-07-15,Mumbai,30.4,22.0,5.7,62,31.0
2023-07-15,London,22.0,16.1,5.6,81,19.8
2023-07-15,New York,26.4,18.9,0.1,84,10.2
2023-07-15,Tokyo,22.2,14.8,1.7,70,42.6
2023-07-15,Sydney,15.6,6.7,2.0,89,0.7
2023-07-16,Mumbai,32.7,19.8,1.4,78,29.8
2023-07-16,London,22.0,14.3,0.1,60,8.1
2023-07-16,New York,26.3,15.9,1.7,50,6.3
2023-07-16,Tokyo,23.8,17.6,0.8,81,21.0
2023-07-16,Sydney,15.0,5.2,3.9,83,20.9
2023-07-17,Mumbai,30.9,20.5,0.4,85,12.4
2023-07-17,London,21.0,15.9,1.6,75,12.0
2023-07-17,New York,25.9,20.2,3.7,67,3.2
2023-07-17,Tokyo,23.9,17.4,5.9,82,29.2
2023-07-17,Sydney,13.5,5.8,1.4,80,41.1
2023-07-18,Mumbai,32.8,22.2,1.7,42,26.1
2023-07-18,London,21.2,18.3,3.5,62,22.9
2023-07-18,New York,24.6,20.1,3.2,41,23.7
2023-07-18,Tokyo,24.1,16.2,1.7,83,18.2
2023-07-18,Sydney,14.7,9.0,2.4,63,32.1
2023-07-19,Mumbai,31.4,24.4,3.6,85,4.7
2023-07-19,London,22.8,12.5,3.1,63,6.1
2023-07-19,New York,27.6,18.5,0.8,69,0.0
2023-07-19,Tokyo,25.1,17.0,3.2,61,23.0
2023-07-19,Sydney,12.7,6.2,9.3,44,14.4
2023-07-20,Mumbai,30.1,22.6,4.2,62,17.5
2023-07-20,London,22.4,15.1,2.3,62,24.6
2023-07-20,New York,28.5,18.9,1.1,80,0.8
2023-07-20,Tokyo,25.8,17.0,0.7,85,37.0
2023-07-20,Sydney,17.0,5.8,0.6,72,33.6
2023-07-21,Mumbai,31.6,20.9,0.1,63,14.5
2023-07-21,London,20.7,13.2,3.6,64,18.1
2023-07-21,New York,26.1,18.1,6.2,52,10.3
2023-07-21,Tokyo,25.5,16.3,0.2,63,33.3
2023-07-21,Sydney,14.6,9.5,3.7,44,34.1
2023-07-22,Mumbai,30.9,23.7,3.5,59,16.9
2023-07-22,London,21.6,17.2,1.1,46,22.2
2023-07-22,New York,26.2,16.8,1.2,54,14.4
2023-07-22,Tokyo,26.8,17.3,1.0,58,15.2
2023-07-22,Sydney,14.7,6.8,5.7,74,14.1
2023-07-23,Mumbai,31.1,20.5,7.4,44,30.3
2023-07-23,London,20.5,13.5,1.4,73,22.5
2023-07-23,New York,26.7,18.0,0.4,81,19.3
2023-07-23,Tokyo,25.5,16.5,3.2,74,25.5
2023-07-23,Sydney,15.3,10.0,3.5,71,20.9
2023-07-24,Mumbai,30.3,22.2,5.0,81,20.1
2023-07-24,London,21.6,15.6,5.0,77,23.1
2023-07-24,New York,26.5,19.6,3.0,49,29.0
2023-07-24,Tokyo,22.7,15.2,3.0,69,14.3
2023-07-24,Sydney,12.6,5.5,2.4,57,12.2
2023-07-25,Mumbai,31.2,22.8,3.2,48,12.0
2023-07-25,London,19.4,17.9,4.4,76,11.0
2023-07-25,New York,27.7,20.1,2.8,88,27.2
2023-07-25,Tokyo,22.6,15.6,3.2,79,4.2
2023-07-25,Sydney,15.1,5.1,4.0,73,5.8
2023-07-26,Mumbai,29.3,22.8,7.2,71,14.4
2023-07-26,London,23.8,11.7,2.8,43,35.5
2023-07-26,New York,27.3,19.5,8.0,48,23.1
2023-07-26,Tokyo,24.1,16.4,1.0,56,14.3
2023-07-26,Sydney,14.8,7.0,5.4,79,34.0
2023-07-27,Mumbai,31.8,22.7,7.7,71,5.3
2023-07-27,London,19.9,14.5,2.3,40,38.9
2023-07-27,New York,26.9,20.6,7.6,73,44.3
2023-07-27,Tokyo,26.4,15.1,3.6,63,17.0
2023-07-27,Sydney,13.0,5.9,12.2,54,5.6
2023-07-28,Mumbai,29.0,22.0,2.1,48,20.3
2023-07-28,London,21.6,16.9,1.1,66,10.9
2023-07-28,New York,25.4,19.4,0.0,51,15.4
2023-07-28,Tokyo,23.0,17.6,11.8,57,13.8
2023-07-28,Sydney,17.3,6.4,1.7,69,3.6
2023-07-29,Mumbai,32.5,19.0,1.4,73,22.5
2023-07-29,London,20.5,12.8,3.2,89,8.3
2023-07-29,New York,27.6,17.6,0.7,81,10.5
2023-07-29,Tokyo,25.6,17.8,4.0,49,16.3
2023-07-29,Sydney,16.1,4.8,3.5,60,15.9
2023-07-30,Mumbai,30.9,22.9,11.9,76,6.8
2023-07-30,London,22.3,15.0,1.3,44,16.8
2023-07-30,New York,26.2,18.8,0.4,54,15.3
2023-07-30,Tokyo,23.5,13.6,2.6,61,25.8
2023-07-30,Sydney,14.8,6.6,0.5,46,12.5
2023-07-31,Mumbai,30.3,24.0,5.6,58,11.2
2023-07-31,London,20.1,13.0,0.7,85,0.0
2023-07-31,New York,24.6,19.5,7.1,67,9.2
2023-07-31,Tokyo,24.5,17.0,1.6,63,39.5
2023-07-31,Sydney,18.3,4.7,4.3,58,22.5
2023-08-01,Mumbai,25.4,22.2,1.7,51,17.0
2023-08-01,London,16.9,10.8,0.0,55,27.3
2023-08-01,New York,20.0,13.1,2.0,72,8.6
2023-08-01,Tokyo,20.9,10.1,0.1,85,19.5
2023-08-01,Sydney,17.9,8.0,1.9,63,36.1
2023-08-02,Mumbai,31.0,17.8,0.5,51,9.0
2023-08-02,London,20.1,10.3,3.1,54,17.0
2023-08-02,New York,23.3,13.1,1.9,63,30.0
2023-08-02,Tokyo,18.1,12.3,0.1,73,27.0
2023-08-02,Sydney,16.2,7.7,2.0,89,7.2
2023-08-03,Mumbai,27.6,17.8,0.1,71,28.7
2023-08-03,London,17.2,11.5,0.5,84,30.0
2023-08-03,New York,21.4,13.9,2.1,48,8.2
2023-08-03,Tokyo,20.2,11.7,2.2,82,18.3
2023-08-03,Sydney,17.7,10.5,5.5,79,17.3
2023-08-04,Mumbai,29.8,19.1,9.8,41,20.1
2023-08-04,London,16.5,13.1,9.5,54,10.7
2023-08-04,New York,21.7,15.6,1.4,56,13.3
2023-08-04,Tokyo,17.7,9.5,0.1,59,17.2
2023-08-04,Sydney,18.9,9.1,0.1,46,40.9
2023-08-05,Mumbai,29.4,20.1,3.1,81,24.1
2023-08-05,London,19.4,9.4,0.7,71,37.6
2023-08-05,New York,20.3,15.8,1.4,75,20.5
2023-08-05,Tokyo,20.3,9.0,0.7,48,22.5
2023-08-05,Sydney,21.9,11.2,3.3,72,5.6
2023-08-06,Mumbai,28.2,17.9,2.0,67,15.0
2023-08-06,London,18.7,11.2,5.0,40,19.2
2023-08-06,New York,22.4,14.0,8.5,44,13.5
2023-08-06,Tokyo,16.9,12.4,2.3,51,19.1
2023-08-06,Sydney,17.3,10.4,10.1,87,6.7
2023-08-07,Mumbai,28.6,19.1,4.8,72,34.0
2023-08-07,London,21.2,12.2,3.4,57,22.4
2023-08-07,New York,23.9,11.9,1.2,85,29.2
2023-08-07,Tokyo,18.8,6.4,0.2,62,27.2
2023-08-07,Sydney,18.0,7.9,3.6,58,38.8
2023-08-08,Mumbai,27.7,17.9,1.6,43,18.0
2023-08-08,London,17.7,11.9,0.4,50,1.4
2023-08-08,New York,22.1,14.4,0.2,81,24.3
2023-08-08,Tokyo,18.8,10.1,12.8,46,22.1
2023-08-08,Sydney,14.3,7.4,6.9,47,30.9
2023-08-09,Mumbai,28.9,18.3,6.3,48,13.2
2023-08-09,London,19.3,10.0,2.4,68,30.9
2023-08-09,New York,25.5,13.8,1.2,56,9.4
2023-08-09,Tokyo,22.1,11.0,13.2,49,28.8
2023-08-09,Sydney,16.5,9.5,3.3,57,9.6
2023-08-10,Mumbai,29.6,20.0,6.6,51,14.3
2023-08-10,London,19.5,11.0,4.7,79,16.8
2023-08-10,New York,23.4,16.4,3.2,89,12.8
2023-08-10,Tokyo,17.7,11.6,1.0,68,12.5
2023-08-10,Sydney,15.5,7.5,0.1,61,12.5
2023-08-11,Mumbai,27.5,19.7,1.7,42,1.2
2023-08-11,London,17.1,11.5,5.6,69,35.8
2023-08-11,New York,22.7,11.0,1.8,62,9.5
2023-08-11,Tokyo,19.1,11.5,1.9,65,15.1
2023-08-11,Sydney,17.4,8.1,10.4,46,27.9
2023-08-12,Mumbai,28.7,18.7,1.3,62,27.8
2023-08-12,London,16.0,12.8,12.4,73,16.4
2023-08-12,New York,20.7,11.5,2.2,43,18.9
2023-08-12,Tokyo,19.5,11.7,0.8,53,41.4
2023-08-12,Sydney,17.7,8.3,1.7,42,13.3
2023-08-13,Mumbai,28.1,20.3,0.2,60,24.8
2023-08-13,London,20.0,11.1,2.4,63,7.9
2023-08-13,New York,22.7,12.9,9.2,51,23.0
2023-08-13,Tokyo,18.0,10.3,2.7,49,31.9
2023-08-13,Sydney,18.2,9.1,0.1,64,8.7
2023-08-14,Mumbai,30.2,19.9,0.4,65,1.8
2023-08-14,London,16.6,12.8,1.2,78,5.4
2023-08-14,New York,21.0,14.3,0.8,78,20.5
2023-08-14,Tokyo,19.8,10.5,12.1,86,16.4
2023-08-14,Sydney,18.6,8.9,0.7,76,14.1
2023-08-15,Mumbai,28.1,19.2,6.7,70,27.0
2023-08-15,London,16.5,12.4,0.8,50,25.9
2023-08-15,New York,20.5,13.2,8.9,68,11.8
2023-08-15,Tokyo,20.2,10.3,0.7,71,35.4
2023-08-15,Sydney,15.8,10.9,2.4,45,39.9
2023-08-16,Mumbai,29.0,19.5,0.7,76,27.5
2023-08-16,London,18.7,11.1,0.2,69,25.5
2023-08-16,New York,20.7,11.5,2.6,62,28.5
2023-08-16,Tokyo,19.1,11.1,2.1,40,20.8
2023-08-16,Sydney,16.9,6.6,1.5,60,20.7
2023-08-17,Mumbai,29.2,17.8,7.2,86,34.8
2023-08-17,London,19.9,12.9,2.9,51,16.3
2023-08-17,New York,21.9,15.0,0.6,79,0.7
2023-08-17,Tokyo,17.8,10.6,5.2,58,4.5
2023-08-17,Sydney,18.0,12.1,0.7,62,11.0
2023-08-18,Mumbai,31.8,18.2,2.9,69,25.8
2023-08-18,London,17.5,12.3,0.6,83,22.0
2023-08-18,New York,23.8,13.7,1.9,51,22.6
2023-08-18,Tokyo,20.9,12.3,2.5,63,23.2
2023-08-18,Sydney,19.7,9.9,2.9,67,27.1
2023-08-19,Mumbai,28.5,20.5,1.2,89,8.0
2023-08-19,London,18.8,14.5,1.8,41,24.1
2023-08-19,New York,20.4,13.1,2.0,43,24.1
2023-08-19,Tokyo,21.4,10.7,0.3,79,26.9
2023-08-19,Sydney,17.0,9.6,1.9,75,21.4
2023-08-20,Mumbai,26.6,20.3,1.6,63,30.3
2023-08-20,London,17.1,11.7,0.7,63,22.1
2023-08-20,New York,18.7,11.1,3.5,64,14.7
2023-08-20,Tokyo,17.7,13.1,4.1,84,19.7
2023-08-20,Sydney,20.2,9.3,1.1,63,15.1
2023-08-21,Mumbai,28.4,20.5,1.3,85,21.9
2023-08-21,London,16.5,8.2,15.1,61,51.0
2023-08-21,New York,23.0,16.4,2.4,55,15.4
2023-08-21,Tokyo,20.4,10.7,6.4,87,22.6
2023-08-21,Sydney,18.3,8.8,0.1,41,24.3
2023-08-22,Mumbai,27.1,18.9,0.7,44,26.8
2023-08-22,London,16.7,9.5,0.5,47,17.1
2023-08-22,New York,19.9,13.5,2.4,79,31.0
2023-08-22,Tokyo,18.9,9.7,1.2,72,36.4
2023-08-22,Sydney,14.8,9.3,1.5,83,23.9
2023-08-23,Mumbai,30.4,22.6,1.8,78,20.7
2023-08-23,London,19.3,10.9,6.0,89,26.8
2023-08-23,New York,21.6,14.0,0.5,51,23.0
2023-08-23,Tokyo,18.6,10.1,2.4,58,18.8
2023-08-23,Sydney,17.5,7.0,5.2,41,8.6
2023-08-24,Mumbai,27.6,18.5,1.0,67,14.4
2023-08-24,London,16.4,11.6,6.1,51,25.6
2023-08-24,New York,24.1,15.6,4.8,59,21.3
2023-08-24,Tokyo,17.7,11.5,3.2,55,20.6
2023-08-24,Sydney,18.7,10.1,0.0,81,34.1
2023-08-25,Mumbai,31.9,18.5,0.4,67,27.8
2023-08-25,London,18.4,10.7,1.0,72,11.3
2023-08-25,New York,24.7,12.4,3.2,81,20.2
2023-08-25,Tokyo,21.6,7.9,1.4,73,17.3
2023-08-25,Sydney,16.4,10.6,1.2,84,20.5
2023-08-26,Mumbai,28.4,18.6,0.7,82,13.9
2023-08-26,London,16.9,8.0,1.2,43,27.1
2023-08-26,New York,21.9,14.2,0.4,75,31.8
2023-08-26,Tokyo,18.7,12.1,1.9,45,33.8
2023-08-26,Sydney,17.7,8.7,4.8,59,18.1
2023-08-27,Mumbai,27.3,22.0,2.4,64,38.1
2023-08-27,London,19.3,11.4,2.8,48,5.6
2023-08-27,New York,20.9,14.9,1.6,66,10.0
2023-08-27,Tokyo,16.9,11.4,0.2,67,14.2
2023-08-27,Sydney,16.5,9.7,1.5,72,21.6
2023-08-28,Mumbai,27.7,19.5,3.7,84,31.8
2023-08-28,London,18.1,12.9,1.4,88,25.9
2023-08-28,New York,22.5,13.3,0.7,41,11.2
2023-08-28,Tokyo,19.3,10.3,0.4,67,27.5
2023-08-28,Sydney,17.9,8.4,1.6,60,8.4
2023-08-29,Mumbai,29.9,20.9,0.0,79,42.0
2023-08-29,London,17.1,10.8,3.0,43,18.6
2023-08-29,New York,22.8,12.9,3.4,42,35.7
2023-08-29,Tokyo,18.5,10.6,1.0,67,17.6
2023-08-29,Sydney,19.0,8.4,0.4,47,7.0
2023-08-30,Mumbai,27.6,19.0,0.3,71,8.8
2023-08-30,London,19.5,11.1,1.9,67,0.6
2023-08-30,New York,21.7,14.9,5.3,45,25.6
2023-08-30,Tokyo,18.3,12.4,0.6,55,16.0
2023-08-30,Sydney,17.9,7.2,2.3,59,11.5
2023-08-31,Mumbai,27.8,18.9,1.2,68,30.7
2023-08-31,London,19.0,13.6,1.6,83,15.1
2023-08-31,New York,21.9,12.8,2.0,60,3.6
2023-08-31,Tokyo,20.2,12.2,2.6,75,14.4
2023-08-31,Sydney,17.5,10.5,2.8,45,13.9
2023-09-01,Mumbai,27.4,18.4,0.0,73,18.1
2023-09-01,London,14.0,6.2,0.8,62,20.7
2023-09-01,New York,17.9,9.5,0.5,59,16.0
2023-09-01,Tokyo,11.5,6.1,3.3,78,24.7
2023-09-01,Sydney,19.5,11.4,2.7,76,12.6
2023-09-02,Mumbai,27.5,23.0,5.9,83,18.0
2023-09-02,London,15.2,6.4,0.3,51,28.5
2023-09-02,New York,17.7,7.8,6.1,71,14.1
2023-09-02,Tokyo,14.0,0.7,2.0,50,34.2
2023-09-02,Sydney,21.5,12.4,0.7,51,10.2
2023-09-03,Mumbai,30.3,20.3,2.2,45,16.0
2023-09-03,London,13.2,5.5,6.5,63,26.6
2023-09-03,New York,14.8,7.1,7.0,71,6.1
2023-09-03,Tokyo,11.7,0.7,2.1,79,41.2
2023-09-03,Sydney,24.0,12.0,12.3,77,25.0
2023-09-04,Mumbai,30.2,20.3,2.8,42,21.9
2023-09-04,London,11.9,5.6,5.7,78,24.5
2023-09-04,New York,13.4,8.1,0.5,78,24.7
2023-09-04,Tokyo,12.9,3.8,2.9,60,15.7
2023-09-04,Sydney,19.6,11.6,5.7,64,27.6
2023-09-05,Mumbai,30.1,18.0,2.0,46,6.3
2023-09-05,London,13.0,7.0,1.7,74,26.1
2023-09-05,New York,15.5,10.0,0.7,70,14.9
2023-09-05,Tokyo,13.4,4.4,1.8,77,31.1
2023-09-05,Sydney,20.0,12.5,1.1,64,21.6
2023-09-06,Mumbai,27.4,19.4,0.1,53,20.2
2023-09-06,London,16.8,7.0,0.3,42,30.6
2023-09-06,New York,15.7,8.9,1.3,65,29.8
2023-09-06,Tokyo,12.4,4.1,6.7,64,7.0
2023-09-06,Sydney,24.6,11.8,1.6,51,24.4
2023-09-07,Mumbai,29.2,20.6,2.6,60,18.7
2023-09-07,London,14.9,7.5,2.9,88,20.4
2023-09-07,New York,18.4,7.0,0.7,89,11.2
2023-09-07,Tokyo,12.7,5.5,1.0,84,13.2
2023-09-07,Sydney,20.6,13.4,1.8,55,21.8
2023-09-08,Mumbai,28.9,18.1,0.3,44,31.5
2023-09-08,London,13.0,6.4,1.5,54,4.0
2023-09-08,New York,16.9,7.2,1.4,50,23.1
2023-09-08,Tokyo,14.7,5.1,5.7,64,28.7
2023-09-08,Sydney,21.5,10.5,5.0,40,11.1
2023-09-09,Mumbai,27.5,18.4,1.4,69,31.6
2023-09-09,London,14.2,5.9,6.7,83,34.0
2023-09-09,New York,16.9,9.2,1.7,87,14.0
2023-09-09,Tokyo,13.7,4.2,2.9,84,15.6
2023-09-09,Sydney,20.1,11.4,2.4,88,15.2
2023-09-10,Mumbai,29.5,17.8,2.7,63,23.3
2023-09-10,London,10.7,8.1,1.5,60,20.6
2023-09-10,New York,15.0,9.4,1.4,61,25.4
2023-09-10,Tokyo,15.2,3.8,0.6,46,26.4
2023-09-10,Sydney,22.3,12.5,0.1,85,22.8
2023-09-11,Mumbai,27.8,19.2,1.2,55,27.8
2023-09-11,London,11.1,5.7,3.6,68,24.7
2023-09-11,New York,17.6,4.8,0.4,83,23.8
2023-09-11,Tokyo,13.0,3.3,1.1,47,10.8
2023-09-11,Sydney,21.1,11.9,1.6,86,9.7
2023-09-12,Mumbai,25.1,17.6,7.9,73,17.1
2023-09-12,London,13.2,7.4,2.2,59,29.5
2023-09-12,New York,16.9,9.6,1.4,50,0.0
2023-09-12,Tokyo,12.9,4.2,1.5,84,25.1
2023-09-12,Sydney,22.8,10.7,0.2,65,14.6
2023-09-13,Mumbai,28.6,16.4,1.4,44,40.3
2023-09-13,London,13.6,7.0,2.9,73,6.6
2023-09-13,New York,15.7,6.9,1.6,75,16.5
2023-09-13,Tokyo,13.0,6.4,0.8,54,25.4
2023-09-13,Sydney,21.2,10.8,13.1,86,14.9
2023-09-14,Mumbai,28.1,20.2,2.3,60,15.6
2023-09-14,London,15.2,4.8,3.2,88,0.0
2023-09-14,New York,14.5,6.7,3.6,74,23.1
2023-09-14,Tokyo,13.7,4.1,2.4,60,6.3
2023-09-14,Sydney,19.6,15.7,2.7,55,20.6
2023-09-15,Mumbai,27.4,14.4,5.9,54,26.5
2023-09-15,London,13.6,7.0,2.0,68,16.5
2023-09-15,New York,14.8,7.2,5.3,54,29.9
2023-09-15,Tokyo,12.7,4.0,4.0,66,32.3
2023-09-15,Sydney,23.1,11.8,0.2,43,22.9
2023-09-16,Mumbai,30.5,17.5,14.1,82,14.3
2023-09-16,London,15.8,7.8,1.4,86,18.5
2023-09-16,New York,13.4,6.8,1.5,73,0.0
2023-09-16,Tokyo,11.4,5.3,7.6,88,29.7
2023-09-16,Sydney,20.9,11.9,3.8,85,5.1
2023-09-17,Mumbai,30.3,18.4,4.9,60,16.4
2023-09-17,London,15.4,7.9,0.7,84,25.2
2023-09-17,New York,17.8,7.8,0.0,55,13.7
2023-09-17,Tokyo,11.4,4.7,2.1,88,27.7
2023-09-17,Sydney,19.0,14.5,4.0,84,24.8
2023-09-18,Mumbai,28.7,19.6,2.4,49,3.3
2023-09-18,London,14.6,8.4,2.0,56,26.5
2023-09-18,New York,18.0,6.7,5.7,54,4.0
2023-09-18,Tokyo,14.5,5.8,2.2,68,35.6
2023-09-18,Sydney,18.9,13.8,1.5,47,20.0
2023-09-19,Mumbai,29.4,16.5,0.6,63,12.2
2023-09-19,London,13.6,5.5,3.0,54,10.9
2023-09-19,New York,15.4,7.6,12.6,86,35.3
2023-09-19,Tokyo,14.6,2.5,9.0,78,17.0
2023-09-19,Sydney,21.8,12.9,0.7,75,11.6
2023-09-20,Mumbai,27.6,17.9,1.1,46,20.7
2023-09-20,London,14.0,9.7,3.6,58,26.7
2023-09-20,New York,17.6,8.2,4.2,84,18.9
2023-09-20,Tokyo,13.0,4.4,0.3,80,22.3
2023-09-20,Sydney,22.2,13.0,0.0,61,17.0
2023-09-21,Mumbai,28.4,17.7,2.2,40,25.4
2023-09-21,London,14.7,8.3,0.9,77,20.0
2023-09-21,New York,15.3,8.0,0.0,86,33.8
2023-09-21,Tokyo,15.8,6.5,0.5,46,4.9
2023-09-21,Sydney,21.2,11.1,2.3,83,18.1
2023-09-22,Mumbai,28.0,18.3,10.9,62,19.2
2023-09-22,London,12.1,7.6,1.8,54,8.3
2023-09-22,New York,17.6,9.1,0.5,78,15.6
2023-09-22,Tokyo,13.6,6.4,1.7,41,19.0
2023-09-22,Sydney,21.2,11.9,9.1,64,26.0
2023-09-23,Mumbai,27.3,16.6,2.2,83,3.4
2023-09-23,London,13.3,6.5,0.7,84,24.2
2023-09-23,New York,14.7,9.2,1.5,85,17.0
2023-09-23,Tokyo,12.7,3.6,1.1,84,9.0
2023-09-23,Sydney,20.4,12.8,7.3,71,29.2
2023-09-24,Mumbai,27.1,20.8,0.8,55,24.8
2023-09-24,London,14.8,9.1,0.2,66,18.3
2023-09-24,New York,13.7,5.3,4.1,60,19.2
2023-09-24,Tokyo,13.6,5.1,3.9,40,10.3
2023-09-24,Sydney,21.4,12.9,0.1,84,1.9
2023-09-25,Mumbai,28.4,18.7,0.5,47,15.4
2023-09-25,London,16.1,7.1,7.2,42,15.2
2023-09-25,New York,16.9,6.5,3.5,73,26.4
2023-09-25,Tokyo,12.0,4.1,0.2,46,31.4
2023-09-25,Sydney,22.0,15.4,4.3,83,27.4
2023-09-26,Mumbai,26.4,21.7,5.7,67,9.3
2023-09-26,London,12.5,4.6,1.6,49,27.4
2023-09-26,New York,17.9,10.0,3.0,88,6.6
2023-09-26,Tokyo,12.5,4.3,4.5,76,20.6
2023-09-26,Sydney,22.3,12.4,0.5,73,28.3
2023-09-27,Mumbai,29.4,22.0,0.6,67,4.2
2023-09-27,London,14.8,10.2,2.2,73,34.6
2023-09-27,New York,15.3,9.0,2.4,40,19.2
2023-09-27,Tokyo,13.3,5.3,8.9,67,20.5
2023-09-27,Sydney,21.7,11.6,1.2,49,24.7
2023-09-28,Mumbai,26.9,20.3,4.4,47,21.4
2023-09-28,London,14.8,6.1,2.2,48,17.7
2023-09-28,New York,14.7,8.7,3.6,40,22.0
2023-09-28,Tokyo,16.2,3.1,0.4,64,16.9
2023-09-28,Sydney,21.9,12.4,3.5,52,27.4
2023-09-29,Mumbai,28.3,16.9,1.2,67,35.9
2023-09-29,London,11.9,9.2,6.5,77,10.0
2023-09-29,New York,18.3,9.4,2.8,82,26.6
2023-09-29,Tokyo,12.1,5.4,6.7,59,14.5
2023-09-29,Sydney,21.4,13.5,0.4,67,24.6
2023-09-30,Mumbai,28.6,20.8,0.0,68,23.1
2023-09-30,London,15.7,4.4,5.0,80,17.9
2023-09-30,New York,14.7,9.8,1.7,89,14.9
2023-09-30,Tokyo,13.8,4.7,3.0,60,8.3
2023-09-30,Sydney,22.2,15.3,7.1,71,33.0
2023-10-01,Mumbai,27.8,21.1,0.4,75,20.7
2023-10-01,London,8.7,2.9,2.4,48,18.4
2023-10-01,New York,11.1,0.8,3.5,56,21.2
2023-10-01,Tokyo,9.3,2.2,2.2,55,22.7
2023-10-01,Sydney,22.5,16.8,3.3,73,11.2
2023-10-02,Mumbai,28.6,19.2,1.7,71,17.2
2023-10-02,London,9.4,1.2,0.5,47,16.6
2023-10-02,New York,11.9,1.4,1.3,84,21.8
2023-10-02,Tokyo,10.1,-0.7,4.1,84,15.5
2023-10-02,Sydney,24.8,17.5,1.9,68,26.3
2023-10-03,Mumbai,28.5,17.7,1.1,76,21.8
2023-10-03,London,9.2,1.7,5.6,56,26.9
2023-10-03,New York,10.1,4.2,1.0,59,22.7
2023-10-03,Tokyo,10.7,0.2,4.3,76,10.8
2023-10-03,Sydney,25.2,15.8,2.3,72,26.8
2023-10-04,Mumbai,30.0,19.2,0.7,55,27.4
2023-10-04,London,7.9,3.8,1.2,89,29.1
2023-10-04,New York,10.3,3.9,1.7,85,16.7
2023-10-04,Tokyo,10.6,5.1,5.4,44,17.8
2023-10-04,Sydney,24.1,14.7,0.3,41,7.3
2023-10-05,Mumbai,27.5,19.0,3.3,80,17.3
2023-10-05,London,7.4,2.2,6.4,64,19.0
2023-10-05,New York,10.7,2.0,5.3,41,18.0
2023-10-05,Tokyo,9.8,1.9,1.0,57,19.2
2023-10-05,Sydney,22.6,16.9,0.4,41,36.3
2023-10-06,Mumbai,30.3,19.8,1.3,60,1.5
2023-10-06,London,11.2,2.3,5.6,46,10.0
2023-10-06,New York,12.2,1.3,1.7,55,25.9
2023-10-06,Tokyo,7.9,2.5,2.5,87,6.4
2023-10-06,Sydney,24.1,15.9,2.8,85,41.3
2023-10-07,Mumbai,29.0,18.6,1.4,58,40.3
2023-10-07,London,10.3,-0.3,1.6,85,17.2
2023-10-07,New York,14.7,-0.3,0.8,63,34.8
2023-10-07,Tokyo,9.2,0.4,2.3,76,26.6
2023-10-07,Sydney,24.6,15.8,2.1,51,34.9
2023-10-08,Mumbai,29.6,20.0,0.0,44,16.9
2023-10-08,London,8.3,0.9,3.7,81,22.2
2023-10-08,New York,9.2,3.6,1.8,76,0.0
2023-10-08,Tokyo,11.2,2.1,3.5,58,31.7
2023-10-08,Sydney,27.1,14.9,2.4,73,24.3
2023-10-09,Mumbai,29.8,23.7,11.7,51,26.3
2023-10-09,London,7.5,2.0,0.3,43,34.3
2023-10-09,New York,12.8,5.1,1.9,76,28.1
2023-10-09,Tokyo,10.2,3.2,1.1,60,10.9
2023-10-09,Sydney,22.9,17.5,0.3,74,37.9
2023-10-10,Mumbai,28.1,21.7,1.8,44,10.0
2023-10-10,London,11.5,-0.4,0.8,72,36.1
2023-10-10,New York,9.5,3.1,0.2,66,25.2
2023-10-10,Tokyo,12.0,-0.8,3.0,62,19.2
2023-10-10,Sydney,24.4,13.3,0.8,78,17.9
2023-10-11,Mumbai,26.2,20.8,3.9,57,28.5
2023-10-11,London,9.4,2.2,9.9,60,15.8
2023-10-11,New York,9.8,2.1,1.6,46,37.3
2023-10-11,Tokyo,8.4,1.2,4.9,74,35.1
2023-10-11,Sydney,26.0,17.8,0.2,79,31.5
2023-10-12,Mumbai,26.2,19.8,2.3,56,0.0
2023-10-12,London,7.3,2.0,7.5,58,10.4
2023-10-12,New York,7.0,3.3,4.6,61,27.2
2023-10-12,Tokyo,8.4,-0.9,1.7,63,10.1
2023-10-12,Sydney,25.5,16.1,2.7,53,19.4
2023-10-13,Mumbai,29.1,20.2,8.1,77,3.9
2023-10-13,London,7.1,2.3,4.1,40,20.5
2023-10-13,New York,9.2,1.8,2.1,63,44.7
2023-10-13,Tokyo,8.1,2.6,3.6,59,14.8
2023-10-13,Sydney,24.2,19.0,5.8,43,19.2
2023-10-14,Mumbai,29.3,19.8,0.1,49,1.1
2023-10-14,London,11.7,2.7,1.1,45,28.0
2023-10-14,New York,9.7,2.8,0.0,69,32.0
2023-10-14,Tokyo,7.3,1.0,1.1,64,21.2
2023-10-14,Sydney,24.0,17.2,1.5,74,3.7
2023-10-15,Mumbai,28.0,18.8,2.8,86,21.6
2023-10-15,London,11.8,3.0,3.2,67,14.2
2023-10-15,New York,10.8,1.5,0.5,43,6.7
2023-10-15,Tokyo,7.5,1.8,0.6,44,28.3
2023-10-15,Sydney,25.8,18.0,2.4,74,25.5
2023-10-16,Mumbai,27.6,19.0,2.2,89,25.3
2023-10-16,London,8.3,4.9,1.3,47,29.6
2023-10-16,New York,7.5,4.3,4.9,68,13.8
2023-10-16,Tokyo,6.4,0.9,11.8,74,6.6
2023-10-16,Sydney,29.5,17.5,1.9,82,22.2
2023-10-17,Mumbai,27.3,20.5,13.2,44,12.1
2023-10-17,London,7.5,3.5,2.9,48,21.1
2023-10-17,New York,9.3,2.5,2.5,79,5.0
2023-10-17,Tokyo,8.6,-0.1,1.1,87,14.8
2023-10-17,Sydney,26.2,15.9,0.9,42,24.1
2023-10-18,Mumbai,28.4,20.8,2.9,84,6.1
2023-10-18,London,10.1,2.6,0.7,60,14.6
2023-10-18,New York,10.1,1.1,0.7,84,5.7
2023-10-18,Tokyo,10.4,1.4,5.2,62,22.7
2023-10-18,Sydney,24.9,19.0,5.4,64,10.8
2023-10-19,Mumbai,28.5,21.0,6.9,84,15.6
2023-10-19,London,8.8,3.7,0.5,42,26.2
2023-10-19,New York,10.5,2.2,5.0,42,22.0
2023-10-19,Tokyo,9.6,-0.1,2.0,84,18.8
2023-10-19,Sydney,25.3,15.1,1.4,40,22.2
2023-10-20,Mumbai,28.5,20.8,1.2,41,13.5
2023-10-20,London,9.1,0.1,4.3,88,10.1
2023-10-20,New York,9.7,3.1,0.7,40,18.7
2023-10-20,Tokyo,7.7,0.1,4.0,68,18.9
2023-10-20,Sydney,25.2,17.6,0.0,51,7.3
2023-10-21,Mumbai,29.4,21.1,2.1,73,14.2
2023-10-21,London,7.8,1.6,3.3,68,2.2
2023-10-21,New York,8.9,4.5,0.1,47,22.2
2023-10-21,Tokyo,13.6,2.1,7.9,69,17.8
2023-10-21,Sydney,24.8,12.8,2.6,42,0.0
2023-10-22,Mumbai,28.4,19.3,2.5,40,28.0
2023-10-22,London,10.2,7.9,1.4,68,30.0
2023-10-22,New York,8.4,-0.1,2.1,69,5.5
2023-10-22,Tokyo,8.1,-0.1,2.5,52,11.5
2023-10-22,Sydney,23.4,18.5,18.3,70,24.1
2023-10-23,Mumbai,32.1,18.0,4.5,42,2.9
2023-10-23,London,8.9,1.1,13.2,45,4.9
2023-10-23,New York,11.0,3.2,4.0,87,0.0
2023-10-23,Tokyo,7.7,-0.0,0.8,75,28.0
2023-10-23,Sydney,22.7,16.2,2.1,47,23.1
2023-10-24,Mumbai,29.4,18.9,1.2,69,22.9
2023-10-24,London,11.5,0.1,8.6,81,30.9
2023-10-24,New York,13.4,1.3,1.4,74,6.1
2023-10-24,Tokyo,9.5,2.0,0.7,54,18.3
2023-10-24,Sydney,24.0,17.2,8.4,88,21.2
2023-10-25,Mumbai,28.5,21.1,3.2,70,23.6
2023-10-25,London,9.5,2.0,0.5,65,7.9
2023-10-25,New York,9.7,0.4,0.8,85,25.1
2023-10-25,Tokyo,11.1,1.0,7.3,55,16.0
2023-10-25,Sydney,23.5,16.6,3.4,47,9.3
2023-10-26,Mumbai,29.8,18.7,0.6,71,18.3
2023-10-26,London,10.5,4.3,3.8,83,25.2
2023-10-26,New York,11.4,2.5,5.7,65,4.3
2023-10-26,Tokyo,10.2,2.3,1.1,75,9.2
2023-10-26,Sydney,26.6,13.5,2.7,72,20.1
2023-10-27,Mumbai,28.5,19.4,2.5,70,28.4
2023-10-27,London,8.6,3.2,1.6,53,4.8
2023-10-27,New York,8.9,3.4,3.2,85,19.8
2023-10-27,Tokyo,8.2,2.6,4.4,45,1.6
2023-10-27,Sydney,24.9,16.0,0.0,40,21.8
2023-10-28,Mumbai,27.7,20.0,0.4,55,19.5
2023-10-28,London,8.6,2.5,0.8,72,24.6
2023-10-28,New York,10.1,1.4,3.0,83,12.3
2023-10-28,Tokyo,7.7,2.7,4.2,69,31.3
2023-10-28,Sydney,20.6,15.6,5.8,85,20.1
2023-10-29,Mumbai,29.0,21.5,6.8,43,16.2
2023-10-29,London,9.1,-1.0,2.0,75,8.4
2023-10-29,New York,10.4,4.0,3.7,84,32.9
2023-10-29,Tokyo,11.8,0.2,8.5,77,17.0
2023-10-29,Sydney,23.9,16.8,3.8,76,31.0
2023-10-30,Mumbai,27.9,19.2,0.2,82,29.0
2023-10-30,London,9.1,3.4,1.1,87,24.3
2023-10-30,New York,10.3,1.3,6.0,89,32.3
2023-10-30,Tokyo,9.9,1.6,15.9,50,18.3
2023-10-30,Sydney,25.3,17.9,0.8,88,14.5
2023-10-31,Mumbai,28.7,18.8,1.6,84,23.1
2023-10-31,London,7.6,1.4,0.4,50,22.4
2023-10-31,New York,12.0,1.2,0.5,46,11.7
2023-10-31,Tokyo,6.1,1.3,5.9,61,12.1
2023-10-31,Sydney,24.0,17.4,0.6,65,15.5
2023-11-01,Mumbai,29.6,20.4,3.4,68,18.8
2023-11-01,London,6.1,-1.0,0.8,49,15.0
2023-11-01,New York,6.9,-3.5,2.5,82,5.8
2023-11-01,Tokyo,6.4,0.8,2.5,84,21.2
2023-11-01,Sydney,26.3,18.2,4.9,40,35.4
2023-11-02,Mumbai,30.1,22.3,3.1,67,31.0
2023-11-02,London,5.8,-2.4,2.3,53,12.8
2023-11-02,New York,6.5,0.5,8.5,67,18.6
2023-11-02,Tokyo,8.0,-0.2,3.5,42,25.5
2023-11-02,Sydney,26.1,17.0,5.1,79,25.5
2023-11-03,Mumbai,31.6,22.1,1.3,44,37.9
2023-11-03,London,5.1,-0.7,2.4,50,38.5
2023-11-03,New York,1.7,-3.2,1.8,55,27.5
2023-11-03,Tokyo,10.5,1.2,2.2,89,12.7
2023-11-03,Sydney,24.0,20.4,1.1,51,4.5
2023-11-04,Mumbai,29.1,22.8,11.4,68,17.6
2023-11-04,London,5.8,0.1,1.5,77,5.5
2023-11-04,New York,6.1,-2.9,1.8,56,19.8
2023-11-04,Tokyo,8.6,0.7,0.5,81,14.1
2023-11-04,Sydney,27.5,18.6,5.9,47,11.1
2023-11-05,Mumbai,29.9,20.1,0.8,85,40.4
2023-11-05,London,4.6,-1.0,1.6,42,28.5
2023-11-05,New York,5.0,-3.2,10.0,60,6.9
2023-11-05,Tokyo,8.3,-3.7,0.8,86,28.8
2023-11-05,Sydney,25.3,19.9,0.3,58,8.2
2023-11-06,Mumbai,31.8,21.8,0.2,64,13.6
2023-11-06,London,6.0,-1.0,0.4,65,19.4
2023-11-06,New York,6.5,-2.7,1.4,75,1.4
2023-11-06,Tokyo,6.4,0.6,3.8,47,5.6
2023-11-06,Sydney,26.8,18.2,1.2,57,25.0
2023-11-07,Mumbai,31.6,21.7,2.2,44,6.9
2023-11-07,London,5.9,-3.0,1.9,40,6.9
2023-11-07,New York,5.3,-2.2,2.2,80,15.8
2023-11-07,Tokyo,9.8,0.3,7.4,69,44.7
2023-11-07,Sydney,28.6,20.2,3.5,83,0.0
2023-11-08,Mumbai,31.1,20.3,0.9,52,31.5
2023-11-08,London,8.3,-0.2,0.7,78,22.5
2023-11-08,New York,6.6,-2.1,0.7,64,37.9
2023-11-08,Tokyo,6.8,0.6,3.8,82,19.1
2023-11-08,Sydney,24.8,18.6,4.5,68,31.7
2023-11-09,Mumbai,30.4,20.0,2.2,77,18.8
2023-11-09,London,9.0,-0.5,6.7,66,14.6
2023-11-09,New York,4.9,-4.0,3.0,82,18.2
2023-11-09,Tokyo,4.9,-2.3,7.1,87,18.5
2023-11-09,Sydney,27.7,18.7,3.2,67,16.7
2023-11-10,Mumbai,30.1,23.3,0.6,61,28.2
2023-11-10,London,7.0,-0.6,1.7,62,4.3
2023-11-10,New York,6.8,-1.5,0.3,88,12.9
2023-11-10,Tokyo,6.7,-0.5,4.1,58,21.2
2023-11-10,Sydney,28.8,19.2,0.0,56,23.2
2023-11-11,Mumbai,29.6,19.2,12.9,51,29.0
2023-11-11,London,7.7,0.1,1.0,53,17.9
2023-11-11,New York,6.0,-1.5,5.2,61,20.5
2023-11-11,Tokyo,11.2,0.1,0.4,82,8.1
2023-11-11,Sydney,23.6,16.8,0.1,46,13.9
2023-11-12,Mumbai,28.1,22.4,6.8,69,18.1
2023-11-12,London,6.0,-2.2,3.7,67,3.8
2023-11-12,New York,6.5,-2.8,0.7,78,47.1
2023-11-12,Tokyo,6.9,0.1,8.7,76,29.7
2023-11-12,Sydney,26.3,19.5,2.3,67,18.0
2023-11-13,Mumbai,29.1,21.8,11.0,65,21.5
2023-11-13,London,8.3,-4.6,0.6,78,35.4
2023-11-13,New York,4.5,-4.2,0.6,89,20.3
2023-11-13,Tokyo,8.3,4.2,1.8,86,21.4
2023-11-13,Sydney,27.3,16.7,4.9,76,27.2
2023-11-14,Mumbai,31.9,23.0,0.6,87,31.4
2023-11-14,London,6.2,-0.3,7.2,74,36.5
2023-11-14,New York,6.6,-2.1,0.0,70,28.2
2023-11-14,Tokyo,7.1,0.7,5.8,54,25.9
2023-11-14,Sydney,28.1,18.9,4.0,74,34.2
2023-11-15,Mumbai,31.3,21.5,2.1,46,22.8
2023-11-15,London,5.0,-1.9,0.5,59,10.0
2023-11-15,New York,4.4,0.1,0.8,44,36.8
2023-11-15,Tokyo,10.4,0.5,4.3,64,38.9
2023-11-15,Sydney,24.8,17.2,0.6,85,27.1
2023-11-16,Mumbai,28.6,24.1,1.9,79,19.7
2023-11-16,London,7.7,1.7,12.1,72,10.2
2023-11-16,New York,4.5,-2.1,3.6,85,9.5
2023-11-16,Tokyo,7.9,-1.6,2.7,76,0.9
2023-11-16,Sydney,28.3,20.1,1.6,44,28.0
2023-11-17,Mumbai,31.0,24.5,4.0,68,23.3
2023-11-17,London,5.8,-1.2,1.5,60,13.7
2023-11-17,New York,4.7,-0.8,15.7,57,15.6
2023-11-17,Tokyo,7.2,2.5,1.1,74,17.3
2023-11-17,Sydney,30.3,20.0,0.3,42,9.6
2023-11-18,Mumbai,31.3,19.7,2.2,67,20.1
2023-11-18,London,6.0,-0.3,3.9,60,30.5
2023-11-18,New York,6.6,-4.2,0.3,79,9.9
2023-11-18,Tokyo,9.0,-0.6,5.2,87,25.9
2023-11-18,Sydney,27.6,19.3,0.4,43,33.3
2023-11-19,Mumbai,28.7,22.5,12.6,58,27.9
2023-11-19,London,4.3,-1.6,1.5,68,10.1
2023-11-19,New York,5.0,-3.3,3.8,87,17.2
2023-11-19,Tokyo,10.1,-1.2,5.6,60,4.5
2023-11-19,Sydney,25.7,17.2,1.0,89,22.8
2023-11-20,Mumbai,31.6,21.3,1.0,67,25.3
2023-11-20,London,8.4,0.6,1.1,41,0.7
2023-11-20,New York,7.4,-4.3,3.9,78,6.7
2023-11-20,Tokyo,7.7,1.8,2.0,70,0.0
2023-11-20,Sydney,26.9,20.2,1.1,41,20.9
2023-11-21,Mumbai,30.9,22.7,1.8,60,14.7
2023-11-21,London,7.6,-0.2,2.9,76,10.5
2023-11-21,New York,5.8,-3.8,0.6,51,22.8
2023-11-21,Tokyo,7.5,-1.3,1.5,58,23.1
2023-11-21,Sydney,24.3,17.2,2.8,89,16.3
2023-11-22,Mumbai,31.7,22.3,7.0,58,17.8
2023-11-22,London,6.3,0.4,1.9,61,22.7
2023-11-22,New York,6.3,-3.2,0.5,63,1.9
2023-11-22,Tokyo,6.5,-2.1,6.9,76,26.9
2023-11-22,Sydney,26.8,19.4,1.4,43,27.8
2023-11-23,Mumbai,31.2,23.6,3.9,44,33.0
2023-11-23,London,5.9,0.3,2.3,88,23.1
2023-11-23,New York,3.8,-3.4,5.6,79,22.1
2023-11-23,Tokyo,7.2,-1.7,2.2,45,32.0
2023-11-23,Sydney,26.6,19.1,0.1,45,17.2
2023-11-24,Mumbai,30.2,23.2,0.3,75,32.7
2023-11-24,London,5.9,-1.9,1.8,74,21.4
2023-11-24,New York,5.4,-1.3,3.6,51,3.5
2023-11-24,Tokyo,9.3,-1.4,1.3,54,16.4
2023-11-24,Sydney,30.1,18.2,0.8,55,15.2
2023-11-25,Mumbai,31.0,22.1,3.2,46,19.3
2023-11-25,London,5.7,0.2,1.3,56,31.9
2023-11-25,New York,8.0,-2.8,6.5,49,5.0
2023-11-25,Tokyo,7.6,1.1,1.9,44,24.1
2023-11-25,Sydney,30.0,17.2,4.8,84,22.3
2023-11-26,Mumbai,33.2,19.4,4.3,78,19.3
2023-11-26,London,3.0,0.3,0.2,87,19.5
2023-11-26,New York,7.8,-2.9,0.8,44,17.5
2023-11-26,Tokyo,7.7,2.4,0.9,86,19.7
2023-11-26,Sydney,26.4,21.8,7.5,85,15.4
2023-11-27,Mumbai,33.6,24.2,2.4,53,20.3
2023-11-27,London,8.5,-1.4,0.5,68,16.9
2023-11-27,New York,4.4,-3.1,1.5,75,24.3
2023-11-27,Tokyo,6.8,-0.9,7.3,52,10.3
2023-11-27,Sydney,27.2,18.4,0.0,59,17.9
2023-11-28,Mumbai,30.3,21.8,2.1,81,16.4
2023-11-28,London,7.3,0.2,3.0,84,0.7
2023-11-28,New York,6.4,-4.4,4.9,52,5.4
2023-11-28,Tokyo,6.6,-1.2,5.6,71,15.2
2023-11-28,Sydney,27.8,20.4,0.0,78,22.5
2023-11-29,Mumbai,30.3,20.1,0.5,51,10.8
2023-11-29,London,5.4,-1.3,1.8,81,10.2
2023-11-29,New York,3.7,-3.0,1.6,45,35.1
2023-11-29,Tokyo,7.3,1.4,0.8,78,11.3
2023-11-29,Sydney,26.1,21.8,0.5,70,21.4
2023-11-30,Mumbai,32.0,22.8,1.8,74,32.3
2023-11-30,London,7.4,-1.0,6.6,47,20.3
2023-11-30,New York,6.6,-3.6,6.1,42,37.5
2023-11-30,Tokyo,8.6,0.4,1.4,44,22.7
2023-11-30,Sydney,24.3,18.1,7.7,79,12.9
2023-12-01,Mumbai,32.1,22.9,6.5,41,18.2
2023-12-01,London,4.6,-4.3,5.3,84,13.5
2023-12-01,New York,3.0,-6.0,0.9,70,11.5
2023-12-01,Tokyo,8.3,-0.2,2.6,56,7.6
2023-12-01,Sydney,26.3,21.2,0.1,55,36.2
2023-12-02,Mumbai,34.2,23.2,0.1,43,19.0
2023-12-02,London,6.0,-0.6,1.4,83,12.7
2023-12-02,New York,6.4,-2.7,6.8,51,18.6
2023-12-02,Tokyo,9.6,0.8,3.0,56,37.0
2023-12-02,Sydney,28.0,22.4,4.2,88,23.8
2023-12-03,Mumbai,33.4,24.0,1.1,73,26.0
2023-12-03,London,1.6,-1.1,0.6,85,15.5
2023-12-03,New York,3.2,-2.2,4.9,48,3.0
2023-12-03,Tokyo,7.9,1.5,1.5,86,17.2
2023-12-03,Sydney,27.4,20.0,4.5,81,27.9
2023-12-04,Mumbai,29.9,23.4,4.6,40,26.8
2023-12-04,London,6.5,-2.0,0.3,42,36.6
2023-12-04,New York,4.2,-4.1,0.0,75,25.6
2023-12-04,Tokyo,12.2,2.0,7.3,42,25.5
2023-12-04,Sydney,25.9,20.6,1.1,87,36.3
2023-12-05,Mumbai,31.0,24.1,3.8,88,0.0
2023-12-05,London,6.5,-2.5,0.9,80,29.8
2023-12-05,New York,5.7,-3.8,3.8,65,19.5
2023-12-05,Tokyo,9.2,1.1,0.3,61,21.7
2023-12-05,Sydney,27.6,20.6,0.8,58,27.5
2023-12-06,Mumbai,33.9,23.7,7.1,52,32.3
2023-12-06,London,7.1,-1.8,4.4,76,30.2
2023-12-06,New York,5.7,-4.2,0.4,66,21.6
2023-12-06,Tokyo,8.6,0.9,3.3,82,5.7
2023-12-06,Sydney,30.5,19.5,2.2,46,34.3
2023-12-07,Mumbai,30.5,23.9,4.1,66,41.5
2023-12-07,London,4.3,-0.7,1.4,88,30.4
2023-12-07,New York,4.2,-4.6,0.5,62,9.0
2023-12-07,Tokyo,9.9,-0.7,0.7,87,19.9
2023-12-07,Sydney,28.8,20.3,0.7,52,16.9
2023-12-08,Mumbai,32.5,21.0,0.8,69,17.8
2023-12-08,London,3.9,-1.2,2.5,61,17.8
2023-12-08,New York,6.1,-3.5,1.0,64,18.4
2023-12-08,Tokyo,9.0,4.3,11.0,73,21.4
2023-12-08,Sydney,27.7,19.2,0.8,48,36.9
2023-12-09,Mumbai,30.8,21.2,0.9,68,18.4
2023-12-09,London,1.7,-3.5,4.3,73,31.3
2023-12-09,New York,3.7,-4.1,3.5,78,9.0
2023-12-09,Tokyo,10.0,2.8,0.6,83,4.6
2023-12-09,Sydney,26.0,19.9,0.0,57,15.5
2023-12-10,Mumbai,32.8,24.7,3.1,48,30.1
2023-12-10,London,3.5,-1.2,3.1,69,10.4
2023-12-10,New York,1.5,-5.9,0.7,61,27.6
2023-12-10,Tokyo,10.5,0.5,1.7,63,17.2
2023-12-10,Sydney,28.9,18.0,0.9,50,15.4
2023-12-11,Mumbai,31.7,26.2,1.6,77,28.6
2023-12-11,London,6.5,-2.6,4.9,79,27.3
2023-12-11,New York,3.2,-4.2,0.7,44,19.4
2023-12-11,Tokyo,9.8,1.5,3.7,41,23.6
2023-12-11,Sydney,27.8,21.9,4.1,43,7.9
2023-12-12,Mumbai,33.2,23.6,2.7,40,26.8
2023-12-12,London,5.8,-2.0,1.5,67,18.2
2023-12-12,New York,0.6,-4.7,1.6,68,12.9
2023-12-12,Tokyo,6.6,4.4,3.4,63,17.9
2023-12-12,Sydney,29.4,21.0,1.7,57,39.6
2023-12-13,Mumbai,35.0,25.7,0.5,41,14.9
2023-12-13,London,6.9,-5.2,7.1,76,3.2
2023-12-13,New York,3.6,-0.8,1.7,61,28.2
2023-12-13,Tokyo,11.9,0.2,5.1,64,28.9
2023-12-13,Sydney,29.9,20.0,2.7,61,43.6
2023-12-14,Mumbai,32.2,23.7,0.4,66,21.8
2023-12-14,London,7.2,-2.7,0.0,47,22.5
2023-12-14,New York,2.8,-3.7,11.5,80,21.1
2023-12-14,Tokyo,7.4,2.4,1.2,49,14.0
2023-12-14,Sydney,28.4,20.6,1.2,48,34.8
2023-12-15,Mumbai,30.5,24.3,3.1,54,19.9
2023-12-15,London,2.3,-2.6,1.8,84,6.4
2023-12-15,New York,2.0,-5.0,0.5,47,9.2
2023-12-15,Tokyo,11.7,0.9,0.5,46,48.1
2023-12-15,Sydney,26.3,20.8,0.9,67,23.8
2023-12-16,Mumbai,30.8,24.7,0.4,49,40.9
2023-12-16,London,6.2,-3.0,3.7,54,15.1
2023-12-16,New York,5.3,0.7,0.9,82,43.5
2023-12-16,Tokyo,9.6,1.4,1.1,80,26.7
2023-12-16,Sydney,26.0,19.4,8.4,55,28.6
2023-12-17,Mumbai,32.3,21.8,4.3,89,30.6
2023-12-17,London,4.2,-1.3,5.2,79,31.5
2023-12-17,New York,4.2,-3.3,0.8,83,24.1
2023-12-17,Tokyo,9.0,1.6,4.0,43,23.2
2023-12-17,Sydney,31.6,21.0,5.4,78,27.7
2023-12-18,Mumbai,31.0,26.2,7.1,69,18.2
2023-12-18,London,5.6,-3.1,5.2,58,21.6
2023-12-18,New York,1.8,-3.1,6.0,80,3.4
2023-12-18,Tokyo,9.8,3.5,6.2,42,11.1
2023-12-18,Sydney,26.8,17.7,12.7,67,7.4
2023-12-19,Mumbai,35.7,25.2,0.9,45,16.8
2023-12-19,London,2.7,-2.8,0.1,40,21.0
2023-12-19,New York,5.5,-6.4,15.4,56,22.0
2023-12-19,Tokyo,9.6,-0.7,2.4,52,8.9
2023-12-19,Sydney,26.4,22.0,1.6,77,12.8
2023-12-20,Mumbai,30.4,19.8,1.1,89,16.0
2023-12-20,London,5.2,-1.5,2.6,56,0.0
2023-12-20,New York,3.5,-2.8,0.0,58,26.2
2023-12-20,Tokyo,9.6,-0.5,0.2,83,18.2
2023-12-20,Sydney,28.0,21.3,1.8,43,21.3
2023-12-21,Mumbai,34.5,23.4,2.0,48,2.9
2023-12-21,London,7.8,-2.9,1.4,66,14.6
2023-12-21,New York,3.8,-3.4,0.6,77,21.9
2023-12-21,Tokyo,8.7,0.3,9.6,80,30.4
2023-12-21,Sydney,25.7,18.9,0.1,80,17.2
2023-12-22,Mumbai,36.0,24.6,0.4,68,3.2
2023-12-22,London,6.6,-1.6,0.5,74,10.2
2023-12-22,New York,-0.0,-4.5,4.2,86,35.7
2023-12-22,Tokyo,10.3,1.2,4.9,73,10.0
2023-12-22,Sydney,28.7,20.1,6.1,65,35.9
2023-12-23,Mumbai,33.5,24.1,2.2,50,28.4
2023-12-23,London,4.5,-0.5,3.6,70,18.6
2023-12-23,New York,2.9,-5.2,3.7,40,29.9
2023-12-23,Tokyo,10.3,-0.9,2.6,62,31.5
2023-12-23,Sydney,27.6,18.7,1.5,79,11.2
2023-12-24,Mumbai,33.7,26.5,3.0,72,16.3
2023-12-24,London,4.5,-1.4,0.1,57,34.7
2023-12-24,New York,3.9,-4.5,1.9,57,9.0
2023-12-24,Tokyo,11.4,2.3,3.1,79,8.3
2023-12-24,Sydney,27.7,16.1,1.8,49,25.1
2023-12-25,Mumbai,30.2,23.4,3.6,66,48.1
2023-12-25,London,2.3,-0.9,1.9,74,12.7
2023-12-25,New York,5.5,-2.5,4.4,79,28.4
2023-12-25,Tokyo,9.9,0.3,16.0,40,15.0
2023-12-25,Sydney,28.6,23.9,2.1,59,20.2
2023-12-26,Mumbai,33.5,24.1,2.4,86,0.5
2023-12-26,London,5.7,-0.9,4.8,69,10.8
2023-12-26,New York,2.9,-4.2,3.8,55,9.3
2023-12-26,Tokyo,10.0,1.6,12.1,87,37.9
2023-12-26,Sydney,27.4,18.9,0.2,45,19.3
2023-12-27,Mumbai,32.8,23.4,6.1,73,8.9
2023-12-27,London,6.1,-4.2,0.1,86,14.1
2023-12-27,New York,6.9,-3.6,0.1,69,34.7
2023-12-27,Tokyo,7.1,1.2,5.2,79,28.5
2023-12-27,Sydney,28.4,19.2,1.7,75,28.6
2023-12-28,Mumbai,30.9,21.4,1.8,67,9.8
2023-12-28,London,5.3,2.4,2.6,56,14.2
2023-12-28,New York,2.2,-3.2,8.8,40,0.5
2023-12-28,Tokyo,7.1,-0.7,1.0,77,45.6
2023-12-28,Sydney,30.0,18.8,1.6,80,25.1
2023-12-29,Mumbai,31.5,22.9,0.2,61,9.9
2023-12-29,London,3.5,-1.6,4.8,74,19.5
2023-12-29,New York,6.4,-3.0,1.0,54,36.2
2023-12-29,Tokyo,11.7,0.5,4.8,77,15.7
2023-12-29,Sydney,27.5,20.3,6.5,70,28.2
2023-12-30,Mumbai,33.5,23.0,0.1,78,29.5
2023-12-30,London,3.2,-0.6,0.8,73,13.4
2023-12-30,New York,4.0,-4.4,6.2,70,17.0
2023-12-30,Tokyo,8.6,-0.1,0.6,51,20.6
2023-12-30,Sydney,29.9,20.9,1.9,49,31.6
2023-12-31,Mumbai,34.0,22.7,4.7,43,12.1
2023-12-31,London,3.0,-3.1,1.6,57,22.6
2023-12-31,New York,3.1,-4.0,1.5,67,6.2
2023-12-31,Tokyo,11.2,1.6,1.8,41,16.1
2023-12-31,Sydney,26.5,19.0,3.7,41,21.1
2024-01-01,Mumbai,35.3,28.6,2.4,88,29.2
2024-01-01,London,5.0,-1.0,0.1,68,16.1
2024-01-01,New York,5.6,-3.4,3.2,53,18.6
2024-01-01,Tokyo,13.5,5.2,1.9,71,21.4
2024-01-01,Sydney,26.0,18.9,2.3,78,8.8
2024-01-02,Mumbai,36.1,26.7,0.5,83,19.8
2024-01-02,London,7.5,-0.2,1.3,58,8.5
2024-01-02,New York,4.0,-1.3,0.0,74,8.5
2024-01-02,Tokyo,15.4,4.0,0.7,47,6.5
2024-01-02,Sydney,27.8,20.7,1.8,81,12.9
2024-01-03,Mumbai,34.8,26.3,2.8,46,34.2
2024-01-03,London,5.4,-3.0,3.7,75,15.7
2024-01-03,New York,7.8,-3.6,1.3,80,25.5
2024-01-03,Tokyo,14.6,8.8,6.1,45,26.2
2024-01-03,Sydney,23.4,19.2,1.8,79,33.1
2024-01-04,Mumbai,34.1,24.8,0.2,58,15.2
2024-01-04,London,6.6,0.8,6.9,85,16.4
2024-01-04,New York,7.4,-4.4,4.8,60,25.6
2024-01-04,Tokyo,14.6,4.6,2.9,66,26.4
2024-01-04,Sydney,31.2,18.7,2.0,74,8.2
2024-01-05,Mumbai,39.0,27.9,0.9,44,26.3
2024-01-05,London,6.2,0.9,3.0,48,20.4
2024-01-05,New York,3.6,-6.0,0.1,66,27.3
2024-01-05,Tokyo,14.0,7.3,1.5,58,4.7
2024-01-05,Sydney,26.6,20.7,0.0,48,26.4
2024-01-06,Mumbai,33.2,27.4,1.1,51,18.9
2024-01-06,London,4.9,-2.0,2.8,47,12.6
2024-01-06,New York,5.0,-7.6,3.6,47,26.5
2024-01-06,Tokyo,13.7,6.7,3.2,41,31.3
2024-01-06,Sydney,29.4,18.3,3.7,70,25.8
2024-01-07,Mumbai,36.9,24.7,0.8,81,21.1
2024-01-07,London,3.1,-1.5,0.4,81,26.5
2024-01-07,New York,4.2,-4.2,1.1,70,24.6
2024-01-07,Tokyo,13.7,3.4,14.4,76,12.6
2024-01-07,Sydney,29.6,16.5,1.2,63,33.7
2024-01-08,Mumbai,35.5,26.2,0.4,45,7.2
2024-01-08,London,6.1,-1.4,1.7,51,38.8
2024-01-08,New York,3.2,-1.0,2.6,79,20.5
2024-01-08,Tokyo,11.6,5.4,0.6,69,29.4
2024-01-08,Sydney,28.9,19.2,3.3,82,2.8
2024-01-09,Mumbai,36.8,24.0,2.3,61,0.0
2024-01-09,London,5.2,-1.2,0.4,57,18.5
2024-01-09,New York,5.4,-2.0,7.0,82,26.0
2024-01-09,Tokyo,10.5,4.1,1.2,80,17.3
2024-01-09,Sydney,27.3,20.9,2.2,75,17.1
2024-01-10,Mumbai,34.7,25.7,1.2,78,25.1
2024-01-10,London,9.0,-2.4,4.5,70,13.7
2024-01-10,New York,4.9,-2.9,20.8,49,28.9
2024-01-10,Tokyo,16.6,1.0,2.9,44,25.2
2024-01-10,Sydney,27.1,18.3,6.0,48,28.9
2024-01-11,Mumbai,35.1,27.8,3.7,89,35.7
2024-01-11,London,7.9,-1.7,9.6,51,20.4
2024-01-11,New York,2.7,-4.0,8.2,89,27.6
2024-01-11,Tokyo,14.8,6.1,5.6,40,17.2
2024-01-11,Sydney,26.2,20.9,4.8,51,19.4
2024-01-12,Mumbai,34.0,27.4,1.4,43,20.6
2024-01-12,London,6.2,0.8,1.3,82,31.9
2024-01-12,New York,6.5,0.7,8.5,89,23.5
2024-01-12,Tokyo,13.8,7.8,0.0,55,17.4
2024-01-12,Sydney,28.9,20.7,2.1,84,10.3
2024-01-13,Mumbai,35.3,25.9,7.4,77,13.6
2024-01-13,London,5.2,0.3,1.8,74,26.7
2024-01-13,New York,8.4,-1.7,2.5,74,28.1
2024-01-13,Tokyo,17.3,6.5,0.5,89,16.6
2024-01-13,Sydney,27.6,17.2,0.7,43,29.3
2024-01-14,Mumbai,35.8,24.1,0.3,54,29.2
2024-01-14,London,5.9,1.0,0.4,43,5.9
2024-01-14,New York,7.3,-0.6,0.8,61,16.7
2024-01-14,Tokyo,13.4,4.4,0.4,71,18.1
2024-01-14,Sydney,29.0,18.5,2.3,83,31.4
2024-01-15,Mumbai,38.4,27.1,7.1,46,30.5
2024-01-15,London,4.6,0.6,0.2,75,26.2
2024-01-15,New York,2.9,-3.2,2.5,85,42.7
2024-01-15,Tokyo,13.0,4.4,0.0,87,25.9
2024-01-15,Sydney,28.5,19.0,0.2,40,11.8
2024-01-16,Mumbai,37.3,25.2,3.9,69,10.5
2024-01-16,London,4.2,-0.6,0.9,65,21.0
2024-01-16,New York,7.9,-1.2,1.3,61,36.4
2024-01-16,Tokyo,12.4,3.1,1.2,70,19.2
2024-01-16,Sydney,27.0,17.0,5.7,46,31.6
2024-01-17,Mumbai,37.9,26.9,1.9,68,21.6
2024-01-17,London,6.3,1.5,3.1,80,5.5
2024-01-17,New York,4.5,-3.9,0.2,43,20.7
2024-01-17,Tokyo,12.3,3.2,0.4,41,43.4
2024-01-17,Sydney,24.9,19.3,4.7,86,17.2
2024-01-18,Mumbai,36.0,26.4,2.4,42,24.0
2024-01-18,London,6.2,-1.7,3.6,45,13.7
2024-01-18,New York,2.5,-2.2,6.7,81,27.7
2024-01-18,Tokyo,11.9,5.9,1.7,60,29.2
2024-01-18,Sydney,28.0,22.7,1.0,78,17.0
2024-01-19,Mumbai,35.1,28.8,3.4,50,4.2
2024-01-19,London,8.6,-1.6,1.2,87,27.4
2024-01-19,New York,3.6,-1.9,3.0,41,8.8
2024-01-19,Tokyo,11.8,4.0,10.0,82,22.8
2024-01-19,Sydney,27.8,19.7,4.2,72,17.2
2024-01-20,Mumbai,31.5,30.0,1.3,59,3.3
2024-01-20,London,6.7,-1.6,4.4,49,32.2
2024-01-20,New York,4.9,-2.6,3.4,75,19.5
2024-01-20,Tokyo,17.0,6.0,0.7,86,10.1
2024-01-20,Sydney,26.7,17.8,0.7,63,18.9
2024-01-21,Mumbai,34.0,25.6,5.9,82,23.5
2024-01-21,London,3.9,-0.3,1.0,78,23.7
2024-01-21,New York,4.6,-1.4,2.2,81,25.7
2024-01-21,Tokyo,12.2,5.5,2.8,43,14.1
2024-01-21,Sydney,28.0,20.6,2.8,50,23.1
2024-01-22,Mumbai,33.6,27.1,4.0,54,29.1
2024-01-22,London,7.0,-3.5,5.0,76,20.7
2024-01-22,New York,5.9,-5.9,1.4,78,5.4
2024-01-22,Tokyo,11.3,5.0,7.4,67,14.2
2024-01-22,Sydney,25.8,20.5,0.2,77,19.9
2024-01-23,Mumbai,35.8,25.7,3.3,53,15.4
2024-01-23,London,5.7,0.8,0.6,40,5.9
2024-01-23,New York,5.3,-3.6,1.1,63,17.9
2024-01-23,Tokyo,13.1,5.8,1.3,76,16.5
2024-01-23,Sydney,27.1,18.5,11.3,60,19.2
2024-01-24,Mumbai,35.7,25.3,2.6,66,14.3
2024-01-24,London,4.0,-2.0,0.2,69,30.7
2024-01-24,New York,4.6,-2.0,4.3,66,15.4
2024-01-24,Tokyo,16.1,5.7,0.7,52,23.4
2024-01-24,Sydney,23.6,18.8,5.3,80,18.0
2024-01-25,Mumbai,35.9,26.2,3.3,70,0.0
2024-01-25,London,5.0,-0.9,1.0,80,13.5
2024-01-25,New York,5.1,-3.1,0.8,81,27.7
2024-01-25,Tokyo,12.3,7.1,6.1,80,13.1
2024-01-25,Sydney,24.5,19.4,5.7,80,9.1
2024-01-26,Mumbai,36.6,23.5,1.7,63,35.5
2024-01-26,London,8.3,1.1,1.0,66,13.0
2024-01-26,New York,5.9,1.0,9.8,42,18.5
2024-01-26,Tokyo,13.3,3.6,2.1,67,17.3
2024-01-26,Sydney,28.0,19.3,4.1,41,19.7
2024-01-27,Mumbai,37.4,27.7,0.9,88,33.1
2024-01-27,London,7.6,2.6,4.8,63,21.1
2024-01-27,New York,5.8,-2.9,5.0,85,22.4
2024-01-27,Tokyo,15.2,7.1,2.2,87,18.4
2024-01-27,Sydney,29.2,18.1,2.8,67,23.1
2024-01-28,Mumbai,35.3,28.8,0.9,58,29.5
2024-01-28,London,3.9,-1.2,0.1,40,28.0
2024-01-28,New York,6.5,-0.9,0.6,81,31.3
2024-01-28,Tokyo,13.9,4.8,0.1,45,12.2
2024-01-28,Sydney,24.8,18.6,5.6,67,18.3
2024-01-29,Mumbai,36.0,26.9,2.1,42,10.2
2024-01-29,London,8.0,1.1,2.5,61,35.7
2024-01-29,New York,1.5,-3.7,2.1,47,33.8
2024-01-29,Tokyo,13.8,5.4,1.9,69,19.1
2024-01-29,Sydney,25.6,18.1,1.2,77,17.5
2024-01-30,Mumbai,35.5,26.2,0.7,49,14.4
2024-01-30,London,7.2,0.7,6.1,86,10.7
2024-01-30,New York,5.0,-0.4,2.3,60,22.2
2024-01-30,Tokyo,12.1,5.5,3.1,40,16.9
2024-01-30,Sydney,27.6,16.9,2.2,59,13.2
2024-01-31,Mumbai,35.9,26.9,0.9,80,26.8
2024-01-31,London,5.2,-1.6,6.6,52,26.4
2024-01-31,New York,6.1,-1.8,1.0,57,19.6
2024-01-31,Tokyo,14.8,3.3,0.2,73,20.0
2024-01-31,Sydney,27.1,19.2,6.4,69,0.5
2024-02-01,Mumbai,37.0,27.2,2.7,54,28.1
2024-02-01,London,7.2,3.2,7.3,76,15.9
2024-02-01,New York,9.0,3.3,1.6,44,11.4
2024-02-01,Tokyo,19.8,10.8,7.1,74,12.0
2024-02-01,Sydney,24.9,18.1,10.1,58,29.3
2024-02-02,Mumbai,34.3,28.3,0.7,89,2.5
2024-02-02,London,10.6,4.0,2.7,50,27.7
2024-02-02,New York,9.4,2.6,0.9,41,7.5
2024-02-02,Tokyo,18.6,10.2,3.4,76,18.1
2024-02-02,Sydney,25.5,18.7,2.3,65,12.8
2024-02-03,Mumbai,39.2,28.4,3.5,49,12.0
2024-02-03,London,9.9,2.2,4.7,40,23.4
2024-02-03,New York,8.8,-0.1,3.6,80,16.0
2024-02-03,Tokyo,18.0,10.7,6.4,76,18.1
2024-02-03,Sydney,24.2,15.4,6.1,89,12.7
2024-02-04,Mumbai,36.0,30.9,6.6,40,24.1
2024-02-04,London,8.6,2.8,0.9,88,18.3
2024-02-04,New York,11.0,-1.6,0.3,75,26.7
2024-02-04,Tokyo,20.1,10.3,1.4,68,19.4
2024-02-04,Sydney,24.9,14.7,1.8,41,30.3
2024-02-05,Mumbai,39.4,27.8,1.0,41,15.7
2024-02-05,London,8.3,2.8,0.8,74,21.8
2024-02-05,New York,11.3,4.4,0.5,57,6.7
2024-02-05,Tokyo,20.6,11.9,0.9,58,35.7
2024-02-05,Sydney,22.9,15.4,5.2,41,7.7
2024-02-06,Mumbai,37.9,29.5,3.0,45,34.6
2024-02-06,London,9.3,0.6,2.1,54,23.8
2024-02-06,New York,10.6,3.0,3.6,74,14.9
2024-02-06,Tokyo,15.9,9.6,0.2,41,25.7
2024-02-06,Sydney,24.0,15.6,2.3,55,23.7
2024-02-07,Mumbai,37.9,28.2,0.9,55,28.1
2024-02-07,London,9.6,2.1,1.6,60,22.2
2024-02-07,New York,9.2,1.8,0.7,86,15.9
2024-02-07,Tokyo,20.3,10.2,4.0,64,16.1
2024-02-07,Sydney,25.7,15.8,0.1,60,35.8
2024-02-08,Mumbai,38.8,27.6,2.1,42,21.4
2024-02-08,London,7.3,3.1,1.4,42,17.7
2024-02-08,New York,9.9,4.5,4.7,47,15.3
2024-02-08,Tokyo,20.1,7.7,1.4,64,0.0
2024-02-08,Sydney,24.2,16.1,1.7,44,15.6
2024-02-09,Mumbai,35.9,28.5,1.2,48,22.9
2024-02-09,London,9.1,4.2,2.0,61,25.5
2024-02-09,New York,6.8,-0.2,0.2,64,20.7
2024-02-09,Tokyo,19.2,12.4,6.0,62,15.4
2024-02-09,Sydney,23.8,15.8,2.0,59,7.8
2024-02-10,Mumbai,38.8,27.9,0.1,75,29.9
2024-02-10,London,9.5,3.4,4.2,50,13.4
2024-02-10,New York,11.2,0.1,2.5,41,18.3
2024-02-10,Tokyo,18.5,12.3,3.5,67,13.8
2024-02-10,Sydney,25.9,15.3,3.1,60,17.4
2024-02-11,Mumbai,39.4,27.3,7.8,81,27.6
2024-02-11,London,10.4,3.2,2.3,89,15.5
2024-02-11,New York,10.5,4.3,2.4,72,32.4
2024-02-11,Tokyo,19.2,12.6,0.7,83,14.8
2024-02-11,Sydney,26.0,15.5,1.5,51,12.5
2024-02-12,Mumbai,38.6,29.2,3.6,80,27.4
2024-02-12,London,10.6,1.7,2.2,51,16.2
2024-02-12,New York,10.2,2.7,4.4,67,31.6
2024-02-12,Tokyo,19.4,8.9,4.8,65,35.4
2024-02-12,Sydney,25.1,16.2,2.0,74,30.6
2024-02-13,Mumbai,35.9,30.2,1.6,60,8.2
2024-02-13,London,9.0,1.6,1.6,56,26.8
2024-02-13,New York,13.4,2.7,1.2,67,20.6
2024-02-13,Tokyo,18.1,11.2,0.5,49,19.6
2024-02-13,Sydney,25.3,16.0,0.5,48,31.9
2024-02-14,Mumbai,38.3,27.3,2.3,51,16.0
2024-02-14,London,8.6,1.9,2.2,42,24.0
2024-02-14,New York,11.0,1.4,9.4,40,9.0
2024-02-14,Tokyo,17.0,9.7,2.1,66,19.1
2024-02-14,Sydney,25.3,16.3,0.5,65,21.3
2024-02-15,Mumbai,36.9,28.3,2.5,84,22.6
2024-02-15,London,10.9,4.3,1.0,68,35.3
2024-02-15,New York,10.6,0.9,3.9,82,21.0
2024-02-15,Tokyo,17.9,11.3,1.5,61,15.0
2024-02-15,Sydney,25.8,15.6,0.2,85,9.4
2024-02-16,Mumbai,37.3,25.4,2.2,52,26.6
2024-02-16,London,8.4,1.2,0.9,57,6.5
2024-02-16,New York,13.3,3.0,3.1,72,29.8
2024-02-16,Tokyo,21.3,10.5,1.3,63,29.2
2024-02-16,Sydney,21.6,14.9,1.8,58,40.1
2024-02-17,Mumbai,37.0,30.8,1.6,60,8.2
2024-02-17,London,10.7,3.0,0.9,79,22.3
2024-02-17,New York,10.9,3.8,1.7,56,3.8
2024-02-17,Tokyo,18.9,11.5,0.1,50,11.2
2024-02-17,Sydney,25.6,16.8,0.5,44,21.2
2024-02-18,Mumbai,35.1,29.8,1.3,69,6.1
2024-02-18,London,8.7,2.1,3.7,78,0.0
2024-02-18,New York,9.2,1.8,4.7,44,21.3
2024-02-18,Tokyo,16.8,11.7,4.2,88,21.4
2024-02-18,Sydney,26.3,19.1,3.7,74,21.6
2024-02-19,Mumbai,39.5,29.3,0.3,66,11.5
2024-02-19,London,10.9,4.4,2.6,49,17.0
2024-02-19,New York,10.8,2.3,4.2,66,3.5
2024-02-19,Tokyo,18.5,10.5,6.0,86,31.8
2024-02-19,Sydney,23.1,16.6,1.1,47,7.7
2024-02-20,Mumbai,39.4,29.3,1.2,86,27.8
2024-02-20,London,9.9,0.3,1.0,42,10.2
2024-02-20,New York,8.8,1.6,1.4,52,14.6
2024-02-20,Tokyo,18.2,11.8,1.2,64,27.9
2024-02-20,Sydney,25.8,15.7,0.5,82,23.4
2024-02-21,Mumbai,36.8,28.9,2.1,66,30.7
2024-02-21,London,8.2,2.5,6.1,79,14.6
2024-02-21,New York,10.1,1.9,0.4,63,14.3
2024-02-21,Tokyo,19.8,10.6,1.7,55,19.9
2024-02-21,Sydney,24.3,17.1,0.7,85,25.3
2024-02-22,Mumbai,34.6,26.8,1.9,65,24.1
2024-02-22,London,12.7,3.2,1.3,81,12.1
2024-02-22,New York,11.4,0.2,11.0,60,4.2
2024-02-22,Tokyo,21.2,10.7,2.0,85,4.6
2024-02-22,Sydney,23.2,17.8,2.0,69,10.5
2024-02-23,Mumbai,42.5,27.3,1.3,86,0.5
2024-02-23,London,8.9,3.2,0.4,69,31.3
2024-02-23,New York,11.2,2.2,4.4,67,7.1
2024-02-23,Tokyo,21.6,11.4,1.3,88,29.0
2024-02-23,Sydney,23.5,14.7,2.8,83,12.4
2024-02-24,Mumbai,40.4,26.4,2.9,64,25.6
2024-02-24,London,7.1,-1.0,1.2,57,32.2
2024-02-24,New York,11.5,2.7,0.7,61,6.1
2024-02-24,Tokyo,20.9,11.5,2.0,60,30.6
2024-02-24,Sydney,25.9,17.1,0.7,47,37.3
2024-02-25,Mumbai,39.3,30.2,6.3,58,15.7
2024-02-25,London,10.3,3.0,0.8,77,19.3
2024-02-25,New York,9.1,2.5,0.7,40,26.2
2024-02-25,Tokyo,20.4,11.7,0.8,80,14.7
2024-02-25,Sydney,25.8,17.5,1.5,55,0.0
2024-02-26,Mumbai,38.6,29.2,0.5,61,16.8
2024-02-26,London,8.4,4.5,4.3,73,27.5
2024-02-26,New York,10.7,-0.5,0.8,66,1.8
2024-02-26,Tokyo,18.7,8.2,0.4,40,29.1
2024-02-26,Sydney,24.4,17.1,4.7,58,27.4
2024-02-27,Mumbai,37.1,30.5,3.8,68,14.9
2024-02-27,London,10.3,4.9,1.0,46,27.6
2024-02-27,New York,11.2,5.4,1.0,69,20.6
2024-02-27,Tokyo,18.1,12.8,1.3,75,32.1
2024-02-27,Sydney,24.2,15.8,4.6,77,23.7
2024-02-28,Mumbai,36.5,28.4,1.9,68,0.0
2024-02-28,London,11.5,2.3,1.2,46,6.9
2024-02-28,New York,8.3,0.6,7.5,77,28.4
2024-02-28,Tokyo,18.3,9.2,0.8,71,23.0
2024-02-28,Sydney,26.1,13.9,3.6,52,26.7
2024-02-29,Mumbai,36.5,27.3,0.2,79,14.3
2024-02-29,London,10.2,1.1,0.1,58,30.5
2024-02-29,New York,10.9,0.7,3.6,42,30.1
2024-02-29,Tokyo,19.6,9.5,1.2,58,33.6
2024-02-29,Sydney,25.7,14.3,8.6,44,25.5
2024-03-01,Mumbai,37.1,29.8,2.4,45,5.6
2024-03-01,London,10.8,7.0,4.5,87,10.9
2024-03-01,New York,16.6,10.0,1.0,70,11.1
2024-03-01,Tokyo,25.7,15.3,0.2,81,6.6
2024-03-01,Sydney,21.9,13.5,1.3,84,44.4
2024-03-02,Mumbai,39.3,28.8,1.9,45,15.8
2024-03-02,London,13.3,7.4,5.3,47,23.1
2024-03-02,New York,15.8,6.2,5.5,48,24.4
2024-03-02,Tokyo,23.2,15.9,3.2,75,30.5
2024-03-02,Sydney,19.8,12.6,0.2,71,26.1
2024-03-03,Mumbai,41.2,30.3,3.2,46,17.8
2024-03-03,London,15.4,7.2,7.8,75,10.9
2024-03-03,New York,18.1,8.6,3.6,52,18.3
2024-03-03,Tokyo,25.2,18.0,7.1,58,34.8
2024-03-03,Sydney,18.7,11.5,0.4,48,25.6
2024-03-04,Mumbai,37.9,27.1,1.5,87,26.8
2024-03-04,London,16.7,4.0,8.1,41,36.2
2024-03-04,New York,17.3,11.3,3.2,79,32.7
2024-03-04,Tokyo,24.5,17.6,1.2,41,19.1
2024-03-04,Sydney,22.0,14.4,3.2,48,31.2
2024-03-05,Mumbai,38.4,29.4,2.6,61,14.3
2024-03-05,London,15.5,5.0,5.4,41,17.0
2024-03-05,New York,15.2,10.0,2.7,52,16.4
2024-03-05,Tokyo,25.9,16.4,0.0,65,30.4
2024-03-05,Sydney,21.1,14.5,11.2,88,14.2
2024-03-06,Mumbai,39.3,32.5,2.9,62,14.6
2024-03-06,London,13.9,7.4,0.0,66,10.1
2024-03-06,New York,15.9,7.0,2.4,63,0.0
2024-03-06,Tokyo,26.7,16.9,2.7,66,28.0
2024-03-06,Sydney,22.6,12.7,4.0,86,2.2
2024-03-07,Mumbai,35.0,31.2,4.0,85,24.2
2024-03-07,London,13.7,8.0,0.3,68,28.3
2024-03-07,New York,15.0,7.7,4.4,56,25.0
2024-03-07,Tokyo,23.7,15.4,1.0,41,20.3
2024-03-07,Sydney,20.5,13.5,6.5,44,2.2
2024-03-08,Mumbai,38.4,29.3,2.1,43,12.2
2024-03-08,London,16.4,7.6,2.5,75,16.1
2024-03-08,New York,17.5,7.8,3.0,52,5.5
2024-03-08,Tokyo,25.6,16.5,5.1,53,21.3
2024-03-08,Sydney,23.8,11.3,0.0,67,25.9
2024-03-09,Mumbai,37.6,31.2,1.2,49,9.0
2024-03-09,London,11.8,6.9,0.8,72,19.8
2024-03-09,New York,15.2,9.0,1.1,54,29.2
2024-03-09,Tokyo,24.8,15.4,0.7,51,22.7
2024-03-09,Sydney,20.4,11.3,2.2,63,12.5
2024-03-10,Mumbai,38.2,29.8,0.1,75,14.2
2024-03-10,London,15.7,6.5,0.2,64,22.2
2024-03-10,New York,17.9,7.4,2.1,42,36.1
2024-03-10,Tokyo,23.7,15.8,1.4,67,12.0
2024-03-10,Sydney,23.3,12.8,0.8,43,17.8
2024-03-11,Mumbai,38.3,31.3,0.9,76,0.0
2024-03-11,London,13.7,5.6,1.6,84,21.3
2024-03-11,New York,14.0,8.2,2.2,88,10.7
2024-03-11,Tokyo,25.1,18.0,0.3,59,18.1
2024-03-11,Sydney,21.3,13.3,0.1,82,18.9
2024-03-12,Mumbai,38.2,26.6,6.2,69,5.8
2024-03-12,London,17.6,6.8,4.2,56,22.7
2024-03-12,New York,17.5,10.0,8.2,53,22.2
2024-03-12,Tokyo,25.0,14.7,1.8,56,5.0
2024-03-12,Sydney,24.1,13.9,3.1,65,14.8
2024-03-13,Mumbai,35.8,28.7,9.4,47,6.5
2024-03-13,London,14.1,8.4,7.0,80,17.2
2024-03-13,New York,17.3,6.4,3.1,87,27.6
2024-03-13,Tokyo,24.1,16.5,7.8,59,25.0
2024-03-13,Sydney,22.9,11.9,4.2,76,0.0
2024-03-14,Mumbai,36.7,26.9,3.5,80,1.7
2024-03-14,London,10.8,8.9,3.8,62,32.5
2024-03-14,New York,16.0,8.1,5.3,45,7.1
2024-03-14,Tokyo,25.0,17.0,3.8,80,33.6
2024-03-14,Sydney,19.0,10.5,1.1,67,22.1
2024-03-15,Mumbai,38.2,27.7,5.3,87,19.0
2024-03-15,London,15.0,6.4,0.2,63,18.8
2024-03-15,New York,16.4,8.4,3.8,58,15.9
2024-03-15,Tokyo,25.4,18.1,0.1,46,12.2
2024-03-15,Sydney,20.3,12.0,5.0,50,23.4
2024-03-16,Mumbai,38.5,28.0,0.6,79,39.4
2024-03-16,London,13.9,7.8,6.2,40,32.7
2024-03-16,New York,16.6,6.4,3.7,64,18.0
2024-03-16,Tokyo,24.3,14.9,4.1,83,11.1
2024-03-16,Sydney,22.7,12.2,3.2,57,21.4
2024-03-17,Mumbai,37.7,28.5,4.5,55,12.0
2024-03-17,London,15.3,9.4,7.1,47,21.3
2024-03-17,New York,15.9,8.2,1.1,60,13.6
2024-03-17,Tokyo,24.1,17.7,3.9,56,40.3
2024-03-17,Sydney,20.6,11.2,7.6,40,16.5
2024-03-18,Mumbai,35.6,27.1,6.5,50,25.3
2024-03-18,London,14.4,6.8,0.6,47,23.0
2024-03-18,New York,14.3,6.5,2.0,59,10.3
2024-03-18,Tokyo,26.8,15.7,5.7,52,23.8
2024-03-18,Sydney,18.4,11.7,0.3,64,23.6
2024-03-19,Mumbai,37.8,29.1,4.1,56,11.2
2024-03-19,London,16.7,4.5,0.3,53,14.6
2024-03-19,New York,18.4,8.3,3.3,65,13.1
2024-03-19,Tokyo,23.1,17.2,4.3,72,9.8
2024-03-19,Sydney,21.4,11.1,7.6,41,20.7
2024-03-20,Mumbai,36.8,29.3,9.2,65,17.9
2024-03-20,London,14.6,4.3,0.6,51,20.7
2024-03-20,New York,18.5,7.2,1.3,49,10.6
2024-03-20,Tokyo,25.4,17.6,0.8,63,22.3
2024-03-20,Sydney,20.0,13.4,2.7,85,17.5
2024-03-21,Mumbai,37.6,30.3,4.5,46,20.6
2024-03-21,London,14.1,7.2,0.8,64,12.6
2024-03-21,New York,15.5,8.2,0.3,69,10.6
2024-03-21,Tokyo,24.6,17.9,0.9,82,27.6
2024-03-21,Sydney,22.1,12.2,1.7,40,26.7
2024-03-22,Mumbai,34.4,30.3,1.2,63,26.1
2024-03-22,London,12.3,6.4,1.9,44,34.8
2024-03-22,New York,15.6,7.6,4.2,66,28.2
2024-03-22,Tokyo,26.7,15.4,1.5,71,8.9
2024-03-22,Sydney,22.2,13.0,5.9,43,21.4
2024-03-23,Mumbai,38.6,29.8,3.3,72,0.0
2024-03-23,London,13.6,8.1,0.0,78,29.4
2024-03-23,New York,14.7,6.0,2.3,64,45.2
2024-03-23,Tokyo,26.1,16.6,5.1,58,6.6
2024-03-23,Sydney,20.4,12.4,1.6,42,22.9
2024-03-24,Mumbai,39.4,31.2,0.9,44,25.0
2024-03-24,London,15.0,7.4,0.5,59,25.5
2024-03-24,New York,18.3,7.2,5.5,62,9.9
2024-03-24,Tokyo,23.2,14.9,0.8,66,15.6
2024-03-24,Sydney,21.9,13.0,1.3,79,0.0
2024-03-25,Mumbai,39.1,29.2,6.4,56,14.4
2024-03-25,London,13.1,6.1,1.4,50,24.4
2024-03-25,New York,16.0,6.6,2.1,46,22.8
2024-03-25,Tokyo,24.1,15.2,4.8,43,38.8
2024-03-25,Sydney,21.2,12.5,3.6,47,23.9
2024-03-26,Mumbai,39.2,28.3,1.5,47,38.1
2024-03-26,London,13.8,9.8,0.1,78,18.7
2024-03-26,New York,14.6,9.2,3.9,50,25.6
2024-03-26,Tokyo,26.8,18.9,1.2,79,18.2
2024-03-26,Sydney,21.3,17.9,8.6,57,16.0
2024-03-27,Mumbai,37.3,29.7,8.1,82,0.0
2024-03-27,London,14.1,6.8,0.1,46,30.3
2024-03-27,New York,15.2,9.1,5.6,76,0.0
2024-03-27,Tokyo,22.9,16.1,6.8,42,19.3
2024-03-27,Sydney,18.3,13.7,1.6,47,25.6
2024-03-28,Mumbai,38.5,28.9,0.3,78,8.8
2024-03-28,London,12.2,8.9,2.0,51,16.4
2024-03-28,New York,17.4,6.5,1.9,70,19.3
2024-03-28,Tokyo,23.9,15.5,1.1,64,29.5
2024-03-28,Sydney,23.4,13.2,0.9,55,8.9
2024-03-29,Mumbai,38.4,23.6,11.2,86,38.6
2024-03-29,London,14.5,7.3,10.3,75,24.9
2024-03-29,New York,15.1,6.6,1.9,66,0.0
2024-03-29,Tokyo,26.7,16.6,25.2,69,13.4
2024-03-29,Sydney,20.9,13.6,1.5,56,10.9
2024-03-30,Mumbai,38.8,30.2,2.0,65,4.3
2024-03-30,London,14.4,6.3,0.3,41,0.0
2024-03-30,New York,16.3,6.1,1.9,69,21.2
2024-03-30,Tokyo,22.4,15.3,3.3,80,22.9
2024-03-30,Sydney,22.0,15.1,0.1,78,14.0
2024-03-31,Mumbai,38.1,32.2,3.9,44,13.0
2024-03-31,London,10.2,7.7,7.5,46,22.1
2024-03-31,New York,14.8,7.1,7.0,76,11.5
2024-03-31,Tokyo,26.2,13.3,7.3,86,40.7
2024-03-31,Sydney,21.8,11.0,2.6,59,33.3
2024-04-01,Mumbai,35.2,28.4,1.3,54,31.8
2024-04-01,London,17.2,10.1,0.6,56,25.6
2024-04-01,New York,22.8,15.8,3.6,77,23.7
2024-04-01,Tokyo,26.6,20.3,1.1,71,14.5
2024-04-01,Sydney,16.4,8.4,11.3,40,36.7
2024-04-02,Mumbai,39.0,31.1,0.4,79,14.7
2024-04-02,London,16.3,14.3,0.7,88,21.4
2024-04-02,New York,24.0,10.4,3.4,54,14.0
2024-04-02,Tokyo,28.9,19.9,2.2,67,45.8
2024-04-02,Sydney,20.1,8.5,0.4,62,0.7
2024-04-03,Mumbai,35.4,29.1,2.8,81,23.5
2024-04-03,London,18.9,10.4,1.3,57,28.0
2024-04-03,New York,21.1,12.4,2.7,85,32.1
2024-04-03,Tokyo,28.9,20.7,0.5,72,30.8
2024-04-03,Sydney,17.4,7.3,0.4,54,17.6
2024-04-04,Mumbai,38.3,30.4,1.0,82,29.8
2024-04-04,London,19.3,11.3,2.2,76,30.7
2024-04-04,New York,24.1,12.3,1.3,60,37.2
2024-04-04,Tokyo,29.9,21.0,0.1,82,5.8
2024-04-04,Sydney,19.9,5.8,2.5,62,32.3
2024-04-05,Mumbai,37.5,29.7,8.4,66,11.4
2024-04-05,London,17.4,12.5,0.1,63,19.9
2024-04-05,New York,21.2,12.0,3.7,68,29.2
2024-04-05,Tokyo,28.3,22.3,0.5,71,35.8
2024-04-05,Sydney,18.6,8.3,1.9,80,7.5
2024-04-06,Mumbai,37.1,25.5,0.7,72,24.1
2024-04-06,London,18.5,11.0,2.6,88,16.4
2024-04-06,New York,19.8,16.4,3.6,55,33.5
2024-04-06,Tokyo,29.3,20.1,1.2,47,7.4
2024-04-06,Sydney,16.3,9.7,2.6,54,19.1
2024-04-07,Mumbai,36.4,30.3,2.2,51,13.8
2024-04-07,London,16.9,10.9,0.9,84,13.1
2024-04-07,New York,20.4,13.3,0.0,65,26.1
2024-04-07,Tokyo,29.4,20.8,2.7,41,24.6
2024-04-07,Sydney,16.8,10.1,3.9,56,21.9
2024-04-08,Mumbai,38.5,26.6,1.0,59,21.6
2024-04-08,London,18.2,12.8,2.7,67,0.0
2024-04-08,New York,23.9,14.9,3.1,67,18.1
2024-04-08,Tokyo,29.2,21.5,9.5,46,16.2
2024-04-08,Sydney,14.3,10.1,3.1,66,24.1
2024-04-09,Mumbai,38.5,31.2,8.8,52,9.2
2024-04-09,London,18.2,11.3,2.1,71,4.1
2024-04-09,New York,21.1,15.6,1.0,86,37.3
2024-04-09,Tokyo,27.0,22.0,4.3,50,21.2
2024-04-09,Sydney,18.7,10.8,0.0,54,6.8
2024-04-10,Mumbai,35.1,30.2,8.0,74,22.5
2024-04-10,London,18.3,13.2,0.1,78,20.0
2024-04-10,New York,23.5,12.6,0.9,58,25.6
2024-04-10,Tokyo,31.9,19.4,0.4,68,18.9
2024-04-10,Sydney,19.2,8.5,9.0,75,12.6
2024-04-11,Mumbai,38.9,28.2,4.4,60,6.1
2024-04-11,London,16.2,13.4,10.2,89,15.0
2024-04-11,New York,20.7,14.2,8.7,42,19.9
2024-04-11,Tokyo,31.2,22.1,1.9,48,14.8
2024-04-11,Sydney,15.7,9.7,7.4,68,13.4
2024-04-12,Mumbai,35.2,27.3,1.1,74,19.3
2024-04-12,London,20.6,14.2,2.9,74,9.6
2024-04-12,New York,20.7,14.8,0.8,68,22.6
2024-04-12,Tokyo,30.4,20.4,1.9,73,30.5
2024-04-12,Sydney,19.3,9.4,0.1,53,31.1
2024-04-13,Mumbai,37.9,28.3,6.2,73,43.1
2024-04-13,London,20.3,11.3,0.8,71,29.3
2024-04-13,New York,21.5,14.2,1.1,89,0.0
2024-04-13,Tokyo,30.0,20.8,2.4,55,17.7
2024-04-13,Sydney,14.9,11.5,0.1,68,12.7
2024-04-14,Mumbai,38.1,26.7,2.9,71,8.4
2024-04-14,London,19.1,11.4,4.8,42,16.2
2024-04-14,New York,23.8,13.7,1.2,55,18.8
2024-04-14,Tokyo,29.8,21.4,0.2,69,20.1
2024-04-14,Sydney,18.2,10.3,3.4,61,33.0
2024-04-15,Mumbai,36.5,27.6,2.1,53,22.7
2024-04-15,London,19.4,11.1,7.6,60,31.6
2024-04-15,New York,18.9,12.0,1.6,84,16.6
2024-04-15,Tokyo,28.4,18.8,2.8,66,9.4
2024-04-15,Sydney,20.2,10.8,3.8,51,10.2
2024-04-16,Mumbai,38.0,29.7,3.2,76,37.4
2024-04-16,London,17.6,11.1,0.4,54,17.8
2024-04-16,New York,20.0,13.5,1.6,45,19.7
2024-04-16,Tokyo,26.8,21.1,2.8,71,15.8
2024-04-16,Sydney,16.8,9.2,2.1,70,38.9
2024-04-17,Mumbai,37.3,29.9,1.8,50,29.6
2024-04-17,London,18.5,10.5,4.9,85,26.7
2024-04-17,New York,21.5,14.2,0.1,61,12.8
2024-04-17,Tokyo,29.6,22.7,1.0,48,27.4
2024-04-17,Sydney,16.8,7.8,1.8,74,30.6
2024-04-18,Mumbai,34.8,28.4,0.1,49,25.7
2024-04-18,London,18.4,11.5,0.9,42,31.8
2024-04-18,New York,24.8,15.7,0.0,50,36.8
2024-04-18,Tokyo,28.0,21.2,1.6,43,13.9
2024-04-18,Sydney,16.1,9.6,1.3,84,3.0
2024-04-19,Mumbai,36.2,28.0,1.5,69,13.4
2024-04-19,London,20.6,9.6,6.8,68,10.8
2024-04-19,New York,23.0,18.6,0.4,48,25.4
2024-04-19,Tokyo,28.7,23.4,0.7,87,10.7
2024-04-19,Sydney,16.4,10.0,5.6,50,11.4
2024-04-20,Mumbai,36.2,29.2,0.3,76,26.9
2024-04-20,London,18.2,13.5,3.5,79,22.3
2024-04-20,New York,18.0,12.7,0.4,59,15.6
2024-04-20,Tokyo,29.3,20.2,1.8,71,26.6
2024-04-20,Sydney,17.5,8.8,4.0,49,33.4
2024-04-21,Mumbai,34.0,30.8,6.0,45,24.2
2024-04-21,London,17.8,10.8,5.3,68,22.0
2024-04-21,New York,22.2,12.3,0.5,85,8.7
2024-04-21,Tokyo,27.5,20.5,6.7,81,11.4
2024-04-21,Sydney,19.1,7.1,0.2,77,14.2
2024-04-22,Mumbai,37.0,28.7,1.0,85,27.0
2024-04-22,London,18.8,11.5,0.0,88,33.4
2024-04-22,New York,21.9,11.7,8.6,68,17.8
2024-04-22,Tokyo,30.2,20.6,0.1,60,20.7
2024-04-22,Sydney,16.7,9.5,1.1,67,16.9
2024-04-23,Mumbai,39.9,31.8,1.5,50,10.9
2024-04-23,London,19.6,12.8,5.9,73,24.0
2024-04-23,New York,20.9,14.0,3.2,87,12.8
2024-04-23,Tokyo,30.0,20.7,6.2,56,10.1
2024-04-23,Sydney,18.6,11.7,0.3,73,30.1
2024-04-24,Mumbai,37.7,31.2,3.4,41,16.4
2024-04-24,London,18.0,9.6,3.7,83,6.3
2024-04-24,New York,24.4,11.5,6.7,63,39.0
2024-04-24,Tokyo,29.1,19.9,16.5,84,14.9
2024-04-24,Sydney,15.0,12.3,2.4,51,29.1
2024-04-25,Mumbai,35.2,26.7,0.7,75,22.4
2024-04-25,London,16.1,12.2,2.6,52,6.0
2024-04-25,New York,22.1,12.6,3.1,88,28.0
2024-04-25,Tokyo,29.4,21.9,0.1,55,13.2
2024-04-25,Sydney,17.7,9.6,4.9,42,25.9
2024-04-26,Mumbai,40.0,26.7,2.4,56,0.0
2024-04-26,London,19.3,14.2,0.5,85,25.8
2024-04-26,New York,23.9,14.2,1.3,83,26.1
2024-04-26,Tokyo,28.2,21.8,1.7,45,21.1
2024-04-26,Sydney,17.8,9.7,4.9,85,26.2
2024-04-27,Mumbai,36.7,26.5,0.4,76,11.4
2024-04-27,London,17.8,11.2,3.0,55,7.6
2024-04-27,New York,19.5,13.3,3.1,48,18.9
2024-04-27,Tokyo,29.1,19.7,3.6,69,0.0
2024-04-27,Sydney,16.1,10.7,0.8,61,31.7
2024-04-28,Mumbai,38.3,28.1,6.9,64,16.1
2024-04-28,London,16.8,12.0,6.6,84,28.9
2024-04-28,New York,24.4,12.6,4.9,59,3.6
2024-04-28,Tokyo,28.6,18.2,3.0,53,25.0
2024-04-28,Sydney,20.7,9.3,0.5,62,39.0
2024-04-29,Mumbai,39.1,25.8,3.9,61,32.9
2024-04-29,London,17.3,10.8,11.9,62,24.7
2024-04-29,New York,21.1,14.1,0.5,68,1.0
2024-04-29,Tokyo,30.3,21.6,2.3,46,30.3
2024-04-29,Sydney,19.2,7.0,2.0,77,27.8
2024-04-30,Mumbai,37.7,30.4,0.5,61,20.5
2024-04-30,London,17.4,10.4,0.0,60,9.8
2024-04-30,New York,21.7,13.7,2.0,53,31.3
2024-04-30,Tokyo,29.5,19.7,0.6,88,15.5
2024-04-30,Sydney,17.8,9.2,0.3,71,25.4
2024-05-01,Mumbai,35.0,29.8,0.3,68,23.3
2024-05-01,London,23.3,18.1,0.9,50,23.0
2024-05-01,New York,26.6,19.0,0.0,60,22.8
2024-05-01,Tokyo,28.3,20.9,3.0,88,9.5
2024-05-01,Sydney,14.3,5.6,1.6,76,30.9
2024-05-02,Mumbai,33.6,25.1,9.8,71,13.6
2024-05-02,London,21.8,18.5,5.4,50,28.0
2024-05-02,New York,26.0,18.1,0.9,80,19.2
2024-05-02,Tokyo,29.5,24.3,7.0,73,14.6
2024-05-02,Sydney,13.7,5.2,0.6,85,14.2
2024-05-03,Mumbai,36.3,24.3,8.0,53,26.5
2024-05-03,London,24.3,15.1,1.0,46,20.6
2024-05-03,New York,26.4,17.3,5.6,45,11.8
2024-05-03,Tokyo,30.9,21.2,5.6,86,20.2
2024-05-03,Sydney,16.1,6.5,9.6,68,10.9
2024-05-04,Mumbai,36.5,26.1,3.1,70,30.0
2024-05-04,London,21.4,12.8,0.9,66,24.0
2024-05-04,New York,25.4,18.2,8.4,87,29.4
2024-05-04,Tokyo,29.0,20.5,0.9,84,24.9
2024-05-04,Sydney,14.5,8.9,2.7,86,23.1
2024-05-05,Mumbai,31.6,26.4,10.6,51,14.4
2024-05-05,London,21.3,16.4,1.3,70,18.3
2024-05-05,New York,27.7,18.8,4.2,75,16.3
2024-05-05,Tokyo,28.9,21.4,9.4,83,37.6
2024-05-05,Sydney,16.4,8.8,4.8,45,8.0
2024-05-06,Mumbai,34.2,26.9,2.4,72,10.1
2024-05-06,London,21.8,14.2,7.8,84,0.0
2024-05-06,New York,26.2,18.8,1.0,82,16.3
2024-05-06,Tokyo,30.2,22.6,7.5,44,11.6
2024-05-06,Sydney,14.5,8.9,6.3,87,0.0
2024-05-07,Mumbai,35.3,25.8,9.8,83,34.0
2024-05-07,London,21.0,14.4,3.1,78,17.6
2024-05-07,New York,28.5,16.8,0.5,69,23.6
2024-05-07,Tokyo,31.1,25.2,0.8,43,41.3
2024-05-07,Sydney,15.9,6.8,1.3,49,2.6
2024-05-08,Mumbai,35.7,26.1,1.3,66,14.6
2024-05-08,London,21.3,15.5,1.2,87,27.2
2024-05-08,New York,27.3,18.1,7.6,52,30.1
2024-05-08,Tokyo,31.6,24.1,10.2,41,19.0
2024-05-08,Sydney,15.4,4.9,1.1,47,34.6
2024-05-09,Mumbai,36.1,28.1,0.5,67,35.9
2024-05-09,London,22.0,12.9,10.0,43,12.3
2024-05-09,New York,24.4,19.0,5.7,55,40.3
2024-05-09,Tokyo,28.8,23.8,2.1,54,21.2
2024-05-09,Sydney,13.0,8.4,1.9,88,20.6
2024-05-10,Mumbai,38.7,28.0,1.8,72,18.3
2024-05-10,London,21.6,12.8,0.3,85,13.3
2024-05-10,New York,26.3,15.0,1.0,83,0.0
2024-05-10,Tokyo,30.1,21.9,5.6,79,36.1
2024-05-10,Sydney,13.8,7.7,3.0,45,15.8
2024-05-11,Mumbai,36.2,26.9,6.1,69,33.9
2024-05-11,London,21.6,15.8,11.5,68,32.6
2024-05-11,New York,27.7,19.1,5.1,54,18.2
2024-05-11,Tokyo,29.4,24.5,3.8,71,18.5
2024-05-11,Sydney,15.4,6.8,4.6,87,22.2
2024-05-12,Mumbai,37.1,27.3,0.7,86,7.9
2024-05-12,London,21.7,13.6,0.2,60,16.9
2024-05-12,New York,24.6,17.2,2.1,77,11.6
2024-05-12,Tokyo,30.2,21.7,11.7,74,27.9
2024-05-12,Sydney,17.7,10.0,2.4,44,11.3
2024-05-13,Mumbai,35.2,26.3,1.4,50,26.0
2024-05-13,London,22.6,15.5,5.9,80,45.3
2024-05-13,New York,24.7,19.7,7.1,79,6.6
2024-05-13,Tokyo,30.5,23.1,0.9,60,21.6
2024-05-13,Sydney,13.6,7.0,2.4,77,21.2
2024-05-14,Mumbai,35.1,26.3,1.7,85,12.2
2024-05-14,London,22.1,14.6,2.2,83,20.3
2024-05-14,New York,26.1,17.4,1.5,43,28.1
2024-05-14,Tokyo,30.7,22.1,4.0,61,32.5
2024-05-14,Sydney,13.2,10.7,0.1,74,45.8
2024-05-15,Mumbai,36.1,28.2,2.9,43,30.1
2024-05-15,London,23.5,16.1,3.5,84,26.9
2024-05-15,New York,25.1,21.4,0.8,41,31.3
2024-05-15,Tokyo,30.5,20.8,3.0,49,25.7
2024-05-15,Sydney,12.6,7.9,0.5,86,8.8
2024-05-16,Mumbai,35.4,28.1,3.2,60,10.6
2024-05-16,London,23.1,14.8,2.2,83,29.9
2024-05-16,New York,28.0,19.7,3.7,53,24.3
2024-05-16,Tokyo,29.7,21.8,0.8,70,11.5
2024-05-16,Sydney,15.8,6.4,3.5,55,14.4
2024-05-17,Mumbai,38.5,24.6,0.7,72,19.4
2024-05-17,London,20.2,14.6,2.7,74,8.8
2024-05-17,New York,25.9,18.0,6.3,71,17.8
2024-05-17,Tokyo,30.1,24.8,2.9,84,19.8
2024-05-17,Sydney,15.9,5.8,0.5,82,12.0
2024-05-18,Mumbai,39.7,26.0,0.9,63,34.3
2024-05-18,London,21.3,11.3,3.8,42,39.4
2024-05-18,New York,25.6,18.9,3.9,59,28.1
2024-05-18,Tokyo,31.6,23.5,3.8,72,15.4
2024-05-18,Sydney,14.1,7.7,0.0,78,37.4
2024-05-19,Mumbai,34.8,27.5,2.8,59,11.4
2024-05-19,London,21.2,15.8,0.3,88,14.0
2024-05-19,New York,25.8,19.7,5.3,84,3.6
2024-05-19,Tokyo,30.2,20.7,1.4,57,30.6
2024-05-19,Sydney,12.6,7.3,2.2,53,1.3
2024-05-20,Mumbai,35.6,27.2,3.0,71,16.1
2024-05-20,London,20.1,15.6,1.7,69,27.9
2024-05-20,New York,26.2,17.0,0.2,57,19.5
2024-05-20,Tokyo,29.8,20.1,7.9,70,9.3
2024-05-20,Sydney,15.9,5.1,9.2,41,25.5
2024-05-21,Mumbai,36.4,24.6,4.9,54,14.3
2024-05-21,London,23.2,16.2,3.8,44,35.7
2024-05-21,New York,25.2,18.4,6.1,71,26.1
2024-05-21,Tokyo,26.9,21.9,3.1,62,3.8
2024-05-21,Sydney,15.9,8.9,1.5,54,4.0
2024-05-22,Mumbai,36.6,24.7,0.0,41,21.9
2024-05-22,London,21.3,14.2,1.0,65,6.9
2024-05-22,New York,26.1,16.9,1.2,48,17.8
2024-05-22,Tokyo,29.1,23.7,3.6,70,15.2
2024-05-22,Sydney,15.0,8.0,1.4,42,13.9
2024-05-23,Mumbai,36.1,26.6,15.0,61,8.2
2024-05-23,London,22.7,15.2,0.7,54,23.2
2024-05-23,New York,25.0,19.0,15.1,87,12.0
2024-05-23,Tokyo,30.0,22.0,5.6,40,0.0
2024-05-23,Sydney,15.8,5.4,1.1,75,23.2
2024-05-24,Mumbai,39.6,26.2,3.2,51,12.8
2024-05-24,London,21.3,13.9,1.6,58,9.8
2024-05-24,New York,28.0,17.2,0.1,60,23.4
2024-05-24,Tokyo,30.2,22.2,1.7,84,31.3
2024-05-24,Sydney,17.7,7.2,1.9,76,0.0
2024-05-25,Mumbai,34.2,25.1,3.1,70,19.2
2024-05-25,London,21.7,15.0,1.6,51,23.3
2024-05-25,New York,25.6,18.2,4.1,59,10.8
2024-05-25,Tokyo,28.9,23.1,4.9,66,24.5
2024-05-25,Sydney,16.5,5.2,5.3,61,14.8
2024-05-26,Mumbai,36.3,27.3,1.5,88,16.7
2024-05-26,London,21.4,14.7,2.8,88,0.0
2024-05-26,New York,27.1,19.0,0.5,72,37.0
2024-05-26,Tokyo,28.7,22.1,3.3,55,7.4
2024-05-26,Sydney,18.0,6.2,0.8,67,0.0
2024-05-27,Mumbai,37.9,24.6,1.4,50,27.3
2024-05-27,London,22.4,15.1,1.2,47,12.1
2024-05-27,New York,27.0,18.8,3.0,47,17.5
2024-05-27,Tokyo,29.4,24.0,15.8,64,23.4
2024-05-27,Sydney,13.8,8.7,3.1,79,16.5
2024-05-28,Mumbai,32.8,25.1,0.2,54,30.7
2024-05-28,London,21.5,14.7,2.4,76,12.4
2024-05-28,New York,25.1,19.0,3.4,77,27.9
2024-05-28,Tokyo,28.2,22.0,1.1,84,25.7
2024-05-28,Sydney,13.5,6.6,0.4,80,10.6
2024-05-29,Mumbai,34.4,25.7,3.3,89,14.5
2024-05-29,London,24.1,12.0,0.1,78,12.4
2024-05-29,New York,24.8,21.4,1.2,70,21.1
2024-05-29,Tokyo,27.7,23.6,1.6,64,38.7
2024-05-29,Sydney,13.2,7.6,3.6,76,11.5
2024-05-30,Mumbai,35.4,28.9,2.6,71,19.8
2024-05-30,London,23.3,15.1,1.8,84,30.8
2024-05-30,New York,24.5,20.3,2.8,47,39.6
2024-05-30,Tokyo,30.6,20.8,1.3,88,22.0
2024-05-30,Sydney,17.5,7.3,2.1,56,20.0
2024-05-31,Mumbai,34.6,26.0,7.3,66,28.5
2024-05-31,London,23.7,13.7,2.2,60,11.5
2024-05-31,New York,24.7,19.1,2.3,48,35.6
2024-05-31,Tokyo,28.9,21.0,8.1,53,10.8
2024-05-31,Sydney,17.5,7.2,6.4,66,14.5
2024-06-01,Mumbai,32.2,23.9,3.4,89,27.5
2024-06-01,London,24.4,17.2,0.7,68,20.9
2024-06-01,New York,27.5,17.7,0.1,58,16.1
2024-06-01,Tokyo,26.7,20.3,8.3,45,23.1
2024-06-01,Sydney,11.0,7.8,2.1,51,28.1
2024-06-02,Mumbai,33.3,24.2,6.0,56,16.1
2024-06-02,London,23.4,17.1,8.0,75,32.6
2024-06-02,New York,27.3,15.4,6.0,66,30.5
2024-06-02,Tokyo,30.6,21.1,2.3,52,26.0
2024-06-02,Sydney,12.3,4.2,7.3,67,17.1
2024-06-03,Mumbai,35.9,26.7,2.0,81,19.2
2024-06-03,London,21.6,15.5,0.9,58,18.5
2024-06-03,New York,29.0,18.9,6.7,48,30.8
2024-06-03,Tokyo,27.4,20.7,1.4,45,27.9
2024-06-03,Sydney,15.4,4.6,12.5,65,33.8
2024-06-04,Mumbai,33.3,25.5,1.5,45,28.5
2024-06-04,London,22.8,18.0,0.9,58,6.7
2024-06-04,New York,27.9,20.0,0.5,48,14.8
2024-06-04,Tokyo,29.9,22.3,0.9,89,20.3
2024-06-04,Sydney,13.4,5.5,17.4,44,19.8
2024-06-05,Mumbai,32.0,22.8,2.5,76,35.5
2024-06-05,London,20.9,14.0,3.3,60,11.5
2024-06-05,New York,29.4,20.8,1.3,53,14.6
2024-06-05,Tokyo,25.5,20.2,0.6,80,25.9
2024-06-05,Sydney,14.2,6.3,0.3,54,8.9
2024-06-06,Mumbai,31.9,23.8,2.8,75,15.3
2024-06-06,London,21.1,14.8,1.5,44,28.3
2024-06-06,New York,29.5,20.9,6.5,84,29.2
2024-06-06,Tokyo,24.9,18.7,1.4,89,15.4
2024-06-06,Sydney,11.9,7.4,2.5,49,33.2
2024-06-07,Mumbai,32.9,22.2,4.0,48,33.2
2024-06-07,London,21.1,18.1,3.6,40,22.3
2024-06-07,New York,27.9,21.1,4.2,44,11.0
2024-06-07,Tokyo,27.2,18.2,7.0,86,17.8
2024-06-07,Sydney,15.1,6.4,3.0,83,34.3
2024-06-08,Mumbai,36.1,24.6,0.8,83,22.2
2024-06-08,London,20.6,16.9,0.5,88,31.6
2024-06-08,New York,29.7,20.0,3.3,66,25.3
2024-06-08,Tokyo,28.1,21.3,2.4,47,26.0
2024-06-08,Sydney,13.8,6.8,5.5,79,34.5
2024-06-09,Mumbai,33.1,25.2,1.0,57,19.7
2024-06-09,London,22.1,18.2,4.6,59,22.4
2024-06-09,New York,27.7,19.7,1.8,67,21.4
2024-06-09,Tokyo,27.5,20.7,2.4,88,7.6
2024-06-09,Sydney,14.2,5.9,3.6,72,34.7
2024-06-10,Mumbai,30.9,24.1,1.9,43,27.1
2024-06-10,London,21.7,14.1,1.0,62,11.6
2024-06-10,New York,27.5,21.3,1.0,54,16.9
2024-06-10,Tokyo,29.1,19.9,4.4,64,28.0
2024-06-10,Sydney,13.4,8.2,2.2,59,14.9
2024-06-11,Mumbai,33.7,24.3,0.7,41,29.1
2024-06-11,London,22.2,17.4,2.9,88,38.0
2024-06-11,New York,27.3,22.5,2.4,56,12.9
2024-06-11,Tokyo,29.6,22.2,1.4,46,41.0
2024-06-11,Sydney,12.5,5.7,2.0,51,22.1
2024-06-12,Mumbai,31.1,21.6,0.2,68,29.7
2024-06-12,London,23.6,15.3,5.5,69,24.9
2024-06-12,New York,26.6,22.4,0.3,54,31.2
2024-06-12,Tokyo,30.8,21.5,0.6,72,28.2
2024-06-12,Sydney,15.2,6.4,1.5,65,7.5
2024-06-13,Mumbai,34.0,20.5,0.8,61,35.3
2024-06-13,London,21.7,16.0,8.7,79,28.5
2024-06-13,New York,26.7,17.7,0.8,74,36.4
2024-06-13,Tokyo,31.3,21.7,0.7,80,21.8
2024-06-13,Sydney,12.2,6.2,0.1,40,19.6
2024-06-14,Mumbai,32.7,27.4,1.1,53,26.5
2024-06-14,London,21.4,16.8,5.6,58,7.8
2024-06-14,New York,27.3,21.5,0.6,45,30.5
2024-06-14,Tokyo,27.8,19.2,0.6,76,14.1
2024-06-14,Sydney,14.0,4.1,3.9,49,34.0
2024-06-15,Mumbai,32.0,24.4,2.5,79,16.9
2024-06-15,London,23.1,17.5,6.9,52,27.2
2024-06-15,New York,28.8,17.8,3.3,49,10.4
2024-06-15,Tokyo,26.8,23.8,3.4,66,24.1
2024-06-15,Sydney,13.2,4.3,8.2,71,21.4
2024-06-16,Mumbai,35.3,24.9,5.0,79,12.3
2024-06-16,London,22.6,18.4,4.0,62,15.9
2024-06-16,New York,27.7,21.6,1.4,76,30.6
2024-06-16,Tokyo,29.6,24.6,1.1,78,13.2
2024-06-16,Sydney,15.8,6.2,2.0,53,19.7
2024-06-17,Mumbai,31.9,22.7,1.1,52,8.3
2024-06-17,London,22.8,16.0,0.5,72,20.5
2024-06-17,New York,26.7,20.7,7.0,84,16.6
2024-06-17,Tokyo,29.2,18.3,6.0,75,24.4
2024-06-17,Sydney,16.7,3.1,4.3,70,7.1
2024-06-18,Mumbai,31.7,23.9,1.6,55,20.0
2024-06-18,London,22.5,17.6,1.7,44,20.3
2024-06-18,New York,29.7,18.7,5.5,82,10.9
2024-06-18,Tokyo,28.6,23.7,2.2,74,20.5
2024-06-18,Sydney,14.2,8.4,5.2,41,27.7
2024-06-19,Mumbai,34.3,23.6,2.6,48,13.7
2024-06-19,London,20.7,14.8,0.6,71,29.9
2024-06-19,New York,29.0,19.4,3.4,60,20.5
2024-06-19,Tokyo,27.3,20.1,0.0,73,18.2
2024-06-19,Sydney,13.4,6.3,4.1,66,18.4
2024-06-20,Mumbai,32.6,22.6,1.6,44,2.9
2024-06-20,London,23.3,15.0,3.0,41,11.7
2024-06-20,New York,28.8,19.1,2.5,66,15.6
2024-06-20,Tokyo,29.6,21.9,2.6,76,34.4
2024-06-20,Sydney,13.7,4.7,1.4,62,27.7
2024-06-21,Mumbai,31.7,23.9,5.3,56,23.8
2024-06-21,London,20.8,14.4,6.7,79,21.9
2024-06-21,New York,25.7,20.6,3.0,80,26.1
2024-06-21,Tokyo,27.9,19.5,2.4,76,5.0
2024-06-21,Sydney,12.7,7.4,6.2,48,21.3
2024-06-22,Mumbai,33.6,22.1,1.5,43,15.8
2024-06-22,London,22.9,14.6,3.5,66,15.7
2024-06-22,New York,30.7,18.9,4.8,68,0.9
2024-06-22,Tokyo,30.6,20.6,10.7,69,32.5
2024-06-22,Sydney,10.0,6.3,3.9,84,24.4
2024-06-23,Mumbai,35.0,23.7,5.3,49,45.0
2024-06-23,London,22.0,18.6,1.7,68,13.8
2024-06-23,New York,28.7,19.6,2.1,50,13.6
2024-06-23,Tokyo,29.1,19.3,6.2,59,19.5
2024-06-23,Sydney,12.1,5.6,0.3,75,18.5
2024-06-24,Mumbai,31.8,25.3,0.1,53,20.4
2024-06-24,London,24.3,14.8,9.4,84,15.8
2024-06-24,New York,29.1,20.3,1.4,72,30.9
2024-06-24,Tokyo,30.1,20.7,0.9,85,25.0
2024-06-24,Sydney,12.7,5.3,5.4,58,28.2
2024-06-25,Mumbai,35.9,26.7,9.1,70,26.0
2024-06-25,London,22.4,17.4,1.3,89,19.9
2024-06-25,New York,28.7,18.9,1.8,73,19.4
2024-06-25,Tokyo,26.9,19.5,0.9,57,28.5
2024-06-25,Sydney,15.0,8.8,2.1,42,10.0
2024-06-26,Mumbai,31.9,25.9,0.9,80,26.2
2024-06-26,London,23.3,17.9,2.1,59,15.9
2024-06-26,New York,27.0,19.0,3.5,86,38.1
2024-06-26,Tokyo,28.5,18.3,1.1,45,5.0
2024-06-26,Sydney,14.2,7.9,1.8,86,36.9
2024-06-27,Mumbai,37.1,21.5,3.0,71,15.1
2024-06-27,London,23.0,14.9,0.0,54,32.7
2024-06-27,New York,27.6,19.3,0.3,62,21.5
2024-06-27,Tokyo,27.8,18.9,0.6,41,14.3
2024-06-27,Sydney,15.5,6.9,2.1,48,39.8
2024-06-28,Mumbai,31.7,25.6,1.1,76,24.5
2024-06-28,London,22.9,15.8,2.8,70,0.8
2024-06-28,New York,29.7,19.5,0.9,55,8.7
2024-06-28,Tokyo,29.1,21.4,0.3,82,6.9
2024-06-28,Sydney,13.1,3.0,2.0,67,29.7
2024-06-29,Mumbai,32.6,24.4,0.0,80,16.6
2024-06-29,London,23.5,12.2,1.5,86,25.2
2024-06-29,New York,29.9,20.0,6.7,89,27.3
2024-06-29,Tokyo,29.1,21.5,1.9,48,24.6
2024-06-29,Sydney,12.7,7.8,0.3,64,15.3
2024-06-30,Mumbai,32.5,26.4,1.4,87,17.0
2024-06-30,London,23.3,14.4,1.5,87,14.6
2024-06-30,New York,27.3,18.7,2.0,74,28.6
2024-06-30,Tokyo,27.9,20.3,6.3,51,0.2
2024-06-30,Sydney,15.4,7.3,0.9,77,24.5
2024-07-01,Mumbai,30.5,21.1,0.1,67,20.1
2024-07-01,London,21.3,14.1,0.9,66,33.2
2024-07-01,New York,28.4,19.3,0.2,51,16.3
2024-07-01,Tokyo,24.0,15.4,1.1,65,30.3
2024-07-01,Sydney,14.5,8.6,1.5,47,21.6
2024-07-02,Mumbai,29.5,20.9,6.4,71,32.1
2024-07-02,London,25.2,14.5,2.4,81,1.5
2024-07-02,New York,25.9,17.3,1.2,76,19.2
2024-07-02,Tokyo,25.3,17.3,5.1,47,34.6
2024-07-02,Sydney,14.4,7.0,7.0,79,31.0
2024-07-03,Mumbai,27.9,21.4,3.2,67,0.0
2024-07-03,London,22.6,15.9,4.0,48,16.3
2024-07-03,New York,25.9,19.8,2.4,44,3.2
2024-07-03,Tokyo,22.7,17.3,0.1,79,43.7
2024-07-03,Sydney,14.5,7.7,1.4,64,33.7
2024-07-04,Mumbai,27.1,23.1,4.1,42,25.7
2024-07-04,London,22.9,15.0,2.1,65,25.8
2024-07-04,New York,26.5,15.8,4.1,83,3.0
2024-07-04,Tokyo,24.0,15.0,6.8,81,28.2
2024-07-04,Sydney,15.9,5.4,1.2,70,30.2
2024-07-05,Mumbai,28.7,21.2,1.0,60,11.6
2024-07-05,London,21.3,17.1,11.1,42,9.4
2024-07-05,New York,25.5,17.9,2.3,61,19.0
2024-07-05,Tokyo,23.5,13.4,1.9,43,20.3
2024-07-05,Sydney,14.7,5.0,0.2,79,17.2
2024-07-06,Mumbai,29.7,19.0,5.6,73,25.1
2024-07-06,London,21.7,15.3,5.6,57,0.9
2024-07-06,New York,28.9,19.1,3.0,77,19.6
2024-07-06,Tokyo,24.9,16.1,0.2,75,13.7
2024-07-06,Sydney,15.3,7.3,4.4,66,6.0
2024-07-07,Mumbai,28.4,24.9,2.9,54,16.3
2024-07-07,London,22.8,15.2,4.5,68,19.0
2024-07-07,New York,26.3,18.7,0.3,76,19.9
2024-07-07,Tokyo,21.8,19.3,4.6,77,37.1
2024-07-07,Sydney,15.6,8.9,7.7,78,22.7
2024-07-08,Mumbai,29.7,24.2,1.5,45,15.6
2024-07-08,London,22.2,15.4,1.0,79,13.9
2024-07-08,New York,26.6,21.9,0.4,52,35.5
2024-07-08,Tokyo,25.4,18.5,1.3,57,26.4
2024-07-08,Sydney,14.5,6.4,3.9,60,13.5
2024-07-09,Mumbai,29.1,22.8,3.3,45,21.4
2024-07-09,London,24.5,13.0,1.4,52,10.1
2024-07-09,New York,25.1,18.8,12.6,85,21.5
2024-07-09,Tokyo,26.6,13.8,1.9,81,33.5
2024-07-09,Sydney,15.7,6.5,1.4,58,32.4
2024-07-10,Mumbai,30.2,19.0,9.0,56,29.6
2024-07-10,London,19.8,16.2,2.8,80,22.2
2024-07-10,New York,31.2,18.0,0.8,80,2.2
2024-07-10,Tokyo,25.1,15.9,2.9,50,37.4
2024-07-10,Sydney,15.9,6.1,0.4,47,36.2
2024-07-11,Mumbai,29.8,19.0,0.7,60,27.8
2024-07-11,London,21.2,14.6,0.6,48,17.8
2024-07-11,New York,27.8,16.0,3.1,73,17.3
2024-07-11,Tokyo,26.9,16.7,8.4,44,37.3
2024-07-11,Sydney,13.5,9.2,7.7,73,16.2
2024-07-12,Mumbai,29.9,22.8,4.8,71,25.9
2024-07-12,London,23.2,11.1,2.4,42,2.3
2024-07-12,New York,29.4,18.5,3.7,50,40.5
2024-07-12,Tokyo,27.3,16.0,0.5,85,25.0
2024-07-12,Sydney,15.7,8.1,1.5,48,28.9
2024-07-13,Mumbai,30.8,21.5,2.1,69,39.5
2024-07-13,London,21.6,12.0,1.0,81,27.1
2024-07-13,New York,28.6,18.1,0.6,74,28.2
2024-07-13,Tokyo,22.4,15.2,6.4,70,24.5
2024-07-13,Sydney,12.9,8.5,2.7,58,25.5
2024-07-14,Mumbai,30.2,22.8,8.1,89,16.7
2024-07-14,London,22.1,14.5,3.2,82,10.1
2024-07-14,New York,24.7,17.5,3.2,62,20.7
2024-07-14,Tokyo,24.9,16.8,5.8,85,6.7
2024-07-14,Sydney,13.5,5.9,5.2,50,30.9
2024-07-15,Mumbai,30.3,20.5,1.0,60,25.4
2024-07-15,London,22.3,14.5,1.6,81,14.8
2024-07-15,New York,25.9,18.0,0.1,68,8.1
2024-07-15,Tokyo,24.6,16.2,9.3,78,5.3
2024-07-15,Sydney,12.2,5.1,4.7,67,27.1
2024-07-16,Mumbai,31.2,21.1,9.0,58,37.3
2024-07-16,London,22.6,14.8,0.8,66,15.5
2024-07-16,New York,24.9,18.5,1.0,63,8.6
2024-07-16,Tokyo,22.4,17.1,1.1,45,31.6
2024-07-16,Sydney,14.1,7.2,2.5,56,37.8
2024-07-17,Mumbai,31.6,19.5,1.5,56,13.4
2024-07-17,London,20.3,13.3,1.9,87,38.0
2024-07-17,New York,25.4,18.2,0.3,50,16.8
2024-07-17,Tokyo,25.8,15.6,1.5,67,11.8
2024-07-17,Sydney,13.1,5.4,1.7,78,0.0
2024-07-18,Mumbai,31.0,21.3,1.1,72,21.2
2024-07-18,London,24.7,14.4,0.4,54,15.8
2024-07-18,New York,26.6,18.0,1.6,44,22.2
2024-07-18,Tokyo,23.0,15.5,1.8,68,14.8
2024-07-18,Sydney,12.4,6.1,3.5,42,20.0
2024-07-19,Mumbai,31.0,18.7,0.1,83,6.0
2024-07-19,London,19.0,13.4,0.2,64,28.5
2024-07-19,New York,26.6,17.5,3.7,78,25.5
2024-07-19,Tokyo,23.6,16.4,1.1,62,15.7
2024-07-19,Sydney,14.3,8.1,0.0,86,27.2
2024-07-20,Mumbai,29.6,19.9,6.6,46,19.9
2024-07-20,London,22.0,13.6,4.7,71,27.1
2024-07-20,New York,24.8,17.5,2.3,42,23.9
2024-07-20,Tokyo,24.6,17.5,1.2,83,10.6
2024-07-20,Sydney,14.9,5.6,2.3,45,43.3
2024-07-21,Mumbai,30.6,20.9,1.4,42,19.5
2024-07-21,London,21.8,13.8,1.0,72,30.2
2024-07-21,New York,24.8,19.9,1.8,51,13.7
2024-07-21,Tokyo,24.3,15.4,2.0,72,47.2
2024-07-21,Sydney,13.1,7.4,5.2,59,21.6
2024-07-22,Mumbai,32.2,23.2,1.9,79,0.0
2024-07-22,London,20.4,16.4,0.4,58,12.8
2024-07-22,New York,28.2,19.4,5.0,71,25.4
2024-07-22,Tokyo,25.0,14.5,2.4,88,15.1
2024-07-22,Sydney,18.1,7.3,3.1,69,14.3
2024-07-23,Mumbai,29.3,22.2,6.3,57,13.3
2024-07-23,London,22.1,15.7,1.8,84,7.3
2024-07-23,New York,29.7,18.6,2.0,88,22.8
2024-07-23,Tokyo,24.8,16.9,0.7,69,23.3
2024-07-23,Sydney,14.5,7.8,5.7,69,15.5
2024-07-24,Mumbai,28.8,22.9,1.4,59,9.0
2024-07-24,London,20.3,12.9,1.7,88,16.5
2024-07-24,New York,28.1,18.1,0.7,64,18.3
2024-07-24,Tokyo,26.4,13.2,4.0,64,13.2
2024-07-24,Sydney,15.0,6.3,3.0,84,18.7
2024-07-25,Mumbai,29.7,22.3,1.2,63,11.8
2024-07-25,London,19.7,17.5,2.3,63,14.4
2024-07-25,New York,25.0,20.0,1.9,56,26.5
2024-07-25,Tokyo,26.6,15.8,4.2,65,22.4
2024-07-25,Sydney,16.3,5.3,0.6,50,34.6
2024-07-26,Mumbai,28.1,20.8,0.1,48,19.2
2024-07-26,London,20.3,16.1,4.1,52,23.6
2024-07-26,New York,25.9,15.3,0.4,54,17.6
2024-07-26,Tokyo,22.3,17.5,0.1,67,9.5
2024-07-26,Sydney,16.1,6.8,1.9,51,23.2
2024-07-27,Mumbai,29.7,19.0,0.0,53,18.9
2024-07-27,London,21.4,14.1,8.6,42,1.3
2024-07-27,New York,24.0,19.9,0.7,57,14.0
2024-07-27,Tokyo,25.1,18.8,1.2,55,12.6
2024-07-27,Sydney,16.3,4.5,0.4,77,31.9
2024-07-28,Mumbai,28.9,20.9,0.2,66,24.9
2024-07-28,London,20.7,15.0,9.7,85,17.0
2024-07-28,New York,26.9,15.9,13.0,40,35.7
2024-07-28,Tokyo,22.7,18.0,3.1,66,20.9
2024-07-28,Sydney,14.4,7.2,0.8,46,10.3
2024-07-29,Mumbai,30.5,21.6,4.2,83,37.9
2024-07-29,London,21.4,14.0,1.5,69,5.7
2024-07-29,New York,24.8,18.5,6.7,69,24.7
2024-07-29,Tokyo,25.2,17.9,7.8,50,0.0
2024-07-29,Sydney,13.4,7.9,0.4,83,11.5
2024-07-30,Mumbai,32.4,19.8,4.0,85,13.7
2024-07-30,London,22.9,16.0,1.6,87,26.5
2024-07-30,New York,28.8,19.0,0.9,68,33.1
2024-07-30,Tokyo,24.5,15.4,0.2,88,9.0
2024-07-30,Sydney,15.1,5.3,2.6,41,23.2
2024-07-31,Mumbai,33.2,24.1,0.2,89,4.8
2024-07-31,London,22.1,15.1,0.8,43,27.5
2024-07-31,New York,29.5,20.4,1.7,62,15.5
2024-07-31,Tokyo,25.6,14.9,5.8,89,9.8
2024-07-31,Sydney,13.6,5.9,1.0,47,17.2
2024-08-01,Mumbai,28.0,23.1,1.4,50,26.2
2024-08-01,London,18.3,12.7,6.4,87,16.5
2024-08-01,New York,18.5,13.2,4.0,86,9.9
2024-08-01,Tokyo,18.3,12.8,19.2,84,16.5
2024-08-01,Sydney,15.5,9.0,0.5,80,37.6
2024-08-02,Mumbai,28.1,20.2,3.4,87,9.4
2024-08-02,London,17.7,12.4,0.4,58,12.3
2024-08-02,New York,22.6,17.6,2.0,79,21.0
2024-08-02,Tokyo,21.1,12.9,6.9,60,22.9
2024-08-02,Sydney,16.5,9.5,3.2,86,8.8
2024-08-03,Mumbai,31.3,17.6,0.2,53,30.2
2024-08-03,London,17.5,10.2,0.0,57,17.8
2024-08-03,New York,20.8,14.2,1.2,62,22.9
2024-08-03,Tokyo,19.6,11.3,3.4,84,23.1
2024-08-03,Sydney,18.8,9.5,8.4,82,24.3
2024-08-04,Mumbai,27.0,20.1,3.5,47,33.4
2024-08-04,London,19.6,12.4,0.4,76,4.5
2024-08-04,New York,19.6,12.5,3.8,69,32.8
2024-08-04,Tokyo,18.6,12.5,5.9,57,20.5
2024-08-04,Sydney,16.9,10.3,0.6,51,11.2
2024-08-05,Mumbai,31.6,18.4,1.2,69,16.2
2024-08-05,London,18.3,10.7,4.0,58,30.8
2024-08-05,New York,22.6,15.3,0.4,53,34.3
2024-08-05,Tokyo,22.0,10.7,0.6,83,28.4
2024-08-05,Sydney,17.6,11.1,1.1,70,13.0
2024-08-06,Mumbai,27.7,17.1,2.6,80,20.7
2024-08-06,London,18.9,10.1,2.2,42,17.8
2024-08-06,New York,20.1,17.9,4.7,86,39.0
2024-08-06,Tokyo,21.1,11.7,15.5,67,23.0
2024-08-06,Sydney,16.6,11.4,1.3,84,42.7
2024-08-07,Mumbai,28.4,20.1,4.1,51,34.3
2024-08-07,London,17.4,11.5,2.4,54,22.1
2024-08-07,New York,22.3,15.4,0.9,67,21.0
2024-08-07,Tokyo,19.2,12.6,3.0,80,4.3
2024-08-07,Sydney,16.4,8.2,1.1,58,29.5
2024-08-08,Mumbai,28.8,20.6,3.0,57,19.2
2024-08-08,London,15.6,10.7,0.1,51,15.8
2024-08-08,New York,20.9,15.9,1.9,62,2.7
2024-08-08,Tokyo,16.5,9.3,3.6,52,7.1
2024-08-08,Sydney,20.5,8.3,2.1,47,12.0
2024-08-09,Mumbai,29.3,18.9,3.9,51,18.0
2024-08-09,London,18.6,9.5,2.6,55,18.2
2024-08-09,New York,22.4,13.9,4.7,72,23.6
2024-08-09,Tokyo,18.7,10.1,1.8,88,35.7
2024-08-09,Sydney,17.6,9.1,1.2,51,15.0
2024-08-10,Mumbai,26.9,18.6,0.3,76,23.1
2024-08-10,London,16.4,13.4,0.9,76,28.9
2024-08-10,New York,21.4,11.3,1.5,69,19.1
2024-08-10,Tokyo,20.2,10.9,4.0,56,11.6
2024-08-10,Sydney,18.8,9.4,0.1,48,15.7
2024-08-11,Mumbai,27.1,19.5,3.5,86,8.8
2024-08-11,London,16.5,15.0,1.5,73,2.1
2024-08-11,New York,20.5,13.0,5.2,42,10.7
2024-08-11,Tokyo,17.6,11.3,3.7,50,22.0
2024-08-11,Sydney,17.4,8.8,3.7,88,30.0
2024-08-12,Mumbai,25.7,20.9,0.3,76,25.0
2024-08-12,London,18.5,12.7,2.9,76,30.2
2024-08-12,New York,20.9,15.1,2.2,84,8.9
2024-08-12,Tokyo,19.4,12.1,3.8,84,15.4
2024-08-12,Sydney,15.5,10.5,1.3,48,26.4
2024-08-13,Mumbai,26.7,19.4,5.2,87,4.6
2024-08-13,London,19.2,14.0,2.9,47,0.0
2024-08-13,New York,21.7,13.5,5.4,54,17.1
2024-08-13,Tokyo,20.1,13.5,0.1,65,45.7
2024-08-13,Sydney,16.6,7.1,1.3,50,28.3
2024-08-14,Mumbai,28.7,20.0,0.4,48,10.8
2024-08-14,London,20.1,11.0,0.7,71,29.8
2024-08-14,New York,24.6,12.4,2.5,64,9.9
2024-08-14,Tokyo,16.8,10.9,2.9,53,17.5
2024-08-14,Sydney,18.9,8.4,0.3,53,13.8
2024-08-15,Mumbai,27.8,20.0,0.9,83,17.7
2024-08-15,London,19.6,9.5,2.0,50,13.9
2024-08-15,New York,26.1,12.4,2.9,89,4.3
2024-08-15,Tokyo,19.7,10.0,2.7,75,0.0
2024-08-15,Sydney,16.8,9.0,6.6,54,20.3
2024-08-16,Mumbai,28.7,21.6,4.7,52,9.8
2024-08-16,London,20.9,13.0,0.8,51,0.0
2024-08-16,New York,22.0,14.5,1.5,76,27.1
2024-08-16,Tokyo,19.9,12.2,1.4,49,16.6
2024-08-16,Sydney,17.1,11.6,5.1,81,15.1
2024-08-17,Mumbai,28.9,17.2,1.2,61,20.9
2024-08-17,London,19.8,12.1,3.5,53,17.1
2024-08-17,New York,24.2,12.0,6.8,61,18.3
2024-08-17,Tokyo,21.5,11.0,1.7,56,10.8
2024-08-17,Sydney,17.9,7.6,5.0,68,10.5
2024-08-18,Mumbai,31.8,22.0,0.0,48,29.8
2024-08-18,London,18.1,12.8,0.8,64,17.4
2024-08-18,New York,20.6,15.3,3.2,70,7.5
2024-08-18,Tokyo,18.1,13.0,7.0,49,13.0
2024-08-18,Sydney,18.9,5.9,5.2,53,28.2
2024-08-19,Mumbai,28.7,20.1,2.4,76,14.7
2024-08-19,London,17.5,14.7,1.0,41,10.7
2024-08-19,New York,21.7,13.0,3.4,85,23.6
2024-08-19,Tokyo,17.7,10.0,1.2,68,35.7
2024-08-19,Sydney,17.9,9.6,1.4,85,17.5
2024-08-20,Mumbai,30.4,17.3,5.9,79,18.1
2024-08-20,London,18.4,9.5,3.8,81,37.5
2024-08-20,New York,21.6,15.4,0.7,69,21.3
2024-08-20,Tokyo,19.6,11.5,1.1,41,20.9
2024-08-20,Sydney,16.4,5.9,1.9,60,33.2
2024-08-21,Mumbai,29.7,17.6,0.7,57,14.1
2024-08-21,London,19.6,12.4,1.9,58,25.7
2024-08-21,New York,24.3,13.9,0.1,55,9.1
2024-08-21,Tokyo,18.2,13.1,3.1,56,33.6
2024-08-21,Sydney,15.5,8.4,4.5,89,34.8
2024-08-22,Mumbai,29.6,19.4,3.5,64,0.0
2024-08-22,London,20.2,12.0,0.5,71,6.3
2024-08-22,New York,22.7,14.5,1.9,85,15.4
2024-08-22,Tokyo,19.1,14.1,2.8,80,29.6
2024-08-22,Sydney,15.6,10.6,0.3,59,33.1
2024-08-23,Mumbai,28.6,20.0,1.4,56,31.1
2024-08-23,London,18.6,12.9,0.2,50,31.7
2024-08-23,New York,21.2,11.8,0.7,50,0.0
2024-08-23,Tokyo,20.2,7.4,1.8,87,11.9
2024-08-23,Sydney,16.6,7.8,1.5,79,16.1
2024-08-24,Mumbai,28.7,19.6,0.1,70,16.6
2024-08-24,London,18.5,12.0,1.9,57,16.5
2024-08-24,New York,20.4,15.9,4.1,59,39.7
2024-08-24,Tokyo,18.1,10.0,1.1,44,6.5
2024-08-24,Sydney,17.5,9.1,4.9,62,15.5
2024-08-25,Mumbai,28.0,17.7,0.6,44,16.7
2024-08-25,London,18.1,12.7,4.0,75,11.9
2024-08-25,New York,23.0,14.4,3.0,70,23.6
2024-08-25,Tokyo,20.2,7.5,1.9,61,10.0
2024-08-25,Sydney,15.7,6.9,0.1,60,7.5
2024-08-26,Mumbai,30.0,20.8,3.6,45,1.6
2024-08-26,London,17.9,10.7,6.1,80,24.3
2024-08-26,New York,20.5,15.5,2.9,59,12.8
2024-08-26,Tokyo,19.1,13.6,0.7,64,19.5
2024-08-26,Sydney,16.4,9.9,0.7,53,24.0
2024-08-27,Mumbai,27.3,20.7,8.6,77,7.5
2024-08-27,London,17.8,11.5,4.3,84,24.6
2024-08-27,New York,22.0,13.3,0.4,88,15.5
2024-08-27,Tokyo,18.9,11.1,1.5,74,21.4
2024-08-27,Sydney,19.1,9.3,4.5,69,18.7
2024-08-28,Mumbai,30.7,20.5,2.1,76,17.1
2024-08-28,London,18.1,8.8,6.8,58,16.5
2024-08-28,New York,21.8,12.5,0.6,44,23.9
2024-08-28,Tokyo,17.6,10.1,0.6,60,15.6
2024-08-28,Sydney,16.6,8.2,6.0,65,38.2
2024-08-29,Mumbai,27.9,21.8,2.8,43,19.0
2024-08-29,London,20.0,12.1,3.7,71,35.5
2024-08-29,New York,19.1,15.7,0.8,57,35.2
2024-08-29,Tokyo,19.0,10.9,3.4,80,25.2
2024-08-29,Sydney,15.6,6.6,1.7,54,37.4
2024-08-30,Mumbai,32.0,21.1,3.1,67,26.1
2024-08-30,London,18.3,12.4,0.6,40,29.6
2024-08-30,New York,21.7,12.8,9.6,45,20.5
2024-08-30,Tokyo,18.5,11.9,7.4,83,25.5
2024-08-30,Sydney,17.7,7.3,3.6,82,12.2
2024-08-31,Mumbai,30.0,19.6,0.5,52,29.8
2024-08-31,London,20.3,12.2,1.6,42,23.0
2024-08-31,New York,23.5,12.6,1.3,70,28.6
2024-08-31,Tokyo,18.5,10.2,2.7,84,31.1
2024-08-31,Sydney,16.3,8.3,2.1,51,28.9
2024-09-01,Mumbai,30.3,19.8,0.5,42,29.6
2024-09-01,London,12.7,8.1,0.7,40,33.0
2024-09-01,New York,17.9,7.4,1.7,56,9.7
2024-09-01,Tokyo,14.3,8.5,1.0,82,12.7
2024-09-01,Sydney,20.3,13.8,3.2,53,18.2
2024-09-02,Mumbai,30.4,18.6,6.7,80,30.2
2024-09-02,London,14.9,8.2,3.0,82,5.3
2024-09-02,New York,13.0,11.2,3.9,57,17.1
2024-09-02,Tokyo,14.0,6.2,1.8,59,5.8
2024-09-02,Sydney,21.7,12.9,0.1,71,10.9
2024-09-03,Mumbai,25.9,21.0,10.5,79,20.3
2024-09-03,London,15.0,8.7,5.2,79,1.7
2024-09-03,New York,14.5,10.1,6.1,87,19.1
2024-09-03,Tokyo,12.2,6.6,4.4,68,12.0
2024-09-03,Sydney,20.1,12.5,2.7,51,6.2
2024-09-04,Mumbai,27.7,16.6,2.0,89,30.7
2024-09-04,London,13.8,8.8,4.1,58,10.9
2024-09-04,New York,16.9,8.6,3.7,80,16.4
2024-09-04,Tokyo,13.3,4.9,1.0,66,36.8
2024-09-04,Sydney,21.4,14.6,3.8,59,10.4
2024-09-05,Mumbai,29.2,18.8,0.4,45,5.6
2024-09-05,London,14.0,8.8,0.7,61,31.4
2024-09-05,New York,14.6,5.9,2.7,65,30.1
2024-09-05,Tokyo,13.0,8.2,3.5,70,25.1
2024-09-05,Sydney,19.8,14.1,0.3,44,29.7
2024-09-06,Mumbai,27.6,19.5,2.3,66,2.7
2024-09-06,London,13.7,7.4,2.2,47,18.5
2024-09-06,New York,13.5,6.9,2.0,63,9.2
2024-09-06,Tokyo,11.7,2.4,1.4,55,9.3
2024-09-06,Sydney,19.4,10.4,1.2,48,14.1
2024-09-07,Mumbai,27.9,20.9,0.7,61,6.3
2024-09-07,London,14.8,6.8,4.3,89,20.0
2024-09-07,New York,16.0,8.0,2.0,50,19.2
2024-09-07,Tokyo,14.9,5.7,4.8,72,1.4
2024-09-07,Sydney,21.9,14.8,0.0,59,8.7
2024-09-08,Mumbai,26.3,21.9,0.1,76,23.7
2024-09-08,London,15.2,7.7,0.1,41,28.9
2024-09-08,New York,13.9,3.8,0.3,47,19.8
2024-09-08,Tokyo,15.8,6.9,1.7,76,33.8
2024-09-08,Sydney,20.5,11.4,0.6,69,12.5
2024-09-09,Mumbai,28.5,19.4,2.3,63,27.5
2024-09-09,London,13.9,10.8,2.7,88,5.4
2024-09-09,New York,17.7,7.7,1.9,55,26.7
2024-09-09,Tokyo,13.9,4.2,0.3,66,22.9
2024-09-09,Sydney,21.1,14.2,0.6,58,11.5
2024-09-10,Mumbai,27.0,17.3,5.0,63,25.4
2024-09-10,London,14.2,6.2,0.5,73,23.7
2024-09-10,New York,19.1,9.1,7.1,48,22.4
2024-09-10,Tokyo,14.9,6.1,3.1,69,5.3
2024-09-10,Sydney,19.4,11.6,0.2,49,27.6
2024-09-11,Mumbai,30.3,18.2,0.3,68,7.8
2024-09-11,London,14.2,7.8,0.1,63,14.3
2024-09-11,New York,15.5,7.6,7.9,62,23.2
2024-09-11,Tokyo,12.5,4.9,1.9,71,12.1
2024-09-11,Sydney,21.3,13.8,1.2,69,0.0
2024-09-12,Mumbai,29.8,20.7,4.5,77,27.1
2024-09-12,London,12.5,7.0,0.8,86,33.6
2024-09-12,New York,16.6,8.5,1.0,77,3.5
2024-09-12,Tokyo,14.8,5.7,2.1,57,24.2
2024-09-12,Sydney,21.7,13.2,6.4,45,25.7
2024-09-13,Mumbai,29.2,20.6,0.6,70,7.3
2024-09-13,London,18.3,5.5,2.8,45,26.7
2024-09-13,New York,16.8,8.4,3.2,73,27.9
2024-09-13,Tokyo,12.9,4.6,4.1,83,17.9
2024-09-13,Sydney,19.7,10.1,9.3,88,9.9
2024-09-14,Mumbai,29.1,19.0,0.4,52,2.6
2024-09-14,London,14.0,8.3,1.8,89,16.5
2024-09-14,New York,15.5,7.2,2.6,52,19.8
2024-09-14,Tokyo,13.2,8.3,2.2,47,18.4
2024-09-14,Sydney,21.0,13.4,0.0,82,24.7
2024-09-15,Mumbai,26.7,17.2,5.3,86,13.6
2024-09-15,London,14.3,8.3,4.1,66,36.3
2024-09-15,New York,18.0,9.6,1.5,70,8.2
2024-09-15,Tokyo,12.8,6.0,6.2,53,23.4
2024-09-15,Sydney,20.5,12.9,5.2,61,15.1
2024-09-16,Mumbai,26.3,18.9,1.6,45,11.9
2024-09-16,London,16.6,5.5,2.2,79,27.2
2024-09-16,New York,17.4,8.6,4.6,46,0.0
2024-09-16,Tokyo,16.7,6.7,2.5,72,17.1
2024-09-16,Sydney,21.1,13.7,0.3,51,21.4
2024-09-17,Mumbai,26.3,17.3,1.1,63,10.8
2024-09-17,London,15.4,5.5,1.4,72,20.8
2024-09-17,New York,15.1,7.0,0.6,72,18.5
2024-09-17,Tokyo,13.5,5.5,10.7,48,16.6
2024-09-17,Sydney,17.2,12.6,2.2,63,15.1
2024-09-18,Mumbai,27.2,20.8,1.1,58,10.0
2024-09-18,London,13.4,7.3,4.5,57,15.1
2024-09-18,New York,17.7,8.8,1.0,86,39.3
2024-09-18,Tokyo,13.5,5.3,3.8,77,30.2
2024-09-18,Sydney,21.9,13.8,0.1,63,17.5
2024-09-19,Mumbai,25.5,20.2,1.0,50,5.7
2024-09-19,London,11.1,3.0,0.2,50,39.7
2024-09-19,New York,16.0,6.2,0.7,52,33.6
2024-09-19,Tokyo,11.6,6.4,1.9,64,0.0
2024-09-19,Sydney,19.1,13.9,0.7,68,20.2
2024-09-20,Mumbai,26.1,20.0,1.5,67,1.8
2024-09-20,London,15.3,5.7,1.2,40,14.9
2024-09-20,New York,17.4,8.3,2.4,48,30.4
2024-09-20,Tokyo,11.9,4.9,0.3,49,6.3
2024-09-20,Sydney,20.4,12.1,5.6,77,7.7
2024-09-21,Mumbai,29.5,22.7,4.6,75,23.4
2024-09-21,London,12.9,7.6,0.9,55,24.7
2024-09-21,New York,17.3,8.1,4.6,67,13.6
2024-09-21,Tokyo,14.2,3.5,0.1,87,8.5
2024-09-21,Sydney,23.5,12.4,1.7,56,29.0
2024-09-22,Mumbai,30.7,19.2,4.7,87,19.3
2024-09-22,London,14.4,6.0,1.5,88,41.2
2024-09-22,New York,16.1,9.3,0.9,76,24.9
2024-09-22,Tokyo,13.8,2.9,0.4,43,25.3
2024-09-22,Sydney,21.0,14.0,7.3,48,7.0
2024-09-23,Mumbai,27.9,19.8,0.4,48,0.5
2024-09-23,London,13.4,7.8,0.6,49,15.1
2024-09-23,New York,15.6,6.5,4.4,54,18.6
2024-09-23,Tokyo,13.7,5.9,0.1,73,37.3
2024-09-23,Sydney,19.6,13.0,1.6,76,42.3
2024-09-24,Mumbai,26.6,19.5,1.3,81,17.1
2024-09-24,London,11.6,8.3,0.8,62,31.6
2024-09-24,New York,17.2,6.6,6.8,41,12.1
2024-09-24,Tokyo,13.0,6.3,4.6,74,48.5
2024-09-24,Sydney,18.7,13.5,3.4,63,32.7
2024-09-25,Mumbai,28.3,16.9,3.0,45,12.0
2024-09-25,London,13.9,6.0,0.7,50,17.9
2024-09-25,New York,14.7,12.0,1.8,47,0.0
2024-09-25,Tokyo,13.7,5.0,0.2,51,20.6
2024-09-25,Sydney,20.5,13.7,0.1,52,34.7
2024-09-26,Mumbai,25.4,19.1,0.2,41,34.0
2024-09-26,London,12.9,5.3,2.5,68,19.8
2024-09-26,New York,16.7,9.7,3.2,81,11.4
2024-09-26,Tokyo,15.6,6.8,0.2,68,29.1
2024-09-26,Sydney,19.3,10.9,1.6,42,28.0
2024-09-27,Mumbai,28.5,20.3,1.5,41,24.3
2024-09-27,London,13.0,8.0,3.4,42,28.8
2024-09-27,New York,15.4,8.9,0.8,48,21.3
2024-09-27,Tokyo,11.7,4.1,5.2,81,22.5
2024-09-27,Sydney,20.5,11.6,6.5,52,22.7
2024-09-28,Mumbai,29.6,18.2,0.3,69,27.5
2024-09-28,London,12.5,6.9,0.5,79,15.6
2024-09-28,New York,16.0,8.7,3.0,82,12.7
2024-09-28,Tokyo,12.7,8.0,0.6,63,0.0
2024-09-28,Sydney,19.0,12.6,1.1,63,21.8
2024-09-29,Mumbai,25.6,17.7,6.2,70,27.4
2024-09-29,London,12.8,7.7,5.5,71,22.6
2024-09-29,New York,15.8,6.8,1.4,75,19.3
2024-09-29,Tokyo,13.7,6.4,5.3,73,25.6
2024-09-29,Sydney,24.7,10.1,15.8,60,8.2
2024-09-30,Mumbai,27.7,18.2,5.9,65,13.7
2024-09-30,London,14.1,7.9,1.9,53,19.8
2024-09-30,New York,15.8,6.1,0.7,84,30.5
2024-09-30,Tokyo,13.5,4.1,2.0,75,18.7
2024-09-30,Sydney,20.4,14.0,8.3,72,5.9
2024-10-01,Mumbai,28.2,20.2,1.4,80,14.5
2024-10-01,London,9.0,0.4,3.6,68,25.3
2024-10-01,New York,11.0,1.4,2.1,44,18.9
2024-10-01,Tokyo,9.2,2.9,7.5,54,29.0
2024-10-01,Sydney,24.8,15.9,6.5,67,45.4
2024-10-02,Mumbai,26.3,19.6,4.0,65,18.5
2024-10-02,London,8.8,2.0,2.1,57,22.2
2024-10-02,New York,9.8,0.5,1.6,50,38.8
2024-10-02,Tokyo,9.7,-0.3,5.3,72,0.0
2024-10-02,Sydney,27.3,16.6,6.3,53,27.4
2024-10-03,Mumbai,24.9,21.3,2.8,56,21.8
2024-10-03,London,8.7,2.3,1.6,63,4.7
2024-10-03,New York,12.4,1.7,7.5,40,25.1
2024-10-03,Tokyo,9.2,1.2,1.3,88,11.9
2024-10-03,Sydney,23.2,14.8,1.5,50,0.3
2024-10-04,Mumbai,27.4,19.2,0.5,62,26.3
2024-10-04,London,9.8,1.2,3.3,47,27.4
2024-10-04,New York,10.8,0.5,1.0,63,37.4
2024-10-04,Tokyo,8.3,1.5,2.4,66,19.7
2024-10-04,Sydney,27.9,14.9,0.7,52,43.8
2024-10-05,Mumbai,29.1,18.5,2.9,83,12.3
2024-10-05,London,8.4,-1.1,0.6,79,19.1
2024-10-05,New York,9.3,0.6,0.9,78,33.0
2024-10-05,Tokyo,10.9,1.8,2.0,79,41.2
2024-10-05,Sydney,24.9,19.4,3.1,43,12.4
2024-10-06,Mumbai,29.1,19.4,2.8,66,21.3
2024-10-06,London,9.8,2.3,0.1,49,15.1
2024-10-06,New York,11.9,2.9,0.1,66,24.7
2024-10-06,Tokyo,8.6,1.9,1.5,73,20.4
2024-10-06,Sydney,25.2,17.8,0.4,40,17.0
2024-10-07,Mumbai,29.9,19.3,0.9,89,26.7
2024-10-07,London,10.9,2.0,2.6,84,33.7
2024-10-07,New York,10.1,1.6,5.4,49,14.8
2024-10-07,Tokyo,10.0,2.3,4.2,66,24.0
2024-10-07,Sydney,23.5,14.9,6.1,83,19.5
2024-10-08,Mumbai,29.7,20.7,2.0,73,28.8
2024-10-08,London,8.4,1.0,5.3,61,18.3
2024-10-08,New York,10.9,2.4,0.6,76,12.4
2024-10-08,Tokyo,6.5,1.2,1.7,73,14.9
2024-10-08,Sydney,27.2,15.2,0.3,43,17.9
2024-10-09,Mumbai,27.5,18.8,6.5,60,21.5
2024-10-09,London,6.9,1.2,0.5,57,11.6
2024-10-09,New York,8.6,1.1,1.2,85,20.7
2024-10-09,Tokyo,10.3,0.6,6.9,65,0.0
2024-10-09,Sydney,24.5,15.3,4.7,71,23.8
2024-10-10,Mumbai,27.8,21.1,6.9,50,15.2
2024-10-10,London,7.8,2.6,4.7,84,38.3
2024-10-10,New York,9.3,0.5,3.0,60,21.1
2024-10-10,Tokyo,7.5,-1.0,0.5,76,21.0
2024-10-10,Sydney,24.9,14.6,0.3,48,17.8
2024-10-11,Mumbai,28.4,21.5,0.5,89,19.9
2024-10-11,London,8.8,0.9,2.2,65,17.9
2024-10-11,New York,11.8,3.8,1.4,84,15.3
2024-10-11,Tokyo,8.8,2.3,1.0,61,33.4
2024-10-11,Sydney,26.0,17.3,2.7,64,7.1
2024-10-12,Mumbai,26.8,20.0,10.4,82,13.9
2024-10-12,London,8.5,2.8,1.0,68,18.1
2024-10-12,New York,7.4,1.9,4.4,73,16.9
2024-10-12,Tokyo,8.1,-0.1,2.3,77,15.4
2024-10-12,Sydney,23.4,16.8,13.2,53,42.1
2024-10-13,Mumbai,28.9,19.8,3.1,55,10.1
2024-10-13,London,8.5,1.9,1.6,63,28.8
2024-10-13,New York,10.6,2.0,0.5,77,26.5
2024-10-13,Tokyo,10.6,1.3,1.7,59,32.2
2024-10-13,Sydney,22.8,18.3,0.8,81,24.6
2024-10-14,Mumbai,31.8,20.1,1.3,54,24.0
2024-10-14,London,7.7,2.9,1.6,44,25.2
2024-10-14,New York,9.9,0.8,0.4,75,29.1
2024-10-14,Tokyo,9.9,-0.0,0.1,56,16.5
2024-10-14,Sydney,22.4,18.2,1.3,64,14.6
2024-10-15,Mumbai,31.1,19.8,5.2,47,29.4
2024-10-15,London,7.6,-0.2,2.1,49,14.8
2024-10-15,New York,10.4,1.8,0.9,65,13.0
2024-10-15,Tokyo,11.7,1.8,1.7,77,24.9
2024-10-15,Sydney,23.2,15.2,13.9,82,2.4
2024-10-16,Mumbai,28.3,19.1,5.9,56,28.0
2024-10-16,London,10.9,-0.4,2.7,89,3.7
2024-10-16,New York,9.7,0.6,3.4,44,22.7
2024-10-16,Tokyo,9.1,2.2,4.3,81,26.8
2024-10-16,Sydney,24.7,17.2,1.6,61,23.2
2024-10-17,Mumbai,29.3,22.6,0.2,73,12.9
2024-10-17,London,8.5,1.1,0.5,46,9.8
2024-10-17,New York,12.3,0.8,1.1,47,25.4
2024-10-17,Tokyo,10.5,2.2,10.2,46,29.0
2024-10-17,Sydney,26.2,16.3,2.1,56,23.8
2024-10-18,Mumbai,29.8,18.9,0.7,87,30.3
2024-10-18,London,10.7,3.5,2.1,82,23.0
2024-10-18,New York,11.9,1.7,1.9,86,20.3
2024-10-18,Tokyo,10.0,1.0,1.6,64,30.0
2024-10-18,Sydney,25.4,14.1,1.4,80,15.4
2024-10-19,Mumbai,29.8,20.4,9.1,78,21.3
2024-10-19,London,10.1,-1.2,1.3,52,3.8
2024-10-19,New York,12.0,1.9,7.7,64,13.4
2024-10-19,Tokyo,8.6,3.1,2.9,68,8.4
2024-10-19,Sydney,26.3,15.5,0.9,49,29.7
2024-10-20,Mumbai,27.7,18.5,0.2,65,6.4
2024-10-20,London,8.5,0.1,5.9,57,28.8
2024-10-20,New York,10.7,5.1,3.7,45,24.3
2024-10-20,Tokyo,9.4,1.1,5.0,84,16.4
2024-10-20,Sydney,25.0,14.7,2.7,42,21.8
2024-10-21,Mumbai,29.0,20.6,1.0,85,18.3
2024-10-21,London,9.7,3.3,2.1,83,31.3
2024-10-21,New York,11.0,-0.6,0.7,65,29.9
2024-10-21,Tokyo,9.3,2.4,2.5,62,31.9
2024-10-21,Sydney,26.7,17.9,0.3,51,14.4
2024-10-22,Mumbai,25.2,21.0,4.8,68,31.1
2024-10-22,London,9.3,2.6,2.4,68,18.8
2024-10-22,New York,10.5,4.3,0.3,76,22.7
2024-10-22,Tokyo,9.2,1.1,1.3,41,23.2
2024-10-22,Sydney,26.1,15.6,0.6,89,10.8
2024-10-23,Mumbai,28.9,21.1,6.7,62,8.1
2024-10-23,London,9.1,0.8,2.4,66,29.1
2024-10-23,New York,7.7,2.9,0.2,75,33.7
2024-10-23,Tokyo,10.6,1.1,1.7,45,35.7
2024-10-23,Sydney,26.2,17.7,2.3,87,10.3
2024-10-24,Mumbai,28.8,20.3,4.3,74,18.5
2024-10-24,London,8.4,2.8,2.3,78,40.0
2024-10-24,New York,12.1,2.9,1.7,69,12.2
2024-10-24,Tokyo,9.6,2.5,6.3,61,33.3
2024-10-24,Sydney,20.9,16.3,1.3,89,23.5
2024-10-25,Mumbai,28.1,18.8,2.0,41,10.3
2024-10-25,London,7.3,2.2,0.9,85,13.3
2024-10-25,New York,8.7,3.8,4.2,87,13.1
2024-10-25,Tokyo,11.4,1.3,2.5,69,14.8
2024-10-25,Sydney,24.4,17.9,10.1,54,13.1
2024-10-26,Mumbai,30.1,20.4,5.8,75,46.4
2024-10-26,London,10.4,3.0,1.4,40,15.7
2024-10-26,New York,10.9,3.4,1.3,69,0.0
2024-10-26,Tokyo,10.3,1.6,1.2,72,20.9
2024-10-26,Sydney,26.2,17.3,2.5,70,15.2
2024-10-27,Mumbai,29.1,19.5,0.2,76,12.5
2024-10-27,London,11.1,2.6,0.0,48,11.3
2024-10-27,New York,9.3,2.8,1.6,53,12.7
2024-10-27,Tokyo,8.4,1.1,8.9,89,3.0
2024-10-27,Sydney,26.2,17.2,3.6,48,34.0
2024-10-28,Mumbai,27.3,19.2,4.7,54,0.0
2024-10-28,London,12.9,5.6,1.8,51,14.0
2024-10-28,New York,11.4,1.5,0.3,63,16.9
2024-10-28,Tokyo,9.5,2.8,8.1,70,14.9
2024-10-28,Sydney,24.2,17.1,1.6,69,29.8
2024-10-29,Mumbai,28.9,20.4,1.4,73,14.5
2024-10-29,London,9.6,4.8,4.0,72,18.7
2024-10-29,New York,7.1,3.8,4.7,45,42.4
2024-10-29,Tokyo,5.9,-2.8,4.8,58,24.9
2024-10-29,Sydney,23.4,17.2,15.0,84,20.1
2024-10-30,Mumbai,32.1,19.1,1.0,51,22.7
2024-10-30,London,10.5,2.2,1.0,82,13.7
2024-10-30,New York,9.8,3.3,2.4,69,14.6
2024-10-30,Tokyo,8.9,2.2,20.5,85,2.3
2024-10-30,Sydney,25.3,16.1,1.9,67,29.0
2024-10-31,Mumbai,29.3,16.9,0.8,84,16.9
2024-10-31,London,8.5,0.5,11.9,45,19.3
2024-10-31,New York,9.0,1.0,3.1,55,14.1
2024-10-31,Tokyo,7.6,1.6,3.1,68,24.0
2024-10-31,Sydney,22.8,13.8,3.7,66,19.9
2024-11-01,Mumbai,32.6,25.1,1.9,54,13.5
2024-11-01,London,5.2,-4.9,0.8,46,11.7
2024-11-01,New York,6.4,-1.5,1.5,85,0.0
2024-11-01,Tokyo,9.5,-2.8,5.9,58,38.1
2024-11-01,Sydney,26.7,19.1,0.1,56,19.4
2024-11-02,Mumbai,32.7,19.7,8.7,50,28.5
2024-11-02,London,4.8,-0.3,1.4,41,6.7
2024-11-02,New York,3.1,-6.0,0.6,77,11.0
2024-11-02,Tokyo,9.6,-1.9,4.2,69,16.6
2024-11-02,Sydney,26.2,22.9,0.9,76,8.3
2024-11-03,Mumbai,31.0,22.3,0.4,51,27.9
2024-11-03,London,5.1,-0.3,4.7,82,6.5
2024-11-03,New York,5.7,-2.1,1.5,64,16.7
2024-11-03,Tokyo,6.1,-0.9,2.1,49,0.0
2024-11-03,Sydney,28.7,15.9,0.9,68,10.8
2024-11-04,Mumbai,30.9,20.2,7.9,69,33.2
2024-11-04,London,7.9,-1.2,0.4,62,15.2
2024-11-04,New York,3.4,-3.1,9.5,68,26.7
2024-11-04,Tokyo,9.6,-1.4,1.6,41,22.6
2024-11-04,Sydney,27.6,18.6,0.5,45,20.8
2024-11-05,Mumbai,30.6,22.5,3.1,83,10.9
2024-11-05,London,4.3,-0.1,2.3,76,6.8
2024-11-05,New York,6.6,-2.4,0.7,63,13.7
2024-11-05,Tokyo,9.3,-3.4,2.5,88,35.0
2024-11-05,Sydney,27.9,19.1,1.2,55,29.1
2024-11-06,Mumbai,30.4,18.6,1.4,70,8.4
2024-11-06,London,2.8,1.4,11.1,89,21.4
2024-11-06,New York,5.8,-2.2,10.3,55,28.0
2024-11-06,Tokyo,6.9,-2.5,2.8,62,7.4
2024-11-06,Sydney,26.6,16.6,0.8,54,15.0
2024-11-07,Mumbai,29.2,19.7,3.5,69,29.7
2024-11-07,London,6.6,0.2,0.6,63,18.7
2024-11-07,New York,6.5,-3.4,12.2,70,18.0
2024-11-07,Tokyo,4.9,1.0,0.9,76,14.2
2024-11-07,Sydney,27.2,19.1,0.7,54,25.9
2024-11-08,Mumbai,32.4,21.8,5.1,41,26.9
2024-11-08,London,5.3,-1.1,2.4,73,34.5
2024-11-08,New York,10.0,-2.2,0.7,64,1.2
2024-11-08,Tokyo,9.6,-0.3,2.1,46,21.7
2024-11-08,Sydney,27.6,19.3,0.6,66,31.4
2024-11-09,Mumbai,30.9,21.7,5.4,66,3.7
2024-11-09,London,6.0,-1.4,1.9,40,18.5
2024-11-09,New York,6.4,-2.7,0.5,72,20.5
2024-11-09,Tokyo,7.3,0.3,3.4,53,21.0
2024-11-09,Sydney,29.1,17.5,2.8,84,37.1
2024-11-10,Mumbai,28.5,22.2,0.6,71,8.8
2024-11-10,London,6.6,-1.8,6.1,54,19.8
2024-11-10,New York,6.3,-1.3,2.2,56,30.2
2024-11-10,Tokyo,7.6,-0.0,3.2,86,18.6
2024-11-10,Sydney,24.6,17.0,1.0,60,6.0
2024-11-11,Mumbai,32.0,21.6,0.2,43,25.5
2024-11-11,London,5.5,-1.2,2.8,84,15.3
2024-11-11,New York,4.6,-3.9,0.8,51,20.1
2024-11-11,Tokyo,9.4,-0.3,0.1,51,23.8
2024-11-11,Sydney,31.3,17.5,5.9,59,10.7
2024-11-12,Mumbai,30.4,22.1,1.5,70,31.7
2024-11-12,London,5.1,-0.3,0.3,42,9.3
2024-11-12,New York,7.4,-3.8,6.1,65,13.2
2024-11-12,Tokyo,8.8,-1.1,0.2,84,18.2
2024-11-12,Sydney,26.9,18.4,3.7,69,13.0
2024-11-13,Mumbai,32.7,20.4,3.1,56,15.0
2024-11-13,London,7.1,0.0,3.9,59,16.4
2024-11-13,New York,4.6,-1.7,0.3,41,39.9
2024-11-13,Tokyo,8.3,-1.3,12.1,53,7.4
2024-11-13,Sydney,23.7,21.1,1.1,42,35.0
2024-11-14,Mumbai,30.9,21.7,2.9,55,26.0
2024-11-14,London,8.1,0.2,6.0,73,0.5
2024-11-14,New York,7.4,0.4,4.1,84,8.9
2024-11-14,Tokyo,9.1,-0.2,0.1,50,12.7
2024-11-14,Sydney,28.2,17.5,1.6,50,17.1
2024-11-15,Mumbai,33.1,25.1,0.3,49,21.7
2024-11-15,London,3.9,-0.1,3.1,82,18.2
2024-11-15,New York,4.3,-2.0,1.0,73,13.2
2024-11-15,Tokyo,7.7,-0.8,1.3,81,13.4
2024-11-15,Sydney,25.2,18.3,0.1,44,17.9
2024-11-16,Mumbai,30.6,22.4,3.1,49,26.4
2024-11-16,London,6.9,-3.4,1.2,67,20.0
2024-11-16,New York,6.5,-0.5,1.5,50,34.9
2024-11-16,Tokyo,7.8,-1.0,5.0,53,10.1
2024-11-16,Sydney,27.5,18.1,0.1,43,24.7
2024-11-17,Mumbai,33.4,23.2,3.5,70,16.1
2024-11-17,London,5.7,-0.0,1.0,60,19.5
2024-11-17,New York,8.5,-2.9,2.7,61,20.6
2024-11-17,Tokyo,8.7,-0.3,0.5,61,34.9
2024-11-17,Sydney,28.0,17.5,5.1,60,21.5
2024-11-18,Mumbai,29.5,22.1,1.9,81,10.3
2024-11-18,London,3.9,-2.0,3.9,44,22.6
2024-11-18,New York,4.0,1.2,0.7,52,17.0
2024-11-18,Tokyo,8.5,0.5,8.6,60,0.0
2024-11-18,Sydney,26.4,21.4,5.4,51,36.1
2024-11-19,Mumbai,32.5,20.2,1.2,81,39.4
2024-11-19,London,6.0,-1.0,0.7,76,22.5
2024-11-19,New York,5.8,-1.9,2.9,73,15.6
2024-11-19,Tokyo,7.1,0.2,5.2,88,19.5
2024-11-19,Sydney,25.0,18.0,0.9,88,26.2
2024-11-20,Mumbai,31.4,19.5,1.8,88,12.4
2024-11-20,London,5.9,1.1,0.7,57,30.8
2024-11-20,New York,4.7,-3.3,1.5,71,26.0
2024-11-20,Tokyo,6.6,0.7,1.8,82,19.2
2024-11-20,Sydney,24.6,17.9,3.1,48,38.8
2024-11-21,Mumbai,31.3,19.8,9.0,51,21.5
2024-11-21,London,6.9,0.0,6.0,56,11.7
2024-11-21,New York,3.8,-1.1,7.5,43,13.8
2024-11-21,Tokyo,9.1,-0.8,1.3,72,20.8
2024-11-21,Sydney,26.3,18.1,6.0,40,7.5
2024-11-22,Mumbai,31.7,23.4,14.7,52,20.3
2024-11-22,London,2.2,-0.1,1.2,46,18.9
2024-11-22,New York,3.7,-2.0,2.6,43,21.1
2024-11-22,Tokyo,6.0,0.5,0.9,80,26.7
2024-11-22,Sydney,28.6,20.4,5.7,88,25.7
2024-11-23,Mumbai,30.4,18.9,0.1,59,20.7
2024-11-23,London,7.6,0.0,0.4,68,30.5
2024-11-23,New York,6.2,-2.8,0.2,55,24.0
2024-11-23,Tokyo,6.6,1.2,0.8,80,19.7
2024-11-23,Sydney,28.2,19.9,2.0,70,14.5
2024-11-24,Mumbai,31.6,20.9,5.5,41,12.8
2024-11-24,London,7.0,-4.5,0.2,59,15.3
2024-11-24,New York,3.8,-1.8,2.2,46,15.3
2024-11-24,Tokyo,9.0,-0.5,0.3,68,11.8
2024-11-24,Sydney,26.5,16.9,5.2,45,8.5
2024-11-25,Mumbai,29.6,22.8,6.0,73,25.7
2024-11-25,London,5.3,-3.3,1.9,60,13.7
2024-11-25,New York,6.1,-2.4,4.2,68,23.2
2024-11-25,Tokyo,8.2,-1.9,1.0,81,8.9
2024-11-25,Sydney,28.3,17.2,3.2,45,8.1
2024-11-26,Mumbai,29.8,21.3,7.5,61,14.2
2024-11-26,London,7.7,0.3,7.9,61,31.2
2024-11-26,New York,6.3,-1.6,2.5,76,14.0
2024-11-26,Tokyo,8.1,2.0,0.8,82,26.2
2024-11-26,Sydney,29.0,20.1,0.0,83,5.1
2024-11-27,Mumbai,32.1,22.5,1.3,69,21.5
2024-11-27,London,6.1,-1.2,1.2,47,28.6
2024-11-27,New York,2.8,-1.3,14.6,87,20.1
2024-11-27,Tokyo,7.4,1.0,4.7,74,10.1
2024-11-27,Sydney,26.2,16.9,1.6,44,13.3
2024-11-28,Mumbai,30.4,20.9,0.1,52,15.2
2024-11-28,London,4.5,-2.1,0.4,47,12.1
2024-11-28,New York,7.8,-1.5,2.2,55,18.2
2024-11-28,Tokyo,6.8,0.1,6.9,46,28.6
2024-11-28,Sydney,27.7,19.4,5.7,63,15.4
2024-11-29,Mumbai,28.6,22.0,0.4,86,12.5
2024-11-29,London,6.4,-0.6,2.2,42,22.2
2024-11-29,New York,4.4,-2.6,0.5,47,16.8
2024-11-29,Tokyo,7.2,0.0,1.0,84,12.0
2024-11-29,Sydney,26.8,17.9,1.0,75,19.0
2024-11-30,Mumbai,30.9,21.2,3.1,57,7.2
2024-11-30,London,4.8,2.1,0.7,53,32.2
2024-11-30,New York,4.9,-1.2,0.8,47,22.5
2024-11-30,Tokyo,7.4,-3.1,2.5,70,16.9
2024-11-30,Sydney,26.5,19.0,1.8,46,30.1
2024-12-01,Mumbai,34.3,25.0,2.6,47,13.9
2024-12-01,London,5.4,0.1,4.3,77,22.4
2024-12-01,New York,7.6,-4.5,3.9,41,23.7
2024-12-01,Tokyo,7.7,4.2,1.0,78,31.3
2024-12-01,Sydney,26.8,21.5,0.1,72,25.7
2024-12-02,Mumbai,31.7,24.4,1.3,64,30.9
2024-12-02,London,6.7,-1.2,1.0,66,36.8
2024-12-02,New York,4.5,-4.5,6.0,46,15.4
2024-12-02,Tokyo,10.8,2.5,0.6,52,14.3
2024-12-02,Sydney,29.9,22.2,5.7,46,17.7
2024-12-03,Mumbai,33.5,24.2,10.0,70,28.6
2024-12-03,London,3.4,-4.8,1.4,77,19.1
2024-12-03,New York,2.1,-4.5,15.2,56,20.7
2024-12-03,Tokyo,9.4,-0.5,4.0,74,32.7
2024-12-03,Sydney,27.1,18.2,0.0,42,16.8
2024-12-04,Mumbai,34.4,23.9,4.1,69,28.2
2024-12-04,London,4.6,-0.9,1.3,42,26.8
2024-12-04,New York,5.2,-6.0,3.1,41,19.1
2024-12-04,Tokyo,11.1,-0.1,3.4,75,19.1
2024-12-04,Sydney,28.6,20.7,0.5,86,8.2
2024-12-05,Mumbai,34.7,21.2,1.4,40,28.7
2024-12-05,London,6.1,-3.9,2.2,75,13.5
2024-12-05,New York,3.9,-8.9,2.3,46,17.5
2024-12-05,Tokyo,11.7,1.6,16.8,77,10.6
2024-12-05,Sydney,28.2,15.0,7.1,52,17.6
2024-12-06,Mumbai,32.2,22.9,0.0,74,16.8
2024-12-06,London,7.0,-1.7,13.8,72,39.7
2024-12-06,New York,3.7,-4.9,1.5,78,18.8
2024-12-06,Tokyo,8.6,0.4,3.6,77,12.9
2024-12-06,Sydney,30.9,16.8,14.8,56,16.9
2024-12-07,Mumbai,31.9,23.7,2.2,73,21.0
2024-12-07,London,4.3,-2.4,1.9,50,24.4
2024-12-07,New York,4.4,-5.2,0.9,65,28.7
2024-12-07,Tokyo,7.8,3.1,2.6,58,15.8
2024-12-07,Sydney,26.2,20.0,1.3,41,16.4
2024-12-08,Mumbai,33.9,24.7,0.7,77,22.8
2024-12-08,London,6.3,-5.6,2.0,76,22.5
2024-12-08,New York,3.4,-6.1,4.2,56,16.9
2024-12-08,Tokyo,9.2,1.1,1.5,87,14.7
2024-12-08,Sydney,29.1,21.8,4.6,70,12.4
2024-12-09,Mumbai,31.9,22.7,2.8,74,25.9
2024-12-09,London,4.4,-0.7,1.6,49,30.9
2024-12-09,New York,4.2,-3.8,1.4,61,25.4
2024-12-09,Tokyo,9.1,-1.0,2.9,58,21.4
2024-12-09,Sydney,26.6,18.6,1.6,44,20.8
2024-12-10,Mumbai,32.5,24.7,5.1,69,16.0
2024-12-10,London,4.8,-2.1,3.2,42,14.7
2024-12-10,New York,3.8,-3.4,0.4,65,12.9
2024-12-10,Tokyo,9.2,5.4,0.1,84,40.0
2024-12-10,Sydney,28.9,20.5,0.8,87,32.3
2024-12-11,Mumbai,29.2,24.3,4.0,75,26.1
2024-12-11,London,5.8,-1.2,0.7,64,19.7
2024-12-11,New York,7.4,-4.7,1.1,71,10.3
2024-12-11,Tokyo,10.8,2.1,4.8,44,33.2
2024-12-11,Sydney,27.3,19.8,0.9,77,29.4
2024-12-12,Mumbai,34.3,25.1,3.4,68,24.6
2024-12-12,London,7.8,-1.1,3.8,43,31.9
2024-12-12,New York,5.8,-1.1,3.4,58,26.4
2024-12-12,Tokyo,8.3,0.3,4.2,87,24.4
2024-12-12,Sydney,26.4,18.2,1.7,46,5.6
2024-12-13,Mumbai,34.3,22.8,1.6,47,24.4
2024-12-13,London,4.1,-0.3,1.9,75,19.7
2024-12-13,New York,4.5,-2.5,3.4,55,28.1
2024-12-13,Tokyo,9.4,2.3,2.6,47,24.7
2024-12-13,Sydney,28.3,19.1,0.4,50,17.6
2024-12-14,Mumbai,32.9,25.9,0.4,69,32.2
2024-12-14,London,7.9,-0.2,1.1,45,8.6
2024-12-14,New York,6.0,-5.5,2.1,58,27.8
2024-12-14,Tokyo,9.4,2.0,0.4,74,26.4
2024-12-14,Sydney,26.9,21.4,3.7,52,21.8
2024-12-15,Mumbai,32.8,22.6,6.1,85,20.9
2024-12-15,London,3.1,-1.7,1.2,48,24.7
2024-12-15,New York,4.2,-3.9,0.5,40,13.8
2024-12-15,Tokyo,8.9,0.3,0.5,73,7.9
2024-12-15,Sydney,26.8,19.7,7.7,82,22.1
2024-12-16,Mumbai,32.4,23.2,0.1,87,6.8
2024-12-16,London,3.4,-2.1,0.9,87,26.9
2024-12-16,New York,2.7,-4.8,0.4,42,30.8
2024-12-16,Tokyo,12.1,0.7,0.1,47,18.5
2024-12-16,Sydney,27.9,18.9,0.5,89,4.2
2024-12-17,Mumbai,34.2,26.5,2.6,57,18.7
2024-12-17,London,4.9,0.0,0.3,77,4.4
2024-12-17,New York,4.1,-4.7,3.2,54,15.3
2024-12-17,Tokyo,7.8,3.5,0.9,76,17.1
2024-12-17,Sydney,26.8,22.7,0.2,40,20.4
2024-12-18,Mumbai,31.4,24.1,0.6,54,20.9
2024-12-18,London,4.7,0.4,3.1,75,18.2
2024-12-18,New York,2.8,-4.7,1.1,62,31.8
2024-12-18,Tokyo,6.7,2.7,0.8,77,14.9
2024-12-18,Sydney,25.4,22.0,1.1,60,20.8
2024-12-19,Mumbai,30.8,22.2,4.5,80,1.2
2024-12-19,London,4.8,-2.8,3.7,63,26.1
2024-12-19,New York,3.9,-2.6,6.5,86,20.0
2024-12-19,Tokyo,10.9,2.7,1.5,53,27.3
2024-12-19,Sydney,30.5,17.1,2.3,49,27.6
2024-12-20,Mumbai,31.4,24.5,2.2,70,31.6
2024-12-20,London,2.7,-2.4,1.2,80,14.5
2024-12-20,New York,3.4,-7.3,0.5,74,13.8
2024-12-20,Tokyo,8.2,0.7,9.0,45,25.9
2024-12-20,Sydney,28.5,20.1,2.2,83,26.0
2024-12-21,Mumbai,33.9,23.5,6.7,88,8.6
2024-12-21,London,3.2,-2.8,1.4,59,8.7
2024-12-21,New York,5.1,-4.8,0.1,89,14.1
2024-12-21,Tokyo,9.2,2.5,2.1,78,21.9
2024-12-21,Sydney,25.8,21.3,0.6,60,15.8
2024-12-22,Mumbai,33.9,24.6,2.7,72,17.4
2024-12-22,London,5.3,-1.6,9.2,50,17.2
2024-12-22,New York,4.7,-5.2,0.5,64,24.9
2024-12-22,Tokyo,5.3,0.3,1.2,46,10.7
2024-12-22,Sydney,27.5,21.7,1.3,40,24.8
2024-12-23,Mumbai,32.5,23.9,1.1,75,29.5
2024-12-23,London,4.4,-0.4,24.2,79,9.7
2024-12-23,New York,4.0,-0.6,0.7,55,12.9
2024-12-23,Tokyo,7.1,-0.0,7.1,71,10.6
2024-12-23,Sydney,27.1,18.8,3.8,62,35.1
2024-12-24,Mumbai,34.1,25.7,0.3,40,5.0
2024-12-24,London,3.5,-1.4,5.8,49,25.8
2024-12-24,New York,2.7,-4.4,1.2,61,7.8
2024-12-24,Tokyo,9.9,2.3,2.4,53,22.1
2024-12-24,Sydney,28.7,20.1,1.9,68,20.7
2024-12-25,Mumbai,33.6,26.2,6.3,43,28.0
2024-12-25,London,7.8,-2.7,2.1,59,8.9
2024-12-25,New York,6.7,-6.1,5.5,67,13.4
2024-12-25,Tokyo,10.8,1.3,1.6,44,4.4
2024-12-25,Sydney,31.1,21.7,4.3,83,13.6
2024-12-26,Mumbai,33.5,23.7,0.2,45,10.1
2024-12-26,London,6.9,-1.5,3.3,88,11.9
2024-12-26,New York,4.3,-3.2,0.7,80,42.5
2024-12-26,Tokyo,8.3,3.1,2.3,70,12.8
2024-12-26,Sydney,29.1,21.1,1.6,50,24.8
2024-12-27,Mumbai,31.2,25.1,0.6,66,39.6
2024-12-27,London,5.2,-0.7,5.5,47,25.1
2024-12-27,New York,1.5,-4.2,1.4,60,11.5
2024-12-27,Tokyo,11.2,2.6,1.1,47,14.1
2024-12-27,Sydney,29.1,18.5,0.5,69,4.4
2024-12-28,Mumbai,33.0,24.1,2.2,51,10.7
2024-12-28,London,5.4,-2.7,6.9,47,32.2
2024-12-28,New York,5.6,-5.4,3.0,67,10.9
2024-12-28,Tokyo,8.0,2.4,4.1,76,19.2
2024-12-28,Sydney,27.9,21.6,3.2,43,9.9
2024-12-29,Mumbai,32.6,23.6,5.8,83,15.2
2024-12-29,London,3.5,0.6,0.4,89,19.4
2024-12-29,New York,4.3,-1.7,2.2,62,6.0
2024-12-29,Tokyo,6.8,-1.5,2.0,49,22.1
2024-12-29,Sydney,26.6,21.4,7.5,75,19.0
2024-12-30,Mumbai,32.3,21.7,2.5,44,26.3
2024-12-30,London,4.9,-1.9,0.6,66,5.5
2024-12-30,New York,3.1,-4.3,1.9,46,14.9
2024-12-30,Tokyo,8.5,-0.9,1.6,88,26.1
2024-12-30,Sydney,28.8,18.9,0.3,53,24.4
2024-12-31,Mumbai,31.2,23.2,1.7,48,12.1
2024-12-31,London,4.2,-0.8,5.4,50,29.1
2024-12-31,New York,3.4,-3.6,7.1,78,1.2
2024-12-31,Tokyo,11.8,0.0,0.3,43,17.1
2024-12-31,Sydney,28.5,18.5,1.2,68,16.8
